6G,51,90,西安铁路局 宝鸡电力机务段,,
6K,1,85,郑州铁路局 洛阳机务段,,
8G,1,1,太原铁路局 太原北机务段、侯马机务段、石家庄电力机务段,,
8G,2,2,中国铁道博物馆,,
8G,3,75,太原铁路局 太原北机务段、侯马机务段、石家庄电力机务段,,
8G,76,76,太原铁路局 太原机务段北场,,
8G,77,96,太原铁路局 太原北机务段、侯马机务段、石家庄电力机务段,,
8G,97,97,太原铁路局 榆次机务折返段,,
8G,98,100,太原铁路局 太原北机务段、侯马机务段、石家庄电力机务段,,
8K,1,1,北京铁路局 丰台机务段,,
8K,2,7,*北京铁路局 丰台西段、丰台段；太原铁路局 大同西段、湖东段,,
8K,8,8,中国铁道博物馆,*科技号,
8K,9,17,*北京铁路局 丰台西段、丰台段；太原铁路局 大同西段、湖东段,,
8K,18,18,*北京铁路局 丰台机务段,,
8K,19,23,*北京铁路局 丰台西段、丰台段；太原铁路局 大同西段、湖东段,,
8K,24,24,太原铁路局 湖东机务段 大同西运用车间,,
8K,25,64,*北京铁路局 丰台西段、丰台段；太原铁路局 大同西段、湖东段,,
8K,65,65,天津铁道职业技术学院,,
8K,66,71,*北京铁路局 丰台西段、丰台段；太原铁路局 大同西段、湖东段,,
8K,72,72,北京铁路局 丰台机务段,,
8K,73,90,*北京铁路局 丰台西段、丰台段；太原铁路局 大同西段、湖东段,,
8K,91,91,太原铁路局 太原机务段北场 机车展场,,
8K,92,100,*北京铁路局 丰台西段、丰台段；太原铁路局 大同西段、湖东段,,
DJ1,1,1,中国铁道科学研究院 环形铁道,,
DJ1,2,2,株洲西门子牵引设备有限公司,,
DJ1,3,3,西安铁路局 宝鸡机务段 秦岭附加队 ,,
DJ2,1,1,郑州铁路局 郑州机务段京武快车队,奥星,
DJ2,2,3,郑州铁路局 郑州机务段,奥星,
HXD1D,1,15,武汉铁路局集团有限公司 武昌南机务段,,
HXD1D,16,16,上海铁路局集团有限公司 杭州机务段,,
HXD1D,17,17,南昌铁路局集团有限公司 南昌机务段,,
HXD1D,18,18,南昌铁路局集团有限公司 鹰潭机务段,,
HXD1D,19,19,上海铁路局集团有限公司 杭州机务段,,
HXD1D,20,20,南昌铁路局集团有限公司 南昌机务段,,
HXD1D,21,21,上海铁路局集团有限公司 杭州机务段,,
HXD1D,22,24,南昌铁路局集团有限公司 南昌机务段,,
HXD1D,25,25,南昌铁路局集团有限公司 鹰潭机务段,,
HXD1D,26,26,南昌铁路局集团有限公司 南昌机务段,,
HXD1D,27,27,上海铁路局集团有限公司 杭州机务段,,
HXD1D,28,28,南昌铁路局集团有限公司 鹰潭机务段,,
HXD1D,29,34,南昌铁路局集团有限公司 南昌机务段,,
HXD1D,35,35,上海铁路局集团有限公司 杭州机务段,,
HXD1D,36,38,兰州铁路局集团有限公司 兰州西机务段,,
HXD1D,39,39,中国铁路济南局集团有限公司 济南机务段,,
HXD1D,40,50,兰州铁路局集团有限公司 兰州西机务段,,
HXD1D,51,75,乌鲁木齐铁路局集团有限公司 乌鲁木齐机务段,,
HXD1D,76,105,兰州铁路局集团有限公司 兰州西机务段,,
HXD1D,106,137,上海铁路局集团有限公司 上海机务段,,
HXD1D,138,168,上海铁路局集团有限公司 杭州机务段,,
HXD1D,169,175,上海铁路局集团有限公司 上海机务段,,
HXD1D,176,185,武汉铁路局集团有限公司 武昌南机务段,,
HXD1D,186,187,南昌铁路局集团有限公司 鹰潭机务段,,
HXD1D,188,188,南昌铁路局集团有限公司 南昌机务段,,
HXD1D,189,190,南昌铁路局集团有限公司 鹰潭机务段,,
HXD1D,191,232,南昌铁路局集团有限公司 南昌机务段,,
HXD1D,233,233,南昌铁路局集团有限公司 鹰潭机务段,,
HXD1D,234,237,南昌铁路局集团有限公司 南昌机务段,,
HXD1D,238,257,广州铁路（集团）公司 广州机务段,,
HXD1D,258,270,武汉铁路局集团有限公司 武昌南机务段,,
HXD1D,271,275,乌鲁木齐铁路局集团有限公司 乌鲁木齐机务段,,
HXD1D,276,279,上海铁路局集团有限公司 上海机务段,,
HXD1D,280,289,上海铁路局集团有限公司 徐州机务段,,
HXD1D,290,291,南昌铁路局集团有限公司 南昌机务段,,
HXD1D,292,293,南昌铁路局集团有限公司 鹰潭机务段,,
HXD1D,294,295,南昌铁路局集团有限公司 南昌机务段,,
HXD1D,296,300,广州铁路（集团）公司 广州机务段,,
HXD1D,301,310,武汉铁路局集团有限公司 武昌南机务段,,
HXD1D,311,320,乌鲁木齐铁路局集团有限公司 乌鲁木齐机务段,,
HXD1D,321,340,青藏铁路集团有限公司 西宁机务段,,
HXD1D,341,362,乌鲁木齐铁路局集团有限公司 乌鲁木齐机务段,,
HXD1D,363,382,广州铁路（集团）公司 广州机务段,,
HXD1D,383,392,南昌铁路局集团有限公司 南昌机务段,,
HXD1D,393,405,上海铁路局集团有限公司 上海机务段,,
HXD1D,406,415,兰州铁路局集团有限公司 兰州西机务段,,
HXD1D,416,430,广州铁路（集团）公司 长沙机务段,,
HXD1D,431,440,南昌铁路局集团有限公司 南昌机务段,,
HXD1D,441,445,南昌铁路局集团有限公司 南昌机务段,,
HXD1D,446,450,乌鲁木齐铁路局集团有限公司 乌鲁木齐机务段,,
HXD1D,451,460,武汉铁路局集团有限公司 武昌南机务段,,
HXD1D,461,470,广州铁路（集团）公司 广州机务段,,
HXD1D,471,478,兰州铁路局集团有限公司 兰州西机务段,,
HXD1D,479,483,上海铁路局集团有限公司 上海机务段,,
HXD1D,484,488,上海铁路局集团有限公司 杭州机务段,,
HXD1D,489,490,上海铁路局集团有限公司 杭州机务段,,
HXD1D,491,510,郑州铁路局集团有限公司 郑州机务段,,
HXD1D,511,512,上海铁路局集团有限公司 徐州机务段,,
HXD1D,513,515,上海铁路局集团有限公司 上海机务段,,
HXD1D,516,520,南昌铁路局集团有限公司 南昌机务段,,
HXD1D,521,534,广州铁路（集团）公司 广州机务段,,
HXD1D,522,522,广州铁路职业技术学院,,
HXD1D,535,544,南昌铁路局集团有限公司 南昌机务段,,
HXD1D,545,551,上海铁路局集团有限公司 上海机务段,,
HXD1D,552,554,上海铁路局集团有限公司 杭州机务段,,
HXD1D,555,559,郑州铁路局集团有限公司 郑州机务段,,
HXD1D,560,564,乌鲁木齐铁路局集团有限公司 乌鲁木齐机务段,,
HXD1D,565,570,广州铁路（集团）公司 广州机务段,,
HXD1D,571,585,南昌铁路局集团有限公司 南昌机务段,,
HXD1D,586,595,上海铁路局集团有限公司 杭州机务段,,
HXD1D,596,613,兰州铁路局集团有限公司 兰州西机务段,,
HXD1D,614,623,广州铁路（集团）公司 广州机务段,,
HXD1D,624,633,上海铁路局集团有限公司 上海机务段,,
HXD1D,634,636,乌鲁木齐铁路局集团有限公司 乌鲁木齐机务段,,
HXD1D,637,644,郑州铁路局集团有限公司 郑州机务段,,
HXD1D,645,660,郑州铁路局集团有限公司 郑州机务段,,
HXD1D,661,668,武汉铁路局集团有限公司 武昌南机务段,,
HXD1D,669,673,乌鲁木齐铁路局集团有限公司 乌鲁木齐机务段,,
HXD1D,674,678,郑州铁路局集团有限公司 郑州机务段,,
HXD1D,679,682,上海铁路局集团有限公司 上海机务段,,
HXD1D,683,683,上海铁路局集团有限公司 徐州机务段,,
HXD1D,684,684,上海铁路局集团有限公司 徐州机务段,,
HXD1D,685,689,青藏铁路集团有限公司 格尔木机务段,,
HXD1D,1898,1898,上海铁路局集团有限公司 上海机务段,周恩来号,
HXD1D-J,1,3,青藏铁路集团有限公司 拉萨动车运用所,,
HXD1D-J,1001,1009,昆明铁路局集团有限公司 昆明动车运用所,,
HXD1D-J,1010,1013,青藏铁路集团有限公司 格尔木机务段,,
HXD1D-J,1014,1019,成都铁路局集团有限公司 成都动车运用所,,
HXD1D-J,1020,1027,昆明铁路局集团有限公司 昆明动车运用所,,
HXD3C,446,446,广州铁路（集团）公司 广州机务段,,
HXD3C,805,809,广州铁路（集团）公司 ,,
HXD3C,810,819,中国铁路南宁局集团有限公司,,
HXD3C,820,829,中国铁路武汉局集团有限公司,,
HXD3C,896,925,中国铁路沈阳局集团有限公司,,
HXD3C,926,930,中国铁路南宁局集团有限公司,,
HXD3C,931,945,中国铁路北京局集团有限公司,,
HXD3C,946,955,中国铁路济南局集团有限公司,,
HXD3C,956,965,中国铁路郑州局集团有限公司,,
HXD3C,966,974,中国铁路济南局集团有限公司,,
HXD3D,1,10,沈阳铁路局集团有限公司 沈阳机务段,,
HXD3D,11,25,西安铁路局集团有限公司 西安机务段,,
HXD3D,26,34,兰州铁路局集团有限公司 兰州西机务段,,
HXD3D,35,35,兰州铁路局集团有限公司 迎水桥机务段,雷锋号,
HXD3D,36,38,兰州铁路局集团有限公司 兰州西机务段,,
HXD3D,39,39,济南铁路局集团有限公司 济南机务段,共青团号,
HXD3D,40,40,兰州铁路局集团有限公司 兰州西机务段,,
HXD3D,41,50,西安铁路局集团有限公司 西安机务段,,
HXD3D,51,70,北京铁路局集团有限公司 北京机务段,,
HXD3D,71,90,南昌铁路局集团有限公司 南昌机务段,,
HXD3D,91,115,兰州铁路局集团有限公司 兰州西机务段,,
HXD3D,116,135,昆明铁路局集团有限公司 昆明机务段,,
HXD3D,136,145,北京铁路局集团有限公司 北京机务段,,
HXD3D,146,150,呼和浩特铁路局集团有限公司 集宁机务段,,
HXD3D,151,155,沈阳铁路局集团有限公司 沈阳机务段,,
HXD3D,156,160,南昌铁路局集团有限公司 南昌机务段,,
HXD3D,161,165,北京铁路局集团有限公司 北京机务段,,
HXD3D,166,170,西安铁路局集团有限公司 西安机务段,,
HXD3D,171,180,兰州铁路局集团有限公司 兰州西机务段,,
HXD3D,181,190,济南铁路局集团有限公司 济南机务段,,
HXD3D,191,245,沈阳铁路局集团有限公司 沈阳机务段,,
HXD3D,246,255,北京铁路局集团有限公司 北京机务段,,
HXD3D,256,265,呼和浩特铁路局集团有限公司 集宁机务段,,
HXD3D,266,290,兰州铁路局集团有限公司 兰州西机务段,,
HXD3D,291,300,沈阳铁路局集团有限公司 沈阳机务段,,
HXD3D,301,310,济南铁路局集团有限公司 济南机务段,,
HXD3D,310,315,昆明铁路局集团有限公司 昆明机务段,,
HXD3D,316,320,南昌铁路局集团有限公司 南昌机务段,,
HXD3D,321,322,呼和浩特铁路局集团有限公司 集宁机务段,,
HXD3D,323,325,北京铁路局集团有限公司 北京机务段,,
HXD3D,326,333,西安铁路局集团有限公司 西安机务段,,
HXD3D,334,340,西安铁路局集团有限公司 安康机务段,,
HXD3D,341,345,沈阳铁路局集团有限公司 沈阳机务段,,
HXD3D,346,346,成都铁路局集团有限公司 重庆机务段,,
HXD3D,351,351,成都铁路局集团有限公司 重庆机务段,,
HXD3D,356,365,西安铁路局集团有限公司 安康机务段,,
HXD3D,366,369,北京铁路局集团有限公司 北京机务段,,
HXD3D,370,382,呼和浩特铁路局集团有限公司 集宁机务段,,
HXD3D,383,392,昆明铁路局集团有限公司 昆明机务段,,
HXD3D,393,397,兰州铁路局集团有限公司 兰州西机务段,,
HXD3D,398,402,西安铁路局集团有限公司 西安机务段,,
HXD3D,403,417,西安铁路局集团有限公司 西安机务段,,
HXD3D,418,419,哈尔滨铁路局集团有限公司 牡丹江机务段,,
HXD3D,420,424,北京铁路局集团有限公司 北京机务段,,
HXD3D,425,429,呼和浩特铁路局集团有限公司 集宁机务段,,
HXD3D,430,433,哈尔滨铁路局集团有限公司 牡丹江机务段,,
HXD3D,434,443,南昌铁路局集团有限公司 南昌机务段,,
HXD3D,444,449,济南铁路局集团有限公司 济南机务段,,
HXD3D,450,464,西安铁路局集团有限公司 西安机务段,,
HXD3D,465,468,济南铁路局集团有限公司 济南机务段,,
HXD3D,469,473,济南铁路局集团有限公司 济南机务段,,
HXD3D,474,479,昆明铁路局集团有限公司 昆明机务段,,
HXD3D,480,484,南昌铁路局集团有限公司 南昌机务段,,
HXD3D,485,489,西安铁路局集团有限公司 西安机务段,,
HXD3D,490,499,北京铁路局集团有限公司 北京机务段,,
HXD3D,500,503,哈尔滨铁路局集团有限公司 牡丹江机务段,,
HXD3D,504,514,沈阳铁路局集团有限公司 沈阳机务段,,
HXD3D,515,515,成都铁路局集团有限公司 重庆机务段,,
HXD3D,516,518,沈阳铁路局集团有限公司 沈阳机务段,,
HXD3D,519,528,西安铁路局集团有限公司 西安机务段,,
HXD3D,529,538,北京铁路局集团有限公司 北京机务段,,
HXD3D,539,541,呼和浩特铁路局集团有限公司 集宁机务段,,
HXD3D,542,553,西安铁路局集团有限公司 西安机务段,,
HXD3D,554,563,济南铁路局集团有限公司 济南机务段,,
HXD3D,564,568,昆明铁路局集团有限公司 昆明机务段,,
HXD3D,569,573,成都铁路局集团有限公司 重庆机务段,,
HXD3D,574,583,济南铁路局集团有限公司 济南机务段,,
HXD3D,584,584,沈阳铁路局集团有限公司 沈阳机务段,,
HXD3D,585,609,哈尔滨铁路局集团有限公司 三棵树机务段,,
HXD3D,610,611,北京铁路局集团有限公司 北京机务段,,
HXD3D,612,621,南昌铁路局集团有限公司 南昌机务段,,
HXD3D,622,626,南昌铁路局集团有限公司 南昌机务段,,
HXD3D,627,629,哈尔滨铁路局集团有限公司 三棵树机务段,,
HXD3D,630,630,哈尔滨铁路局集团有限公司 哈尔滨机务段,,
HXD3D,631,631,西安铁路局集团有限公司 西安机务段,第五代“钢人铁马号”,
HXD3D,632,653,沈阳铁路局集团有限公司 沈阳机务段,,
HXD3D,654,673,沈阳铁路局集团有限公司 沈阳机务段,,
HXD3D,674,681,沈阳铁路局集团有限公司 沈阳机务段,,
HXD3D,682,688,兰州铁路局集团有限公司 兰州西机务段,,
HXD3D,1886,1886,哈尔滨铁路局集团有限公司 哈尔滨机务段,第五代“朱德号”,
HXD3D,1893,1893,北京铁路局集团有限公司 丰台机务段,第六代“毛泽东号”,
HXD3D,1921,1921,沈阳铁路局集团有限公司 沈阳机务段,共产党员号,
HXD3D,7001,7002,广西沿海铁路股份有限公司 南宁南机务运用段,,
HXD3D,7003,7003,吉林铁道职业技术学院,,
HXD3D,8001,8025,沈阳铁路局集团有限公司 沈阳机务段,,大同
HXD3D,8026,8028,太原铁路局集团有限公司 太原南机务段,,大同
东方红2,1,50,,,资阳
东风,1201,1830,,,大连、成都
东风,2001,2094,,,戚墅堰
东风11,1,459,,,戚墅堰
东风12,8001,8001,吉林铁道职业技术学院,,
东风2,3201,3348,,,戚墅堰
东风21,1,5,中国铁路昆明局集团有限公司 昆明机务段,,
东风21,6,6,中国铁路昆明局集团有限公司 昆明机务段,状元号,
东风21,7,7,中国铁路昆明局集团有限公司 昆明机务段,亲年号,
东风21,8,8,中国铁路昆明局集团有限公司 昆明机务段,建水古城,
东风21,9,100,中国铁路昆明局集团有限公司 昆明机务段,,
东风21,101,101,中国铁路昆明局集团有限公司 昆明机务段,异龙号,
东风21,102,102,中国铁路昆明局集团有限公司 昆明机务段,,
东风21,1001,1002,云南钢铁厂,,
东风2Z,3251,3251,*齐齐哈尔铁路局 加格达奇机务段,,
东风3,3243,3243,中车共享城机车公园,,
东风4,3247,3247,中车成都轨道交通产业园,,
东风4B,1001,1999,,,大连
东风4B,1963,1963,*北京铁路局 丰台机务段,,
东风4B,2101,2685,,,大连
东风4B,2104,2104,*上海铁路局 蚌埠机务段,,
东风4B,2376,2376,*南昌铁路局 鹰潭机务段,,
东风4B,3101,3999,,,资阳
东风4B,3214,3214,*浙江金温铁道开发有限公司 温州机务段,,
东风4B,3249,3249,*西安铁路局 西安机务段,,
东风4B,3390,3390,*成都铁路局 重庆机务段,,
东风4B,3593,3593,*广州铁路（集团）公司 株洲机务段,,
东风4B,6001,6587,,,大同
东风4B,6530,6530,*南宁铁路局 南宁机务段,,
东风4B,7001,7363,,,大连
东风4B,7364,7365,,,四方
东风4B,7366,7796,,,大连
东风4B,7701,7732,,,戚墅堰改
东风4B,9001,9702,,,资阳
东风4B,9167,9167,*南昌铁路局 向塘机务段,,
东风4B,9531,9531,*新长铁路公司,,
东风4C,1,10,,,大同
东风4C,11,11,北京铁路局 丰台段,青年文明号,
东风4C,12,40,,,大同
东风4C,2001,2006,,,四方
东风4C,4001,4465,,,大连
东风4C,4466,4466,四方机车车辆厂,,四方
东风4C,5001,5273,,,资阳
东风4C,5274,5275,三茂铁路公司 三水机务段,东风4CK,
东风4C,5276,5335,,,资阳
东风4D,7001,7021,中国铁路南宁局集团有限公司,,
东风5,1,1,中国铁路北京局集团有限公司 北京车辆段,,
东风5,1974,1975,中国铁路兰州局集团有限公司 兰州西机务段,,唐山
东风5,1976,2082,,,唐山
东风5,2083,2083,中国石油兰州石化公司,,唐山
东风5,3279,3279,云南铁路博物馆,,
东风6,1,2,*沈阳铁路局 大连机务段,,
东风6,3,3,沈阳铁路陈列馆,,
东风6,4,4,*沈阳铁路局 大连机务段,,
东风7,174,174,太原机务段北场,,
东风7B,3006,3006,中国铁道博物馆,,
东风7B,3015,3015,王坪村铁路公园,,
东风7B,6001,6072,*北京铁路局 邯郸机务段；郑州铁路局 新乡机务段,调车,
东风7D,1,1,中国铁道博物馆,,
东风7D,3001,3001,中国铁道博物馆,,
东风7E,1,1,郑州铁路局 新乡机务段,,
东风7E,2,2,郑州铁路局 郑州机务段,,
东风7G,9001,9004,呼和浩特铁路局 集宁机务段 赛汗塔拉分段,,
东风8,1,1,中国铁道博物馆,,
东风9,1,2,中国铁路广州局集团有限公司广州机务段,,
韶山1,8,8,中国铁道博物馆,,
韶山1,156,156,郑州世纪欢乐园,,
韶山1,160,160,北京铁路电气化学校,,
韶山1,227,227,兰州铁路局 兰州西机务段,,
韶山1,254,254,北京铁路局 丰台机务段 储备厂,,
韶山1,307,307,太原铁路局 榆次机务折返段,,
韶山1,309,309,太原铁路局 太原机务段北场,,
韶山1,321,321,武汉铁路职业技术学院,,
韶山1,681,681,中国铁道博物馆,,
韶山1,695,695,沈阳铁路陈列馆,,
韶山1,762,762,广州铁路(集团)公司 娄底运用车间储备厂,,
韶山1,818,818,西南交通大学 机车博物园,,
韶山1,821,821,韶关机务实训基地,,
韶山1,826,826,韶关机务实训基地,,
韶山3,454,454,成都铁路局 贵阳机务段,先锋号,
韶山3,524,524,武汉铁路局 江岸机务段,青年号,
韶山3,4160,4160,广西沿海铁路公司 南宁南机务运用段,共青团号,
韶山3,4178,4178,广西沿海铁路公司 南宁南机务运用段,共青团号,
韶山3,4235,4235,成都铁路局 重庆机务段,青年文明号,
韶山3,4258,4258,成都铁路局 重庆机务段,党员先锋号,
韶山3,5080,5080,广铁机车博物馆,,
韶山3,6005,6005,湖南交通工程学院,,
韶山3,8050,8050,武汉四美塘铁路遗址公园,,
韶山3B,16,16,西安铁路局 安康机务段,青年文明号,
韶山3B,5001,5001,成都铁路局 贵阳机务段,*先锋力神,
韶山3B,5035,5035,兰州铁路局 迎水桥机务段,雷锋号 (曾),
韶山3B,5038,5038,兰州铁路局 迎水桥机务段,青年文明号,
韶山3B,5151,5151,成都铁路局 西昌机务段,扶贫先锋号,
韶山3B,5162,5162,昆明铁路局 昆明机务段,五四青年号,
韶山3B,5235,5235,成都铁路局 西昌机务段,*共青团号,
韶山3C,1,1,贵阳机务段,,
韶山4,6,6,中国铁道博物馆,,
韶山4,10,10,成都铁路局 西昌机务段,,
韶山4,50,50,郑州铁路局 新乡机务段,先锋号,
韶山4,63,63,太原铁路局 太原机务段,,
韶山4,204,204,郑州铁路局 新乡机务段,先锋号,
韶山4,448,448,沈阳铁路局 苏家屯机务段,先锋号,
韶山4,574,574,中铁三局集团,先锋号,
韶山4,743,743,哈尔滨铁路局 哈尔滨机务段,青年文明号,
韶山4,855,855,西安铁路局 新丰镇机务段,,
韶山4,911,911,中铁三局集团,青年文明号,
韶山4,2006,2006,吉林铁道职业技术学院,,
韶山4B,19,19,神朔铁路公司 神木北机务段,青年号,
韶山4B,89,89,神朔铁路公司 神木北机务段,青年文明号,
韶山4B,90,90,神朔铁路公司 神木北机务段,青年文明号,
韶山4B,257,257,包神铁路公司 东胜机务段,党员先锋号,
韶山4G,159,1177,,,株洲
韶山4G,168,168,中国铁道博物馆,,
韶山4G,171,171,哈尔滨铁路局 牡丹江机务段,,
韶山4G,179,179,太原铁路局 湖东机务段,,
韶山4G,466,466,石家庄铁道大学,,
韶山4G,1089,1089,*呼和浩特铁路局 包头西机务段,,
韶山4G,1886,1886,哈尔滨铁路局 哈尔滨机务段,*朱德号,株洲
韶山4G,3001,3002,,,资阳
韶山4G,6001,6001,中国铁道博物馆,,
韶山4G,6001,6001,中国铁道博物馆,,大同
韶山4G,7001,7110,,,大连
韶山4G,7121,7243,,,大连
韶山5,1,1,中国铁道博物馆,,
韶山5,2,2,郑州世纪欢乐园 ,,
韶山6,1,1,郑州铁路司机学校,,
韶山6,2,2,中国铁道博物馆,,
韶山6B,1011,1011,西安铁路局 西安机务段,*青年文明号,
韶山6B,1026,1026,韶关机务实训基地,,
韶山6B,1088,1088,武汉铁路局 襄阳机务段,*民兵号,
韶山6B,1111,1111,武汉铁路局 襄阳机务段,*先锋号,
韶山6B,6001,6001,韶关机务实训基地,,
韶山6B,6002,6002,广州铁路博物馆,,
韶山7,1,79,南宁铁路局集团有限公司 柳州机务段,,
韶山7,76,76,南宁铁路局集团有限公司 南宁机务段,*五四红旗号,
韶山7,80,84,南宁铁路局集团有限公司 柳州机务段,,
韶山7,85,111,南宁铁路局集团有限公司 柳州机务段,,
韶山7,8112,8113,山西孝柳铁路有限责任公司,,
韶山7B,1,1,*南宁铁路局集团有限公司 南宁机务段,,
韶山7B,2,2,中国铁路南宁局集团有限公司 柳州机务段,,
韶山7D,1,58,西安铁路局集团有限公司 西安机务段,,
韶山7D,631,631,西安铁路局集团有限公司 西安机务段,*钢人铁马号,
韶山7E,1,140,,,大同
韶山7E,6001,6002,昆明铁路局,,大同
韶山7E,7001,7004,,,大连
韶山8,1,1,中国铁路广州局集团有限公司 广州机务段,,
韶山8,2,2,中国铁路广州局集团有限公司 广州机务段,,
韶山8,3,4,中国铁路上海局集团有限公司 上海机务段,,
韶山8,5,5,中国铁路郑州局集团有限公司 郑州机务段,,
韶山8,9,9,中国铁路郑州局集团有限公司 郑州机务段,,
韶山8,11,11,中国铁路郑州局集团有限公司 郑州机务段,,
韶山8,12,12,中国铁路郑州局集团有限公司 郑州机务段,,
韶山8,15,16,中国铁路郑州局集团有限公司 郑州机务段,,
韶山8,17,17,中国铁路上海局集团有限公司 上海机务段,,
韶山8,20,20,中国铁路郑州局集团有限公司 郑州机务段,,
韶山8,24,25,中国铁路郑州局集团有限公司 郑州机务段,,
韶山8,27,27,中国铁路郑州局集团有限公司 郑州机务段,,
韶山8,29,32,中国铁路郑州局集团有限公司 郑州机务段,,
韶山8,33,35,中国铁路上海局集团有限公司 上海机务段,,
韶山8,36,36,中国铁路郑州局集团有限公司 郑州机务段,,
韶山8,38,38,中国铁路上海局集团有限公司 上海机务段,,
韶山8,39,39,中国铁路上海局集团有限公司 上海机务段,国祥号,
韶山8,40,40,中国铁路上海局集团有限公司 上海机务段,,
韶山8,41,41,中国铁路北京局集团有限公司 北京机务段,,
韶山8,43,43,中国铁路郑州局集团有限公司 郑州机务段,,
韶山8,44,44,中国铁路北京局集团有限公司 邯郸机务段,,
韶山8,45,45,中国铁路郑州局集团有限公司 郑州机务段,,
韶山8,48,48,中国铁路北京局集团有限公司 邯郸机务段,,
韶山8,49,49,中国铁路南昌局集团有限公司 南昌机务段,,
韶山8,50,50,中国铁路南昌局集团有限公司 南昌机务段,,
韶山8,51,51,中国铁路北京局集团有限公司 邯郸机务段,,
韶山8,52,52,中国铁路上海局集团有限公司 上海机务段,,
韶山8,55,55,中国铁路南昌局集团有限公司 南昌机务段,,
韶山8,56,57,中国铁路北京局集团有限公司 邯郸机务段,,
韶山8,64,64,中国铁路广州局集团有限公司 广州机务段,,
韶山8,72,72,中国铁路北京局集团有限公司 邯郸机务段,,
韶山8,73,73,中国铁路北京局集团有限公司 北京机务段,,
韶山8,74,74,中国铁路北京局集团有限公司 邯郸机务段,,
韶山8,81,81,中国铁路北京局集团有限公司 北京机务段,,
韶山8,83,84,中国铁路郑州局集团有限公司 郑州机务段,,
韶山8,85,85,中国铁路北京局集团有限公司 北京机务段,,
韶山8,88,103,中国铁路郑州局集团有限公司 郑州机务段,,
韶山8,104,104,中国铁路北京局集团有限公司 邯郸机务段,,
韶山8,109,111,中国铁路南昌局集团有限公司 南昌机务段,,
韶山8,114,116,中国铁路南昌局集团有限公司 南昌机务段,,
韶山8,118,119,中国铁路北京局集团有限公司 北京机务段,,
韶山8,121,126,中国铁路北京局集团有限公司 北京机务段,,
韶山8,127,128,中国铁路郑州局集团有限公司 郑州机务段,,
韶山8,130,130,中国铁路南昌局集团有限公司 南昌机务段,,
韶山8,131,131,中国铁路广州局集团有限公司 长沙机务段,,
韶山8,132,132,中国铁路广州局集团有限公司 长沙机务段,,
韶山8,133,133,中国铁路广州局集团有限公司 长沙机务段,,
韶山8,134,134,中国铁路广州局集团有限公司 长沙机务段,,
韶山8,136,136,中国铁路广州局集团有限公司 长沙机务段,,
韶山8,141,141,中国铁路广州局集团有限公司 广州机务段,,
韶山8,144,144,中国铁路广州局集团有限公司 长沙机务段,,
韶山8,148,148,中国铁路广州局集团有限公司 广州机务段,,
韶山8,156,156,中国铁路广州局集团有限公司 广州机务段,,
韶山8,163,163,中国铁路广州局集团有限公司 广州机务段,,
韶山8,166,166,中国铁路广州局集团有限公司 广州机务段,新世纪金龙号,
韶山8,171,171,中国铁路上海局集团有限公司 上海机务段,,
韶山8,172,172,中国铁路郑州局集团有限公司 郑州机务段,,
韶山8,173,173,中国铁路广州局集团有限公司 广州机务段,,
韶山8,181,181,中国铁路广州局集团有限公司 广州机务段,,
韶山8,186,186,中国铁路广州局集团有限公司 广州机务段,,
韶山8,191,191,中国铁路广州局集团有限公司 广州机务段,,
韶山8,192,192,中国铁路广州局集团有限公司 广州机务段,,
韶山8,197,197,中国铁路郑州局集团有限公司 郑州机务段,,
韶山8,200,204,中国铁路上海局集团有限公司 上海机务段,,
韶山8,205,205,中国铁路广州局集团有限公司 长沙机务段,,
韶山8,214,214,中国铁路郑州局集团有限公司 郑州机务段,,
韶山9,1,3,沈阳铁路局 沈阳机务段；上海铁路局 上海机务段,,
韶山9,5,29,沈阳铁路局 沈阳机务段；上海铁路局 上海机务段,,
韶山9,30,30,沈阳铁路局 通辽机务段,,
韶山9,31,37,沈阳铁路局 沈阳机务段；上海铁路局 上海机务段,,
韶山9,38,38,沈阳铁路局 通辽机务段,,
韶山9,39,43,沈阳铁路局 沈阳机务段；上海铁路局 上海机务段,,
CJ6,701,715,广州铁路局 长沙城际,,中车株洲机车
CR200J,1002,1086,,,中车大连机车
CR200J,1093,1110,,,中车大连机车
CR200J,2002,2084,,,中车株洲电力机车
CR200J,2901,2903,,,中车株洲机车
CR200J,3002,3004,,,中车大同电力机车
CR200J,3005,3007,,,中车大同机车
CR200J,4002,4003,,,中车大同电力机车
CR200J,4006,4008,,,中车大同机车
CR200J,5002,5009,,,中车大连机车
CR200J,6002,6021,,,中车株洲电力机车
CR200JC,501,504,,,中车大连机车
CR200JC,2085,2127,,,中车株洲机车
CR200JC,2801,2832,,,中车株洲机车
CR200JC,5019,5065,,,中车大连机车
CR200JC,6022,6062,,,中车株洲机车
CR200JC,7001,7002,,,中车大同机车
CR200JC,8001,8002,,,中车大同机车
CR220J,1601,1601,,,中车株洲电力机车
CR220J,2601,2601,,,中车株洲电力机车
CR300AF,1,1,昆明铁路局 昆明南,,中车青岛四方
CR300AF,3,3,广州铁路局 深圳,,AST
CR300AF,4,4,南宁铁路局 南宁,,中车南京浦镇
CR300AF,1001,1010,广州铁路局 三亚,,AST
CR300AF,1011,1013,广州铁路局 深圳,,AST
CR300AF,2001,2005,济南铁路局 青岛北,,中车青岛四方
CR300AF,2006,2020,成都铁路局 贵阳北,,中车青岛四方
CR300AF,2021,2027,昆明铁路局 昆明南,,中车青岛四方
CR300AF,2028,2030,成都铁路局 贵阳北,,中车青岛四方
CR300AF,2031,2033,济南铁路局 青岛北,,中车青岛四方
CR300AF,2034,2035,济南铁路局 济南东,,中车青岛四方
CR300AF,2036,2036,济南铁路局 青岛北,,中车青岛四方
CR300AF,2037,2039,济南铁路局 济南东,,中车青岛四方
CR300AF,2040,2044,昆明铁路局 昆明南,,中车青岛四方
CR300AF,2045,2047,成都铁路局 贵阳北,,中车青岛四方
CR300AF,6001,6004,南宁铁路局 南宁,,中车南京浦镇
CR300AF-H,201,201,,,中车青岛四方
CR300BF,2,2,西安铁路局 西安北,,中车长客股份
CR300BF,5,5,西安铁路局 西安北,,中车长客股份
CR300BF,6,6,西安铁路局 西安北,,中车唐山机车
CR300BF,3001,3009,西安铁路局 西安东,,中车唐山机车
CR300BF,3010,3013,兰州铁路局 银川,,中车唐山机车
CR300BF,3014,3023,西安铁路局 西安东,,中车唐山机车
CR300BF,3024,3026,兰州铁路局 银川,,中车唐山机车
CR300BF,5001,5013,上海铁路局 南京南,,中车长客股份
CR300BF,5014,5016,西安铁路局 西安北,,中车长客股份
CR300BF,5017,5022,郑州铁路局 郑州东,,中车长客股份
CR300BF,5023,5034,西安铁路局 西安北,,中车长客股份
CR300BF,5035,5036,上海铁路局 南京南,,中车长客股份
CR300BF,5037,5037,西安铁路局 西安北,,中车长客股份
CR300BF,5038,5039,郑州铁路局 郑州东,,中车长客股份
CR300BF,5040,5041,西安铁路局 西安北,,中车长客股份
CR300BF-H,501,501,,,长春轨道客车
CR400AF,207,208,北京铁路局 北京西,,中车青岛四方
CR400AF,1006,1025,广州铁路局 潮州,,AST
CR400AF,1039,1040,广州铁路局 潮州,,AST
CR400AF,2001,2001,南宁铁路局 南宁,,中车青岛四方
CR400AF,2002,2002,北京铁路局 北京西,,中车青岛四方
CR400AF,2003,2003,南宁铁路局 南宁,,中车青岛四方
CR400AF,2004,2004,北京铁路局 北京西,,中车青岛四方
CR400AF,2005,2005,成都铁路局 重庆西,,中车青岛四方
CR400AF,2006,2007,北京铁路局 北京西,,中车青岛四方
CR400AF,2008,2008,北京铁路局 雄安,,中车青岛四方
CR400AF,2009,2010,北京铁路局 北京西,,中车青岛四方
CR400AF,2011,2011,广州铁路局 广州南,,中车青岛四方
CR400AF,2012,2012,北京铁路局 北京西,,中车青岛四方
CR400AF,2013,2013,成都铁路局 重庆西,,中车青岛四方
CR400AF,2014,2016,北京铁路局 北京西,,中车青岛四方
CR400AF,2017,2017,广州铁路局 长沙,,中车青岛四方
CR400AF,2018,2019,国铁集团,,中车青岛四方
CR400AF,2022,2022,南宁铁路局 南宁,,中车青岛四方
CR400AF,2023,2023,北京铁路局 北京西,,中车青岛四方
CR400AF,2024,2024,广州铁路局 长沙,,中车青岛四方
CR400AF,2025,2025,成都铁路局 重庆西,,中车青岛四方
CR400AF,2026,2028,广州铁路局 长沙,,中车青岛四方
CR400AF,2030,2030,北京铁路局 雄安,,中车青岛四方
CR400AF,2031,2032,成都铁路局 重庆西,,中车青岛四方
CR400AF,2033,2033,北京铁路局 雄安,,中车青岛四方
CR400AF,2034,2034,北京铁路局 北京西,,中车青岛四方
CR400AF,2035,2038,广州铁路局 长沙,,中车青岛四方
CR400AF,2039,2039,南宁铁路局 南宁,,中车青岛四方
CR400AF,2040,2046,广州铁路局 长沙,,中车青岛四方
CR400AF,2047,2048,北京铁路局 北京西,,中车青岛四方
CR400AF,2049,2049,成都铁路局 重庆西,,中车青岛四方
CR400AF,2050,2050,南宁铁路局 南宁,,中车青岛四方
CR400AF,2051,2051,广州铁路局 长沙,,中车青岛四方
CR400AF,2052,2052,南宁铁路局 南宁,,中车青岛四方
CR400AF,2053,2055,广州铁路局 长沙,,中车青岛四方
CR400AF,2056,2056,南宁铁路局 南宁,,中车青岛四方
CR400AF,2057,2057,广州铁路局 长沙,,中车青岛四方
CR400AF,2058,2058,北京铁路局 雄安,,中车青岛四方
CR400AF,2059,2059,南宁铁路局 南宁,,中车青岛四方
CR400AF,2060,2062,广州铁路局 长沙,,中车青岛四方
CR400AF,2063,2063,南宁铁路局 南宁,,中车青岛四方
CR400AF,2064,2064,广州铁路局 长沙,,中车青岛四方
CR400AF,2085,2092,济南铁路局 济南,,中车青岛四方
CR400AF,2093,2094,济南铁路局 济南东,,中车青岛四方
CR400AF,2124,2128,武汉铁路局 宜昌,,中车青岛四方
CR400AF,2129,2129,南宁铁路局 南宁,,中车青岛四方
CR400AF,2130,2131,广州铁路局 长沙,,中车青岛四方
CR400AF,2132,2132,南宁铁路局 南宁,,中车青岛四方
CR400AF,2133,2133,广州铁路局 长沙,,中车青岛四方
CR400AF,2134,2134,济南铁路局 济南,,中车青岛四方
CR400AF,2135,2135,成都铁路局 重庆西,,中车青岛四方
CR400AF,2136,2138,济南铁路局 济南,,中车青岛四方
CR400AF,2139,2139,济南铁路局 济南东,,中车青岛四方
CR400AF,2140,2140,成都铁路局 重庆西,,中车青岛四方
CR400AF,2141,2141,济南铁路局 济南东,,中车青岛四方
CR400AF,2142,2144,北京铁路局 北京西,,中车青岛四方
CR400AF,2145,2146,北京铁路局 雄安,,中车青岛四方
CR400AF,2147,2147,南宁铁路局 南宁,,中车青岛四方
CR400AF,2148,2156,武汉铁路局 宜昌,,中车青岛四方
CR400AF,2157,2158,南宁铁路局 南宁,,中车青岛四方
CR400AF,2159,2161,武汉铁路局 宜昌,,中车青岛四方
CR400AF,2162,2163,济南铁路局 济南东,,中车青岛四方
CR400AF,2164,2164,武汉铁路局 宜昌,,中车青岛四方
CR400AF,2165,2165,南宁铁路局 南宁,,中车青岛四方
CR400AF,2170,2170,南宁铁路局 南宁,,中车青岛四方
CR400AF,2171,2177,武汉铁路局 宜昌,,中车青岛四方
CR400AF,2178,2178,北京铁路局 雄安,,中车青岛四方
CR400AF,2179,2179,北京铁路局 北京西,,中车青岛四方
CR400AF,2180,2180,北京铁路局 雄安,,中车青岛四方
CR400AF,2181,2182,北京铁路局 北京西,,中车青岛四方
CR400AF,2183,2187,北京铁路局 北京南,,中车青岛四方
CR400AF,2213,2213,北京铁路局 北京西,,中车青岛四方
CR400AF,2222,2225,上海铁路局 上海南,,中车青岛四方
CR400AF,2226,2227,广州铁路局 长沙,,中车青岛四方
CR400AF,2228,2228,广州铁路局 广州南,,中车青岛四方
CR400AF,2229,2229,广州铁路局 长沙,,中车青岛四方
CR400AF,2230,2231,济南铁路局 济南东,,中车青岛四方
CR400AF,2232,2235,上海铁路局 上海南,,中车青岛四方
CR400AF,2236,2236,成都铁路局 重庆西,,中车青岛四方
CR400AF,2237,2243,上海铁路局 上海南,,中车青岛四方
CR400AF,2244,2248,成都铁路局 重庆西,,中车青岛四方
CR400AF,2254,2256,成都铁路局 重庆西,,中车青岛四方
CR400AF,2808,2808,国铁集团,,中车青岛四方
CR400AF,2818,2818,国铁集团,,中车青岛四方
CR400AF-A,1001,1002,广州铁路局 深圳,,AST
CR400AF-A,1003,1003,广州铁路局 广州南,,AST
CR400AF-A,1004,1004,广州铁路局 深圳,,AST
CR400AF-A,1005,1005,广州铁路局 广州南,,AST
CR400AF-A,1026,1026,广州铁路局 深圳,,AST
CR400AF-A,1027,1029,广州铁路局 广州南,,AST
CR400AF-A,1030,1031,广州铁路局 深圳,,AST
CR400AF-A,1032,1032,广州铁路局 广州南,,AST
CR400AF-A,1033,1033,广州铁路局 深圳,,AST
CR400AF-A,1034,1038,广州铁路局 广州南,,AST
CR400AF-A,2065,2066,广州铁路局 深圳,,中车青岛四方
CR400AF-A,2067,2068,广州铁路局 长沙,,中车青岛四方
CR400AF-A,2069,2069,广州铁路局 深圳,,中车青岛四方
CR400AF-A,2070,2070,广州铁路局 长沙,,中车青岛四方
CR400AF-A,2071,2074,广州铁路局 深圳,,中车青岛四方
CR400AF-A,2075,2075,广州铁路局 长沙,,中车青岛四方
CR400AF-A,2076,2079,广州铁路局 深圳,,中车青岛四方
CR400AF-A,2080,2081,广州铁路局 长沙,,中车青岛四方
CR400AF-A,2082,2082,广州铁路局 深圳,,中车青岛四方
CR400AF-A,2083,2084,广州铁路局 长沙,,中车青岛四方
CR400AF-A,2095,2095,广州铁路局 长沙,,中车青岛四方
CR400AF-A,2096,2096,广州铁路局 深圳,,中车青岛四方
CR400AF-A,2097,2097,广州铁路局 长沙,,中车青岛四方
CR400AF-A,2098,2098,广州铁路局 深圳,,中车青岛四方
CR400AF-A,2099,2100,广州铁路局 长沙,,中车青岛四方
CR400AF-A,2101,2102,济南铁路局 济南东,,中车青岛四方
CR400AF-A,2103,2104,广州铁路局 长沙,,中车青岛四方
CR400AF-A,2105,2105,广州铁路局 深圳,,中车青岛四方
CR400AF-A,2106,2106,广州铁路局 长沙,,中车青岛四方
CR400AF-A,2107,2115,济南铁路局 济南东,,中车青岛四方
CR400AF-A,2190,2192,武汉铁路局 武汉,,中车青岛四方
CR400AF-A,2193,2193,济南铁路局 济南东,,中车青岛四方
CR400AF-A,2194,2195,广州铁路局 深圳,,中车青岛四方
CR400AF-A,2196,2200,武汉铁路局 武汉,,中车青岛四方
CR400AF-A,2201,2205,济南铁路局 济南东,,中车青岛四方
CR400AF-A,2211,2212,济南铁路局 济南东,,中车青岛四方
CR400AF-AE,2398,2402,广州铁路局 深圳,,中车青岛四方
CR400AF-AS,1106,1109,济南铁路局 青岛北,,AST
CR400AF-AS,2482,2486,北京铁路局 北京南,,中车青岛四方
CR400AF-AS,2487,2495,广州铁路局 长沙,,中车青岛四方
CR400AF-AS,2496,2500,济南铁路局 青岛北,,中车青岛四方
CR400AF-AZ,2311,2315,广州铁路局 长沙,,中车青岛四方
CR400AF-B,2116,2123,北京铁路局 北京南,,中车青岛四方
CR400AF-B,2206,2210,北京铁路局 北京南,,中车青岛四方
CR400AF-BS,2341,2345,北京铁路局 北京南,,中车青岛四方
CR400AF-BZ,2249,2250,北京铁路局 北京南,,中车青岛四方
CR400AF-C,209,210,,,中车青岛四方
CR400AF-C,2214,2214,北京铁路局 雄安,,中车青岛四方
CR400AF-G,21,21,北京铁路局 朝阳,,中车青岛四方
CR400AF-G,2215,2217,北京铁路局 朝阳,,中车青岛四方
CR400AF-J,2,2,铁科院,,中车青岛四方
CR400AF-J,4,5,铁科院,,中车青岛四方
CR400AF-J,2808,2808,铁科院,,中车青岛四方
CR400AF-S,224,225,广州铁路局 湛江北,,中车青岛四方
CR400AF-S,226,227,广州铁路局 深圳,,中车青岛四方
CR400AF-S,228,230,广州铁路局 湛江北,,中车青岛四方
CR400AF-S,231,231,广州铁路局 深圳,,中车青岛四方
CR400AF-S,232,232,广州铁路局 湛江北,,中车青岛四方
CR400AF-S,233,233,广州铁路局 深圳,,中车青岛四方
CR400AF-S,234,234,广州铁路局 湛江北,,中车青岛四方
CR400AF-S,235,235,广州铁路局 深圳,,中车青岛四方
CR400AF-S,236,237,广州铁路局 湛江北,,中车青岛四方
CR400AF-S,238,239,广州铁路局 深圳,,中车青岛四方
CR400AF-S,240,242,广州铁路局 湛江北,,中车青岛四方
CR400AF-S,1064,1068,广州铁路局 深圳,,AST
CR400AF-S,1069,1072,成都铁路局 成都东,,AST
CR400AF-S,1073,1083,广州铁路局 深圳,,AST
CR400AF-S,1084,1086,成都铁路局 成都东,,AST
CR400AF-S,1087,1088,广州铁路局 深圳,,AST
CR400AF-S,1089,1105,成都铁路局 成都东,,AST
CR400AF-S,1110,1111,,,AST
CR400AF-S,2346,2348,北京铁路局 石家庄,,中车青岛四方
CR400AF-S,2349,2350,武汉铁路局 武汉,,中车青岛四方
CR400AF-S,2351,2352,武汉铁路局 汉口,,中车青岛四方
CR400AF-S,2353,2358,济南铁路局 青岛北,,中车青岛四方
CR400AF-S,2359,2360,武汉铁路局 武汉,,中车青岛四方
CR400AF-S,2361,2361,南宁铁路局 南宁,,中车青岛四方
CR400AF-S,2362,2364,广州铁路局 湛江北,,中车青岛四方
CR400AF-S,2365,2365,广州铁路局 长沙,,中车青岛四方
CR400AF-S,2366,2366,广州铁路局 深圳,,中车青岛四方
CR400AF-S,2367,2368,广州铁路局 湛江北,,中车青岛四方
CR400AF-S,2369,2371,广州铁路局 长沙,,中车青岛四方
CR400AF-S,2372,2376,济南铁路局 青岛北,,中车青岛四方
CR400AF-S,2377,2381,太原铁路局 太原,,中车青岛四方
CR400AF-S,2382,2382,广州铁路局 长沙,,中车青岛四方
CR400AF-S,2383,2383,广州铁路局 湛江北,,中车青岛四方
CR400AF-S,2384,2385,广州铁路局 深圳,,中车青岛四方
CR400AF-S,2386,2387,成都铁路局 重庆西,,中车青岛四方
CR400AF-S,2388,2388,南宁铁路局 南宁,,中车青岛四方
CR400AF-S,2389,2392,武汉铁路局 汉口,,中车青岛四方
CR400AF-S,2393,2393,武汉铁路局 武汉,,中车青岛四方
CR400AF-S,2394,2397,广州铁路局 长沙,,中车青岛四方
CR400AF-S,2403,2406,成都铁路局 重庆西,,中车青岛四方
CR400AF-S,2407,2410,南宁铁路局 南宁,,中车青岛四方
CR400AF-S,2411,2412,太原铁路局 太原,,中车青岛四方
CR400AF-S,2413,2414,武汉铁路局 武汉,,中车青岛四方
CR400AF-S,2415,2418,南宁铁路局 南宁,,中车青岛四方
CR400AF-S,2419,2422,成都铁路局 重庆西,,中车青岛四方
CR400AF-S,2423,2423,武汉铁路局 汉口,,中车青岛四方
CR400AF-S,2424,2425,武汉铁路局 武汉,,中车青岛四方
CR400AF-S,2426,2427,昆明铁路局 昆明南,,中车青岛四方
CR400AF-S,2428,2429,南宁铁路局 南宁,,中车青岛四方
CR400AF-S,2430,2432,成都铁路局 重庆西,,中车青岛四方
CR400AF-S,2433,2433,武汉铁路局 武汉,,中车青岛四方
CR400AF-S,2434,2434,武汉铁路局 汉口,,中车青岛四方
CR400AF-S,2435,2436,济南铁路局 青岛北,,中车青岛四方
CR400AF-S,2437,2438,太原铁路局 太原,,中车青岛四方
CR400AF-S,2439,2440,成都铁路局 重庆西,,中车青岛四方
CR400AF-S,2441,2442,武汉铁路局 汉口,,中车青岛四方
CR400AF-S,2443,2444,昆明铁路局 昆明南,,中车青岛四方
CR400AF-S,2445,2446,南宁铁路局 南宁,,中车青岛四方
CR400AF-S,2447,2448,太原铁路局 太原,,中车青岛四方
CR400AF-S,2449,2450,武汉铁路局 汉口,,中车青岛四方
CR400AF-S,2451,2451,太原铁路局 太原,,中车青岛四方
CR400AF-S,2452,2452,济南铁路局 青岛北,,中车青岛四方
CR400AF-S,2453,2456,南宁铁路局 南宁,,中车青岛四方
CR400AF-S,2457,2458,成都铁路局 重庆西,,中车青岛四方
CR400AF-S,2459,2459,武汉铁路局 武汉,,中车青岛四方
CR400AF-S,2460,2460,武汉铁路局 汉口,,中车青岛四方
CR400AF-S,2461,2464,济南铁路局 青岛北,,中车青岛四方
CR400AF-S,2465,2466,昆明铁路局 昆明南,,中车青岛四方
CR400AF-S,2467,2468,南宁铁路局 南宁,,中车青岛四方
CR400AF-S,2469,2469,武汉铁路局 武汉,,中车青岛四方
CR400AF-S,2470,2470,武汉铁路局 汉口,,中车青岛四方
CR400AF-S,2471,2472,武汉铁路局 武汉,,中车青岛四方
CR400AF-S,2473,2474,南宁铁路局 南宁,,中车青岛四方
CR400AF-S,2475,2476,成都铁路局 重庆西,,中车青岛四方
CR400AF-S,2477,2478,济南铁路局 青岛北,,中车青岛四方
CR400AF-S,2479,2479,昆明铁路局 昆明南,,中车青岛四方
CR400AF-S,2480,2481,北京铁路局 石家庄,,中车青岛四方
CR400AF-Z,211,218,武汉铁路局 武汉,,中车青岛四方
CR400AF-Z,219,223,南昌铁路局 南昌西,,中车青岛四方
CR400AF-Z,1041,1041,成都铁路局 成都东,,AST
CR400AF-Z,1042,1042,成都铁路局 贵阳北,,AST
CR400AF-Z,1043,1043,成都铁路局 成都东,,AST
CR400AF-Z,1044,1046,成都铁路局 贵阳北,,AST
CR400AF-Z,1047,1047,成都铁路局 成都东,,AST
CR400AF-Z,1048,1048,成都铁路局 贵阳北,,AST
CR400AF-Z,1049,1049,成都铁路局 成都东,,AST
CR400AF-Z,1050,1054,成都铁路局 贵阳北,,AST
CR400AF-Z,1055,1055,成都铁路局 成都东,,AST
CR400AF-Z,1056,1058,成都铁路局 贵阳北,,AST
CR400AF-Z,1059,1063,南昌铁路局 厦门北,,AST
CR400AF-Z,2251,2252,北京铁路局 北京南,,中车青岛四方
CR400AF-Z,2253,2253,成都铁路局 重庆西,,中车青岛四方
CR400AF-Z,2257,2257,成都铁路局 重庆西,,中车青岛四方
CR400AF-Z,2258,2271,广州铁路局 长沙,,中车青岛四方
CR400AF-Z,2272,2283,济南铁路局 临沂北,,中车青岛四方
CR400AF-Z,2284,2285,南昌铁路局 南昌西,,中车青岛四方
CR400AF-Z,2286,2290,北京铁路局 石家庄,,中车青岛四方
CR400AF-Z,2291,2291,北京铁路局 北京南,,中车青岛四方
CR400AF-Z,2292,2292,北京铁路局 石家庄,,中车青岛四方
CR400AF-Z,2293,2293,北京铁路局 北京南,,中车青岛四方
CR400AF-Z,2294,2298,南昌铁路局 福州南,,中车青岛四方
CR400AF-Z,2299,2299,南昌铁路局 南昌西,,中车青岛四方
CR400AF-Z,2300,2300,南昌铁路局 福州南,,中车青岛四方
CR400AF-Z,2301,2301,南昌铁路局 南昌西,,中车青岛四方
CR400AF-Z,2302,2302,南昌铁路局 福州南,,中车青岛四方
CR400AF-Z,2303,2308,南昌铁路局 南昌西,,中车青岛四方
CR400AF-Z,2309,2310,济南铁路局 临沂北,,中车青岛四方
CR400AF-Z,2316,2318,南昌铁路局 南昌西,,中车青岛四方
CR400AF-Z,2319,2334,南昌铁路局 厦门北,,中车青岛四方
CR400AF-Z,2335,2335,南昌铁路局 南昌西,,中车青岛四方
CR400AF-Z,2336,2336,南昌铁路局 厦门北,,中车青岛四方
CR400AF-Z,2337,2339,南昌铁路局 南昌西,,中车青岛四方
CR400AF-Z,2340,2340,南昌铁路局 厦门北,,中车青岛四方
CR400BF,31,31,北京铁路局 大厂,,中车唐山机车
CR400BF,305,305,沈阳铁路局 沈阳北,,中车唐山机车
CR400BF,503,503,北京铁路局 天津,,中车长客股份
CR400BF,507,507,广州铁路局 广州南,,中车长客股份
CR400BF,3001,3004,上海铁路局 南京南,,中车唐山机车
CR400BF,3005,3006,上海铁路局 徐州东,,中车唐山机车
CR400BF,3007,3008,上海铁路局 南京南,,中车唐山机车
CR400BF,3009,3009,上海铁路局 徐州东,,中车唐山机车
CR400BF,3010,3010,上海铁路局 南京南,,中车唐山机车
CR400BF,3011,3011,上海铁路局 徐州东,,中车唐山机车
CR400BF,3012,3016,上海铁路局 南京南,,中车唐山机车
CR400BF,3017,3017,上海铁路局 徐州东,,中车唐山机车
CR400BF,3018,3018,上海铁路局 南京南,,中车唐山机车
CR400BF,3019,3019,上海铁路局 徐州东,,中车唐山机车
CR400BF,3020,3022,上海铁路局 南京南,,中车唐山机车
CR400BF,3023,3023,上海铁路局 徐州东,,中车唐山机车
CR400BF,3034,3034,上海铁路局 徐州东,,中车唐山机车
CR400BF,3035,3036,上海铁路局 南京南,,中车唐山机车
CR400BF,3037,3038,上海铁路局 徐州东,,中车唐山机车
CR400BF,3039,3039,上海铁路局 南京南,,中车唐山机车
CR400BF,3040,3040,上海铁路局 徐州东,,中车唐山机车
CR400BF,3041,3042,上海铁路局 南京南,,中车唐山机车
CR400BF,3043,3047,上海铁路局 徐州东,,中车唐山机车
CR400BF,3048,3049,上海铁路局 南京南,,中车唐山机车
CR400BF,3059,3061,上海铁路局 徐州东,,中车唐山机车
CR400BF,3062,3063,上海铁路局 南京南,,中车唐山机车
CR400BF,3064,3064,上海铁路局 徐州东,,中车唐山机车
CR400BF,3065,3065,上海铁路局 南京南,,中车唐山机车
CR400BF,3066,3066,上海铁路局 徐州东,,中车唐山机车
CR400BF,3067,3068,北京铁路局 大厂,,中车唐山机车
CR400BF,3069,3069,上海铁路局 徐州东,,中车唐山机车
CR400BF,3070,3072,上海铁路局 南京南,,中车唐山机车
CR400BF,3073,3076,上海铁路局 徐州东,,中车唐山机车
CR400BF,3077,3077,上海铁路局 合肥南,,中车唐山机车
CR400BF,3078,3081,上海铁路局 南京南,,中车唐山机车
CR400BF,3082,3082,上海铁路局 合肥南,,中车唐山机车
CR400BF,3083,3084,上海铁路局 南京南,,中车唐山机车
CR400BF,3085,3087,北京铁路局 大厂,,中车唐山机车
CR400BF,3088,3089,上海铁路局 南京南,,中车唐山机车
CR400BF,3090,3091,北京铁路局 大厂,,中车唐山机车
CR400BF,3106,3107,上海铁路局 合肥南,,中车唐山机车
CR400BF,5001,5004,上海铁路局 合肥南,,中车长客股份
CR400BF,5005,5005,广州铁路局 广州南,,中车长客股份
CR400BF,5006,5006,北京铁路局 天津,,中车长客股份
CR400BF,5007,5007,上海铁路局 南京南,,中车长客股份
CR400BF,5008,5008,上海铁路局 合肥南,,中车长客股份
CR400BF,5009,5009,上海铁路局 南京南,,中车长客股份
CR400BF,5010,5013,上海铁路局 合肥南,,中车长客股份
CR400BF,5014,5015,广州铁路局 广州南,,中车长客股份
CR400BF,5016,5016,上海铁路局 合肥南,,中车长客股份
CR400BF,5017,5018,上海铁路局 南京南,,中车长客股份
CR400BF,5019,5019,上海铁路局 合肥南,,中车长客股份
CR400BF,5020,5021,广州铁路局 广州南,,中车长客股份
CR400BF,5022,5022,北京铁路局 天津,,中车长客股份
CR400BF,5023,5023,上海铁路局 南京南,,中车长客股份
CR400BF,5024,5024,上海铁路局 合肥南,,中车长客股份
CR400BF,5025,5037,北京铁路局 天津,,中车长客股份
CR400BF,5038,5039,广州铁路局 广州南,,中车长客股份
CR400BF,5040,5042,北京铁路局 天津,,中车长客股份
CR400BF,5043,5043,上海铁路局 南京南,,中车长客股份
CR400BF,5044,5045,上海铁路局 合肥南,,中车长客股份
CR400BF,5046,5046,上海铁路局 南京南,,中车长客股份
CR400BF,5047,5047,广州铁路局 广州南,,中车长客股份
CR400BF,5068,5068,上海铁路局 南京南,,中车长客股份
CR400BF,5069,5069,广州铁路局 广州南,,中车长客股份
CR400BF,5070,5072,北京铁路局 天津,,中车长客股份
CR400BF,5073,5073,上海铁路局 合肥南,,中车长客股份
CR400BF,5074,5074,北京铁路局 天津,,中车长客股份
CR400BF,5075,5075,上海铁路局 南京南,,中车长客股份
CR400BF,5076,5077,北京铁路局 天津,,中车长客股份
CR400BF,5078,5079,上海铁路局 合肥南,,中车长客股份
CR400BF,5080,5080,上海铁路局 南京南,,中车长客股份
CR400BF,5081,5081,上海铁路局 合肥南,,中车长客股份
CR400BF,5106,5112,北京铁路局 天津,,中车长客股份
CR400BF-A,3024,3024,北京铁路局 天津,,中车唐山机车
CR400BF-A,3025,3025,北京铁路局 雄安,,中车唐山机车
CR400BF-A,3026,3026,上海铁路局 南翔,,中车唐山机车
CR400BF-A,3027,3027,上海铁路局 南京南,,中车唐山机车
CR400BF-A,3028,3029,北京铁路局 天津,,中车唐山机车
CR400BF-A,3030,3030,北京铁路局 北京南,,中车唐山机车
CR400BF-A,3031,3031,北京铁路局 天津,,中车唐山机车
CR400BF-A,3032,3032,北京铁路局 雄安,,中车唐山机车
CR400BF-A,3033,3033,北京铁路局 天津,,中车唐山机车
CR400BF-A,3050,3050,北京铁路局 北京南,,中车唐山机车
CR400BF-A,3051,3053,北京铁路局 雄安,,中车唐山机车
CR400BF-A,3054,3054,北京铁路局 北京南,,中车唐山机车
CR400BF-A,3055,3055,北京铁路局 雄安,,中车唐山机车
CR400BF-A,3056,3056,北京铁路局 北京南,,中车唐山机车
CR400BF-A,3057,3057,上海铁路局 南京南,,中车唐山机车
CR400BF-A,3058,3058,上海铁路局 南翔,,中车唐山机车
CR400BF-A,3092,3092,北京铁路局 北京南,,中车唐山机车
CR400BF-A,3093,3095,上海铁路局 南京南,,中车唐山机车
CR400BF-A,3096,3105,上海铁路局 南翔,,中车唐山机车
CR400BF-A,5048,5049,上海铁路局 上海虹桥,,中车长客股份
CR400BF-A,5050,5052,上海铁路局 南京南,,中车长客股份
CR400BF-A,5053,5054,上海铁路局 上海虹桥,,中车长客股份
CR400BF-A,5055,5056,上海铁路局 南京南,,中车长客股份
CR400BF-A,5057,5059,上海铁路局 上海虹桥,,中车长客股份
CR400BF-A,5060,5060,上海铁路局 南京南,,中车长客股份
CR400BF-A,5061,5061,上海铁路局 上海虹桥,,中车长客股份
CR400BF-A,5062,5064,上海铁路局 南京南,,中车长客股份
CR400BF-A,5065,5066,上海铁路局 上海虹桥,,中车长客股份
CR400BF-A,5067,5067,上海铁路局 南京南,,中车长客股份
CR400BF-A,5082,5084,北京铁路局 天津,,中车长客股份
CR400BF-A,5085,5086,上海铁路局 上海虹桥,,中车长客股份
CR400BF-A,5087,5087,北京铁路局 天津,,中车长客股份
CR400BF-A,5088,5089,上海铁路局 南京南,,中车长客股份
CR400BF-A,5090,5092,上海铁路局 上海虹桥,,中车长客股份
CR400BF-A,5093,5093,上海铁路局 南京南,,中车长客股份
CR400BF-A,5094,5096,上海铁路局 上海虹桥,,中车长客股份
CR400BF-A,5156,5161,上海铁路局 上海虹桥,,中车长客股份
CR400BF-AS,3224,3228,上海铁路局 上海虹桥,,中车唐山机车
CR400BF-AS,3267,3270,上海铁路局 南京南,,中车唐山机车
CR400BF-AS,3271,3272,上海铁路局 上海虹桥,,中车唐山机车
CR400BF-AS,5364,5365,上海铁路局 上海虹桥,,中车长客股份
CR400BF-AS,5366,5368,上海铁路局 杭州西,,中车长客股份
CR400BF-AS,5417,5422,上海铁路局 南京南,,中车长客股份
CR400BF-AS,5423,5423,上海铁路局 杭州西,,中车长客股份
CR400BF-AZ,515,520,郑州铁路局 郑州东,,中车长客股份
CR400BF-AZ,5252,5255,郑州铁路局 郑州东,,中车长客股份
CR400BF-B,5097,5105,上海铁路局 上海虹桥,,中车长客股份
CR400BF-B,5151,5155,上海铁路局 上海虹桥,,中车长客股份
CR400BF-BS,5276,5280,上海铁路局 上海虹桥,,中车长客股份
CR400BF-BS,5347,5348,上海铁路局 上海虹桥,,中车长客股份
CR400BF-BZ,5208,5209,上海铁路局 上海虹桥,,中车长客股份
CR400BF-C,5144,5145,北京铁路局 北京北,,中车长客股份
CR400BF-C,5162,5162,北京铁路局 北京北,,中车长客股份
CR400BF-G,51,51,北京铁路局 北京北,,中车长客股份
CR400BF-G,3108,3108,北京铁路局 大厂,,中车唐山机车
CR400BF-G,3109,3113,北京铁路局 朝阳,,中车唐山机车
CR400BF-G,3114,3114,北京铁路局 大厂,,中车唐山机车
CR400BF-G,3115,3115,北京铁路局 朝阳,,中车唐山机车
CR400BF-G,3116,3116,北京铁路局 大厂,,中车唐山机车
CR400BF-G,5113,5113,呼和浩特铁路局 呼和浩特东,,中车长客股份
CR400BF-G,5114,5114,北京铁路局 北京北,,中车长客股份
CR400BF-G,5115,5116,呼和浩特铁路局 呼和浩特东,,中车长客股份
CR400BF-G,5117,5117,沈阳铁路局 沈阳北,,中车长客股份
CR400BF-G,5118,5118,呼和浩特铁路局 呼和浩特东,,中车长客股份
CR400BF-G,5119,5122,沈阳铁路局 长春,,中车长客股份
CR400BF-G,5123,5125,呼和浩特铁路局 呼和浩特东,,中车长客股份
CR400BF-G,5126,5126,北京铁路局 天津,,中车长客股份
CR400BF-G,5127,5128,呼和浩特铁路局 呼和浩特东,,中车长客股份
CR400BF-G,5129,5130,沈阳铁路局 沈阳北,,中车长客股份
CR400BF-G,5131,5142,呼和浩特铁路局 呼和浩特东,,中车长客股份
CR400BF-G,5146,5146,北京铁路局 北京北,,中车长客股份
CR400BF-G,5147,5147,北京铁路局 朝阳,,中车长客股份
CR400BF-G,5148,5150,北京铁路局 北京北,,中车长客股份
CR400BF-G,5163,5174,北京铁路局 北京北,,中车长客股份
CR400BF-G,5175,5178,沈阳铁路局 沈阳北,,中车长客股份
CR400BF-G,5179,5184,沈阳铁路局 长春,,中车长客股份
CR400BF-G,5185,5185,北京铁路局 天津,,中车长客股份
CR400BF-G,5186,5187,北京铁路局 北京北,,中车长客股份
CR400BF-G,5188,5188,北京铁路局 天津,,中车长客股份
CR400BF-G,5189,5192,北京铁路局 北京北,,中车长客股份
CR400BF-G,5193,5193,北京铁路局 朝阳,,中车长客股份
CR400BF-G,5194,5198,北京铁路局 北京北,,中车长客股份
CR400BF-G,5199,5200,沈阳铁路局 沈阳北,,中车长客股份
CR400BF-G,5201,5202,沈阳铁路局 长春,,中车长客股份
CR400BF-GS,5307,5314,北京铁路局 朝阳,,中车长客股份
CR400BF-GS,5315,5316,沈阳铁路局 长春,,中车长客股份
CR400BF-GS,5317,5319,北京铁路局 朝阳,,中车长客股份
CR400BF-GS,5337,5340,北京铁路局 朝阳,,中车长客股份
CR400BF-GS,5341,5346,沈阳铁路局 长春,,中车长客股份
CR400BF-GS,5349,5351,北京铁路局 朝阳,,中车长客股份
CR400BF-GS,5352,5353,沈阳铁路局 沈阳北,,中车长客股份
CR400BF-GS,5354,5354,沈阳铁路局 长春,,中车长客股份
CR400BF-GS,5355,5357,哈尔滨铁路局 哈尔滨西,,中车长客股份
CR400BF-GS,5358,5360,北京铁路局 朝阳,,中车长客股份
CR400BF-GS,5361,5363,沈阳铁路局 沈阳北,,中车长客股份
CR400BF-GS,5387,5397,沈阳铁路局 沈阳北,,中车长客股份
CR400BF-GS,5398,5398,哈尔滨铁路局 哈尔滨西,,中车长客股份
CR400BF-GS,5399,5400,北京铁路局 朝阳,,中车长客股份
CR400BF-GS,5401,5403,沈阳铁路局 沈阳北,,中车长客股份
CR400BF-GS,5404,5404,哈尔滨铁路局 哈尔滨西,,中车长客股份
CR400BF-GS,5405,5407,北京铁路局 朝阳,,中车长客股份
CR400BF-GS,5408,5411,沈阳铁路局 沈阳北,,中车长客股份
CR400BF-GS,5412,5413,沈阳铁路局 长春,,中车长客股份
CR400BF-GS,5414,5414,沈阳铁路局 沈阳北,,中车长客股份
CR400BF-GS,5415,5416,沈阳铁路局 长春,,中车长客股份
CR400BF-GZ,5143,5143,哈尔滨铁路局 哈尔滨西,,中车长客股份
CR400BF-GZ,5203,5207,哈尔滨铁路局 哈尔滨西,,中车长客股份
CR400BF-GZ,5214,5219,哈尔滨铁路局 哈尔滨西,,中车长客股份
CR400BF-GZ,5256,5262,哈尔滨铁路局 哈尔滨西,,中车长客股份
CR400BF-J,1,1,铁科院,,中车长客股份
CR400BF-J,3,3,铁科院,,中车长客股份
CR400BF-J,511,511,,,中车长客股份
CR400BF-S,3157,3171,上海铁路局 上海虹桥,,中车唐山机车
CR400BF-S,3172,3172,上海铁路局 杭州西,,中车唐山机车
CR400BF-S,3173,3183,上海铁路局 上海虹桥,,中车唐山机车
CR400BF-S,3184,3184,上海铁路局 杭州西,,中车唐山机车
CR400BF-S,3185,3188,上海铁路局 上海虹桥,,中车唐山机车
CR400BF-S,3189,3190,北京铁路局 北京南,,中车唐山机车
CR400BF-S,3191,3191,北京铁路局 天津,,中车唐山机车
CR400BF-S,3192,3192,北京铁路局 朝阳,,中车唐山机车
CR400BF-S,3193,3194,北京铁路局 北京南,,中车唐山机车
CR400BF-S,3195,3195,北京铁路局 天津,,中车唐山机车
CR400BF-S,3196,3197,北京铁路局 北京南,,中车唐山机车
CR400BF-S,3198,3205,上海铁路局 上海虹桥,,中车唐山机车
CR400BF-S,3206,3206,北京铁路局 北京南,,中车唐山机车
CR400BF-S,3207,3209,北京铁路局 天津,,中车唐山机车
CR400BF-S,3210,3211,上海铁路局 上海虹桥,,中车唐山机车
CR400BF-S,3212,3212,北京铁路局 北京南,,中车唐山机车
CR400BF-S,3213,3213,北京铁路局 朝阳,,中车唐山机车
CR400BF-S,3214,3214,上海铁路局 上海虹桥,,中车唐山机车
CR400BF-S,3215,3215,北京铁路局 天津,,中车唐山机车
CR400BF-S,3216,3217,上海铁路局 上海虹桥,,中车唐山机车
CR400BF-S,3218,3223,北京铁路局 天津,,中车唐山机车
CR400BF-S,3229,3232,广州铁路局 广州南,,中车唐山机车
CR400BF-S,3233,3238,上海铁路局 上海虹桥,,中车唐山机车
CR400BF-S,3239,3242,广州铁路局 广州南,,中车唐山机车
CR400BF-S,3243,3250,武汉铁路局 武汉,,中车唐山机车
CR400BF-S,3251,3253,广州铁路局 广州南,,中车唐山机车
CR400BF-S,3254,3266,武汉铁路局 武汉,,中车唐山机车
CR400BF-S,5281,5287,广州铁路局 广州南,,中车长客股份
CR400BF-S,5288,5290,郑州铁路局 郑州东,,中车长客股份
CR400BF-S,5291,5296,北京铁路局 天津,,中车长客股份
CR400BF-S,5297,5306,上海铁路局 杭州西,,中车长客股份
CR400BF-S,5320,5323,广州铁路局 广州南,,中车长客股份
CR400BF-S,5324,5327,郑州铁路局 郑州东,,中车长客股份
CR400BF-S,5328,5332,广州铁路局 广州南,,中车长客股份
CR400BF-S,5333,5336,郑州铁路局 郑州东,,中车长客股份
CR400BF-S,5369,5372,郑州铁路局 郑州东,,中车长客股份
CR400BF-S,5373,5374,北京铁路局 天津,,中车长客股份
CR400BF-S,5375,5375,郑州铁路局 郑州东,,中车长客股份
CR400BF-S,5376,5384,广州铁路局 广州南,,中车长客股份
CR400BF-S,5385,5386,郑州铁路局 郑州东,,中车长客股份
CR400BF-Z,311,312,北京铁路局 北京南,,中车唐山机车
CR400BF-Z,511,514,郑州铁路局 郑州东,,中车长客股份
CR400BF-Z,521,524,上海铁路局 杭州西,,中车长客股份
CR400BF-Z,3117,3124,广州铁路局 广州南,,中车唐山机车
CR400BF-Z,3125,3137,西安铁路局 西安北,,中车唐山机车
CR400BF-Z,3138,3145,北京铁路局 北京南,,中车唐山机车
CR400BF-Z,3146,3156,西安铁路局 西安北,,中车唐山机车
CR400BF-Z,5210,5213,北京铁路局 北京南,,中车长客股份
CR400BF-Z,5220,5227,北京铁路局 北京南,,中车长客股份
CR400BF-Z,5228,5228,广州铁路局 广州南,,中车长客股份
CR400BF-Z,5229,5230,郑州铁路局 郑州东,,中车长客股份
CR400BF-Z,5231,5232,广州铁路局 广州南,,中车长客股份
CR400BF-Z,5233,5234,郑州铁路局 郑州东,,中车长客股份
CR400BF-Z,5235,5235,广州铁路局 广州南,,中车长客股份
CR400BF-Z,5236,5236,郑州铁路局 郑州东,,中车长客股份
CR400BF-Z,5237,5238,广州铁路局 广州南,,中车长客股份
CR400BF-Z,5239,5241,郑州铁路局 郑州东,,中车长客股份
CR400BF-Z,5242,5246,兰州铁路局 兰州西,,中车长客股份
CR400BF-Z,5247,5251,郑州铁路局 郑州东,,中车长客股份
CR400BF-Z,5263,5275,西安铁路局 西安北,,中车长客股份
CR450AF,201,201,,,中车青岛四方
CR450BF,501,501,,,中车长客股份
CRH1A,1001,1020,广州铁路局 广州东,,AST
CRH1A,1021,1040,成都铁路局 天府,,AST
CRH1A,1081,1085,南昌铁路局 厦门北,,AST
CRH1A,1086,1090,广州铁路局 佛山西,,AST
CRH1A,1091,1093,南昌铁路局 厦门北,,AST
CRH1A,1094,1104,广州铁路局 佛山西,,AST
CRH1A,1105,1105,南昌铁路局 厦门北,,AST
CRH1A,1106,1109,广州铁路局 佛山西,,AST
CRH1A,1110,1116,南昌铁路局 厦门北,,AST
CRH1A,1117,1119,广州铁路局 佛山西,,AST
CRH1A,1120,1120,南昌铁路局 厦门北,,AST
CRH1A,1121,1122,南昌铁路局 福州南,,AST
CRH1A,1123,1124,广州铁路局 佛山西,,AST
CRH1A,1125,1140,南昌铁路局 福州南,,AST
CRH1A,1141,1143,广州铁路局 佛山西,,AST
CRH1A,1144,1153,南昌铁路局 福州南,,AST
CRH1A,1154,1154,广州铁路局 佛山西,,AST
CRH1A,1155,1164,南昌铁路局 福州南,,AST
CRH1A,1165,1166,广州铁路局 佛山西,,AST
CRH1A,1167,1168,广州铁路局 广州东,,AST
CRH1A-A,1169,1176,广州铁路局 潮州,,AST
CRH1A-A,1177,1184,广州铁路局 三亚,,AST
CRH1A-A,1185,1208,南昌铁路局 福州南,,AST
CRH1A-A,1209,1216,广州铁路局 三亚,,AST
CRH1A-A,1217,1228,广州铁路局 潮州,,AST
CRH1A-A,1234,1260,广州铁路局 潮州,,AST
CRH1B,1041,1045,上海铁路局 杭州,,AST
CRH1B,1046,1046,国铁集团 已退役,,AST
CRH1B,1047,1060,上海铁路局 南翔,,AST
CRH1B,1076,1080,上海铁路局 杭州,,AST
CRH1E,1061,1068,成都铁路局 天府,,AST
CRH1E,1069,1075,上海铁路局 南翔,,AST
CRH1E,1229,1233,上海铁路局 南翔,,AST
CRH2A,2001,2003,上海铁路局 上海南,,中车青岛四方
CRH2A,2004,2009,上海铁路局 南通,,中车青岛四方
CRH2A,2010,2010,国铁集团,,中车青岛四方
CRH2A,2011,2011,武汉铁路局 汉口,,中车青岛四方
CRH2A,2012,2012,上海铁路局 南通,,中车青岛四方
CRH2A,2013,2013,武汉铁路局 汉口,,中车青岛四方
CRH2A,2014,2014,上海铁路局 南通,,中车青岛四方
CRH2A,2015,2016,上海铁路局 上海南,,中车青岛四方
CRH2A,2017,2017,武汉铁路局 武汉,,中车青岛四方
CRH2A,2018,2018,上海铁路局 上海南,,中车青岛四方
CRH2A,2019,2019,武汉铁路局 武汉,,中车青岛四方
CRH2A,2020,2020,上海铁路局 上海南,,中车青岛四方
CRH2A,2021,2021,上海铁路局 南通,,中车青岛四方
CRH2A,2022,2023,武汉铁路局 汉口,,中车青岛四方
CRH2A,2024,2026,上海铁路局 南通,,中车青岛四方
CRH2A,2027,2027,武汉铁路局 武汉,,中车青岛四方
CRH2A,2028,2028,上海铁路局 上海南,,中车青岛四方
CRH2A,2029,2029,武汉铁路局 汉口,,中车青岛四方
CRH2A,2030,2032,上海铁路局 南通,,中车青岛四方
CRH2A,2033,2033,武汉铁路局 汉口,,中车青岛四方
CRH2A,2034,2034,武汉铁路局 武汉,,中车青岛四方
CRH2A,2035,2035,武汉铁路局 汉口,,中车青岛四方
CRH2A,2036,2038,上海铁路局 南通,,中车青岛四方
CRH2A,2039,2039,武汉铁路局 汉口,,中车青岛四方
CRH2A,2040,2042,上海铁路局 南通,,中车青岛四方
CRH2A,2043,2043,武汉铁路局 汉口,,中车青岛四方
CRH2A,2044,2044,上海铁路局 南通,,中车青岛四方
CRH2A,2045,2045,武汉铁路局 武汉,,中车青岛四方
CRH2A,2046,2047,武汉铁路局 汉口,,中车青岛四方
CRH2A,2048,2049,武汉铁路局 武汉,,中车青岛四方
CRH2A,2050,2052,武汉铁路局 汉口,,中车青岛四方
CRH2A,2053,2053,武汉铁路局 武汉,,中车青岛四方
CRH2A,2054,2055,武汉铁路局 汉口,,中车青岛四方
CRH2A,2056,2056,武汉铁路局 武汉,,中车青岛四方
CRH2A,2057,2058,上海铁路局 上海南,,中车青岛四方
CRH2A,2059,2060,武汉铁路局 汉口,,中车青岛四方
CRH2A,2151,2151,武汉铁路局 武汉,,中车青岛四方
CRH2A,2152,2152,武汉铁路局 汉口,,中车青岛四方
CRH2A,2153,2160,上海铁路局 南通,,中车青岛四方
CRH2A,2161,2161,上海铁路局 上海南,,中车青岛四方
CRH2A,2162,2164,武汉铁路局 汉口,,中车青岛四方
CRH2A,2165,2165,上海铁路局 南通,,中车青岛四方
CRH2A,2166,2168,上海铁路局 上海南,,中车青岛四方
CRH2A,2169,2169,武汉铁路局 汉口,,中车青岛四方
CRH2A,2170,2172,上海铁路局 南通,,中车青岛四方
CRH2A,2173,2173,武汉铁路局 汉口,,中车青岛四方
CRH2A,2174,2176,上海铁路局 上海南,,中车青岛四方
CRH2A,2177,2178,上海铁路局 南通,,中车青岛四方
CRH2A,2179,2179,武汉铁路局 汉口,,中车青岛四方
CRH2A,2180,2180,武汉铁路局 武汉,,中车青岛四方
CRH2A,2181,2184,上海铁路局 上海南,,中车青岛四方
CRH2A,2185,2185,上海铁路局 南通,,中车青岛四方
CRH2A,2186,2187,上海铁路局 上海南,,中车青岛四方
CRH2A,2188,2188,上海铁路局 南通,,中车青岛四方
CRH2A,2189,2189,上海铁路局 上海南,,中车青岛四方
CRH2A,2190,2191,上海铁路局 南通,,中车青岛四方
CRH2A,2192,2193,武汉铁路局 汉口,,中车青岛四方
CRH2A,2194,2196,上海铁路局 上海南,,中车青岛四方
CRH2A,2197,2198,上海铁路局 南通,,中车青岛四方
CRH2A,2199,2199,武汉铁路局 武汉,,中车青岛四方
CRH2A,2200,2201,武汉铁路局 汉口,,中车青岛四方
CRH2A,2202,2202,上海铁路局 南通,,中车青岛四方
CRH2A,2203,2203,上海铁路局 上海南,,中车青岛四方
CRH2A,2204,2204,上海铁路局 南通,,中车青岛四方
CRH2A,2205,2211,武汉铁路局 汉口,,中车青岛四方
CRH2A,2212,2212,济南铁路局 青岛,,中车青岛四方
CRH2A,2213,2216,南昌铁路局 南昌西,,中车青岛四方
CRH2A,2217,2217,太原铁路局 太原,,中车青岛四方
CRH2A,2218,2220,南昌铁路局 南昌西,,中车青岛四方
CRH2A,2221,2221,昆明铁路局 昆明南,,中车青岛四方
CRH2A,2222,2224,南昌铁路局 南昌西,,中车青岛四方
CRH2A,2225,2226,济南铁路局 济南,,中车青岛四方
CRH2A,2227,2227,济南铁路局 青岛,,中车青岛四方
CRH2A,2228,2228,成都铁路局 重庆北,,中车青岛四方
CRH2A,2229,2230,昆明铁路局 昆明南,,中车青岛四方
CRH2A,2231,2231,成都铁路局 重庆北,,中车青岛四方
CRH2A,2232,2232,昆明铁路局 昆明南,,中车青岛四方
CRH2A,2233,2235,南昌铁路局 南昌西,,中车青岛四方
CRH2A,2236,2236,昆明铁路局 昆明南,,中车青岛四方
CRH2A,2237,2237,南昌铁路局 南昌西,,中车青岛四方
CRH2A,2238,2238,南宁铁路局 南宁,,中车青岛四方
CRH2A,2239,2239,南宁铁路局 桂林,,中车青岛四方
CRH2A,2240,2245,南宁铁路局 南宁,,中车青岛四方
CRH2A,2246,2248,南昌铁路局 南昌西,,中车青岛四方
CRH2A,2249,2251,太原铁路局 太原,,中车青岛四方
CRH2A,2252,2255,南昌铁路局 南昌西,,中车青岛四方
CRH2A,2256,2256,太原铁路局 太原,,中车青岛四方
CRH2A,2257,2260,南昌铁路局 南昌西,,中车青岛四方
CRH2A,2261,2261,济南铁路局 济南,,中车青岛四方
CRH2A,2262,2263,南宁铁路局 南宁,,中车青岛四方
CRH2A,2264,2265,昆明铁路局 昆明南,,中车青岛四方
CRH2A,2266,2266,南宁铁路局 桂林,,中车青岛四方
CRH2A,2267,2268,济南铁路局 济南,,中车青岛四方
CRH2A,2269,2270,南宁铁路局 南宁,,中车青岛四方
CRH2A,2271,2271,南昌铁路局 南昌西,,中车青岛四方
CRH2A,2272,2272,成都铁路局 贵阳北,,中车青岛四方
CRH2A,2273,2274,昆明铁路局 昆明南,,中车青岛四方
CRH2A,2275,2275,南昌铁路局 南昌西,,中车青岛四方
CRH2A,2276,2276,南宁铁路局 南宁,,中车青岛四方
CRH2A,2277,2278,南宁铁路局 桂林,,中车青岛四方
CRH2A,2279,2279,南宁铁路局 南宁,,中车青岛四方
CRH2A,2280,2280,南宁铁路局 桂林,,中车青岛四方
CRH2A,2281,2281,南宁铁路局 南宁,,中车青岛四方
CRH2A,2282,2282,南昌铁路局 厦门北,,中车青岛四方
CRH2A,2283,2283,南昌铁路局 福州南,,中车青岛四方
CRH2A,2284,2285,南昌铁路局 南昌西,,中车青岛四方
CRH2A,2286,2287,南宁铁路局 南宁,,中车青岛四方
CRH2A,2288,2288,南宁铁路局 桂林,,中车青岛四方
CRH2A,2289,2289,南宁铁路局 南宁,,中车青岛四方
CRH2A,2290,2293,南昌铁路局 南昌西,,中车青岛四方
CRH2A,2294,2295,太原铁路局 太原,,中车青岛四方
CRH2A,2296,2297,南宁铁路局 南宁,,中车青岛四方
CRH2A,2298,2298,广州铁路局 佛山西,,中车青岛四方
CRH2A,2299,2299,昆明铁路局 昆明南,,中车青岛四方
CRH2A,2300,2300,南宁铁路局 桂林,,中车青岛四方
CRH2A,2301,2301,南宁铁路局 南宁,,中车青岛四方
CRH2A,2302,2302,南昌铁路局 南昌西,,中车青岛四方
CRH2A,2303,2303,南宁铁路局 南宁,,中车青岛四方
CRH2A,2304,2304,昆明铁路局 昆明南,,中车青岛四方
CRH2A,2305,2305,成都铁路局 重庆北,,中车青岛四方
CRH2A,2306,2307,南宁铁路局 桂林,,中车青岛四方
CRH2A,2308,2311,太原铁路局 太原,,中车青岛四方
CRH2A,2312,2314,南宁铁路局 南宁,,中车青岛四方
CRH2A,2315,2315,昆明铁路局 昆明南,,中车青岛四方
CRH2A,2316,2319,太原铁路局 太原,,中车青岛四方
CRH2A,2320,2320,广州铁路局 佛山西,,中车青岛四方
CRH2A,2321,2321,成都铁路局 重庆北,,中车青岛四方
CRH2A,2322,2322,昆明铁路局 昆明南,,中车青岛四方
CRH2A,2323,2323,成都铁路局 重庆北,,中车青岛四方
CRH2A,2324,2324,南昌铁路局 南昌西,,中车青岛四方
CRH2A,2325,2325,成都铁路局 重庆北,,中车青岛四方
CRH2A,2326,2326,南昌铁路局 南昌西,,中车青岛四方
CRH2A,2327,2328,南宁铁路局 南宁,,中车青岛四方
CRH2A,2329,2331,广州铁路局 佛山西,,中车青岛四方
CRH2A,2332,2332,济南铁路局 济南,,中车青岛四方
CRH2A,2333,2333,成都铁路局 贵阳北,,中车青岛四方
CRH2A,2334,2334,济南铁路局 济南,,中车青岛四方
CRH2A,2335,2336,成都铁路局 重庆北,,中车青岛四方
CRH2A,2337,2337,成都铁路局 贵阳北,,中车青岛四方
CRH2A,2338,2340,成都铁路局 重庆北,,中车青岛四方
CRH2A,2341,2341,广州铁路局 佛山西,,中车青岛四方
CRH2A,2342,2342,昆明铁路局 昆明南,,中车青岛四方
CRH2A,2343,2344,广州铁路局 佛山西,,中车青岛四方
CRH2A,2345,2345,济南铁路局 青岛,,中车青岛四方
CRH2A,2346,2348,南宁铁路局 南宁,,中车青岛四方
CRH2A,2349,2349,太原铁路局 太原,,中车青岛四方
CRH2A,2350,2350,北京铁路局 石家庄,,中车青岛四方
CRH2A,2351,2351,昆明铁路局 昆明南,,中车青岛四方
CRH2A,2352,2355,济南铁路局 青岛,,中车青岛四方
CRH2A,2356,2357,济南铁路局 济南,,中车青岛四方
CRH2A,2358,2359,济南铁路局 青岛,,中车青岛四方
CRH2A,2360,2360,成都铁路局 贵阳北,,中车青岛四方
CRH2A,2361,2361,济南铁路局 济南,,中车青岛四方
CRH2A,2362,2362,济南铁路局 青岛,,中车青岛四方
CRH2A,2363,2363,成都铁路局 贵阳北,,中车青岛四方
CRH2A,2364,2364,成都铁路局 重庆北,,中车青岛四方
CRH2A,2365,2365,济南铁路局 青岛,,中车青岛四方
CRH2A,2366,2369,南宁铁路局 桂林,,中车青岛四方
CRH2A,2370,2371,南宁铁路局 南宁,,中车青岛四方
CRH2A,2372,2372,广州铁路局 佛山西,,中车青岛四方
CRH2A,2373,2374,成都铁路局 重庆北,,中车青岛四方
CRH2A,2375,2375,南宁铁路局 南宁,,中车青岛四方
CRH2A,2376,2377,济南铁路局 青岛,,中车青岛四方
CRH2A,2378,2378,南宁铁路局 南宁,,中车青岛四方
CRH2A,2379,2382,广州铁路局 佛山西,,中车青岛四方
CRH2A,2383,2383,南宁铁路局 南宁,,中车青岛四方
CRH2A,2384,2384,南宁铁路局 桂林,,中车青岛四方
CRH2A,2385,2385,成都铁路局 重庆北,,中车青岛四方
CRH2A,2386,2387,南宁铁路局 南宁,,中车青岛四方
CRH2A,2388,2389,广州铁路局 佛山西,,中车青岛四方
CRH2A,2390,2391,成都铁路局 重庆北,,中车青岛四方
CRH2A,2392,2392,成都铁路局 贵阳北,,中车青岛四方
CRH2A,2393,2394,南宁铁路局 南宁,,中车青岛四方
CRH2A,2395,2395,成都铁路局 贵阳北,,中车青岛四方
CRH2A,2396,2396,成都铁路局 重庆北,,中车青岛四方
CRH2A,2397,2397,成都铁路局 贵阳北,,中车青岛四方
CRH2A,2398,2399,南宁铁路局 南宁,,中车青岛四方
CRH2A,2400,2400,南宁铁路局 桂林,,中车青岛四方
CRH2A,2401,2401,南宁铁路局 南宁,,中车青岛四方
CRH2A,2402,2402,南宁铁路局 桂林,,中车青岛四方
CRH2A,2403,2403,广州铁路局 佛山西,,中车青岛四方
CRH2A,2404,2404,南宁铁路局 南宁,,中车青岛四方
CRH2A,2405,2405,北京铁路局 石家庄,,中车青岛四方
CRH2A,2406,2406,昆明铁路局 昆明南,,中车青岛四方
CRH2A,2407,2407,南宁铁路局 南宁,,中车青岛四方
CRH2A,2408,2408,北京铁路局 石家庄,,中车青岛四方
CRH2A,2409,2409,广州铁路局 佛山西,,中车青岛四方
CRH2A,2410,2411,济南铁路局 青岛,,中车青岛四方
CRH2A,2412,2413,南宁铁路局 桂林,,中车青岛四方
CRH2A,2414,2415,济南铁路局 青岛,,中车青岛四方
CRH2A,2416,2416,广州铁路局 佛山西,,中车青岛四方
CRH2A,2427,2427,南昌铁路局 南昌西,,中车青岛四方
CRH2A,2428,2428,广州铁路局 佛山西,,中车青岛四方
CRH2A,2429,2429,济南铁路局 济南,,中车青岛四方
CRH2A,2430,2430,济南铁路局 青岛,,中车青岛四方
CRH2A,2431,2431,南宁铁路局 桂林,,中车青岛四方
CRH2A,2432,2432,太原铁路局 太原,,中车青岛四方
CRH2A,2433,2433,南宁铁路局 桂林,,中车青岛四方
CRH2A,2434,2435,济南铁路局 济南,,中车青岛四方
CRH2A,2436,2436,南昌铁路局 福州南,,中车青岛四方
CRH2A,2437,2437,南昌铁路局 南昌西,,中车青岛四方
CRH2A,2438,2438,成都铁路局 重庆北,,中车青岛四方
CRH2A,2439,2439,南宁铁路局 桂林,,中车青岛四方
CRH2A,2440,2440,南昌铁路局 龙岩,,中车青岛四方
CRH2A,2441,2441,南昌铁路局 南昌西,,中车青岛四方
CRH2A,2442,2442,南昌铁路局 龙岩,,中车青岛四方
CRH2A,2443,2445,南宁铁路局 南宁,,中车青岛四方
CRH2A,2446,2446,南昌铁路局 厦门北,,中车青岛四方
CRH2A,2447,2447,南昌铁路局 龙岩,,中车青岛四方
CRH2A,2448,2449,北京铁路局 石家庄,,中车青岛四方
CRH2A,2450,2450,南宁铁路局 南宁,,中车青岛四方
CRH2A,2451,2456,南昌铁路局 龙岩,,中车青岛四方
CRH2A,2457,2458,南昌铁路局 厦门北,,中车青岛四方
CRH2A,2459,2459,济南铁路局 青岛,,中车青岛四方
CRH2A,2460,2460,昆明铁路局 昆明南,,中车青岛四方
CRH2A,2473,2473,广州铁路局 佛山西,,中车青岛四方
CRH2A,2474,2474,昆明铁路局 昆明南,,中车青岛四方
CRH2A,2475,2475,北京铁路局 石家庄,,中车青岛四方
CRH2A,2476,2476,南昌铁路局 南昌西,,中车青岛四方
CRH2A,2477,2477,南昌铁路局 福州南,,中车青岛四方
CRH2A,2478,2478,太原铁路局 太原,,中车青岛四方
CRH2A,2479,2479,广州铁路局 佛山西,,中车青岛四方
CRH2A,2480,2482,成都铁路局 重庆北,,中车青岛四方
CRH2A,2483,2485,济南铁路局 济南,,中车青岛四方
CRH2A,2486,2486,济南铁路局 青岛,,中车青岛四方
CRH2A,2487,2487,广州铁路局 佛山西,,中车青岛四方
CRH2A,2488,2488,北京铁路局 石家庄,,中车青岛四方
CRH2A,2489,2489,昆明铁路局 昆明南,,中车青岛四方
CRH2A,2490,2491,成都铁路局 重庆北,,中车青岛四方
CRH2A,2492,2492,昆明铁路局 昆明南,,中车青岛四方
CRH2A,2493,2493,南昌铁路局 厦门北,,中车青岛四方
CRH2A,2494,2494,南昌铁路局 南昌西,,中车青岛四方
CRH2A,2495,2495,广州铁路局 佛山西,,中车青岛四方
CRH2A,2496,2496,北京铁路局 石家庄,,中车青岛四方
CRH2A,2497,2498,广州铁路局 佛山西,,中车青岛四方
CRH2A,2499,2499,昆明铁路局 昆明南,,中车青岛四方
CRH2A,2828,2828,济南铁路局 济南,,中车青岛四方
CRH2A,4001,4001,昆明铁路局 昆明南,,中车青岛四方
CRH2A,4002,4004,广州铁路局 佛山西,,中车青岛四方
CRH2A,4005,4005,昆明铁路局 昆明南,,中车青岛四方
CRH2A,4006,4006,南昌铁路局 福州南,,中车青岛四方
CRH2A,4007,4007,太原铁路局 太原,,中车青岛四方
CRH2A,4008,4008,南昌铁路局 福州南,,中车青岛四方
CRH2A,4009,4009,南昌铁路局 龙岩,,中车青岛四方
CRH2A,4010,4011,济南铁路局 青岛,,中车青岛四方
CRH2A,4012,4013,南昌铁路局 厦门北,,中车青岛四方
CRH2A,4014,4017,南昌铁路局 龙岩,,中车青岛四方
CRH2A,4018,4018,南宁铁路局 南宁,,中车青岛四方
CRH2A,4019,4019,昆明铁路局 昆明南,,中车青岛四方
CRH2A,4020,4020,成都铁路局 成都东,,中车青岛四方
CRH2A,4021,4021,昆明铁路局 昆明南,,中车青岛四方
CRH2A,4022,4023,成都铁路局 重庆北,,中车青岛四方
CRH2A,4024,4024,太原铁路局 太原,,中车青岛四方
CRH2A,4025,4025,北京铁路局 石家庄,,中车青岛四方
CRH2A,4026,4030,昆明铁路局 昆明南,,中车青岛四方
CRH2A,4031,4032,南宁铁路局 南宁,,中车青岛四方
CRH2A,4033,4034,南宁铁路局 桂林,,中车青岛四方
CRH2A,4035,4035,成都铁路局 重庆北,,中车青岛四方
CRH2A,4036,4036,太原铁路局 太原,,中车青岛四方
CRH2A,4037,4040,成都铁路局 重庆北,,中车青岛四方
CRH2A,4041,4041,南宁铁路局 桂林,,中车青岛四方
CRH2A,4042,4042,昆明铁路局 昆明南,,中车青岛四方
CRH2A,4043,4043,南宁铁路局 桂林,,中车青岛四方
CRH2A,4044,4044,昆明铁路局 昆明南,,中车青岛四方
CRH2A,4045,4050,南昌铁路局 龙岩,,中车青岛四方
CRH2A,4051,4052,济南铁路局 青岛,,中车青岛四方
CRH2A,4053,4054,昆明铁路局 昆明南,,中车青岛四方
CRH2A,4055,4055,广州铁路局 佛山西,,中车青岛四方
CRH2A,4056,4056,北京铁路局 石家庄,,中车青岛四方
CRH2A,4057,4059,昆明铁路局 昆明南,,中车青岛四方
CRH2A,4060,4061,广州铁路局 佛山西,,中车青岛四方
CRH2A,4062,4062,昆明铁路局 昆明南,,中车青岛四方
CRH2A,4063,4067,广州铁路局 佛山西,,中车青岛四方
CRH2A,4068,4068,南宁铁路局 桂林,,中车青岛四方
CRH2A,4069,4069,南宁铁路局 南宁,,中车青岛四方
CRH2A,4070,4070,南宁铁路局 桂林,,中车青岛四方
CRH2A,4071,4071,南宁铁路局 南宁,,中车青岛四方
CRH2A,4082,4095,昆明铁路局 昆明南,,中车青岛四方
CRH2A,4114,4115,南宁铁路局 南宁,,中车青岛四方
CRH2A,4116,4121,南宁铁路局 桂林,,中车青岛四方
CRH2A,4122,4131,太原铁路局 太原,,中车青岛四方
CRH2B,2111,2120,上海铁路局 南通,,中车青岛四方
CRH2B,2466,2472,武汉铁路局 汉口,,中车青岛四方
CRH2B,4096,4105,武汉铁路局 汉口,,中车青岛四方
CRH2C,2061,2061,国铁集团,,中车青岛四方
CRH2C,2062,2067,上海铁路局 南京,,中车青岛四方
CRH2C,2068,2068,国铁集团,,中车青岛四方
CRH2C,2069,2110,上海铁路局 南京,,中车青岛四方
CRH2C,2141,2149,上海铁路局 南京,,中车青岛四方
CRH2C,2150,2150,国铁集团,,中车青岛四方
CRH2E,2121,2121,广州铁路局 深圳,,中车青岛四方
CRH2E,2122,2126,北京铁路局 北京南,,中车青岛四方
CRH2E,2127,2127,广州铁路局 深圳,,中车青岛四方
CRH2E,2128,2128,北京铁路局 北京南,,中车青岛四方
CRH2E,2129,2129,广州铁路局 深圳,,中车青岛四方
CRH2E,2130,2135,北京铁路局 北京南,,中车青岛四方
CRH2E,2136,2136,广州铁路局 深圳,,中车青岛四方
CRH2E,2137,2138,北京铁路局 北京南,,中车青岛四方
CRH2E,2139,2139,国铁集团 已退役,,中车青岛四方
CRH2E,2140,2140,广州铁路局 深圳,,中车青岛四方
CRH2E,2461,2462,广州铁路局 佛山西,,中车青岛四方
CRH2E,2463,2465,北京铁路局 北京南,,中车青岛四方
CRH2G,2417,2423,西安铁路局 西安北,,中车青岛四方
CRH2G,2424,2426,成都铁路局 成都东,,中车青岛四方
CRH2G,4072,4072,西安铁路局 西安北,,中车青岛四方
CRH2G,4073,4073,成都铁路局 成都东,,中车青岛四方
CRH2G,4074,4075,西安铁路局 西安北,,中车青岛四方
CRH2G,4076,4076,成都铁路局 成都东,,中车青岛四方
CRH2G,4077,4078,西安铁路局 西安北,,中车青岛四方
CRH2G,4079,4081,成都铁路局 成都东,,中车青岛四方
CRH2G,4106,4106,西安铁路局 西安北,,中车青岛四方
CRH2G,4107,4107,成都铁路局 成都东,,中车青岛四方
CRH2G,4108,4113,西安铁路局 西安北,,中车青岛四方
CRH2G,4501,4501,西安铁路局 西安北,,中车南京浦镇
CRH2J,205,205,国铁集团,,中车青岛四方
CRH380A,251,259,香港铁路有限公司 石岗,,中车青岛四方
CRH380A,2501,2502,南昌铁路局 南昌西,,中车青岛四方
CRH380A,2503,2503,昆明铁路局 昆明南,,中车青岛四方
CRH380A,2504,2504,南昌铁路局 南昌西,,中车青岛四方
CRH380A,2505,2508,昆明铁路局 昆明南,,中车青岛四方
CRH380A,2509,2509,南昌铁路局 南昌西,,中车青岛四方
CRH380A,2510,2512,昆明铁路局 昆明南,,中车青岛四方
CRH380A,2513,2513,南昌铁路局 南昌西,,中车青岛四方
CRH380A,2514,2517,昆明铁路局 昆明南,,中车青岛四方
CRH380A,2518,2518,南昌铁路局 南昌西,,中车青岛四方
CRH380A,2519,2519,昆明铁路局 昆明南,,中车青岛四方
CRH380A,2520,2521,南昌铁路局 南昌西,,中车青岛四方
CRH380A,2522,2522,昆明铁路局 昆明南,,中车青岛四方
CRH380A,2523,2527,南昌铁路局 南昌西,,中车青岛四方
CRH380A,2528,2528,昆明铁路局 昆明南,,中车青岛四方
CRH380A,2529,2529,南昌铁路局 南昌西,,中车青岛四方
CRH380A,2530,2530,昆明铁路局 昆明南,,中车青岛四方
CRH380A,2531,2531,南昌铁路局 南昌西,,中车青岛四方
CRH380A,2532,2534,昆明铁路局 昆明南,,中车青岛四方
CRH380A,2535,2535,南昌铁路局 南昌西,,中车青岛四方
CRH380A,2536,2538,昆明铁路局 昆明南,,中车青岛四方
CRH380A,2539,2540,南昌铁路局 南昌西,,中车青岛四方
CRH380A,2641,2642,太原铁路局 太原,,中车青岛四方
CRH380A,2643,2643,武汉铁路局 襄阳,,中车青岛四方
CRH380A,2644,2644,昆明铁路局 昆明南,,中车青岛四方
CRH380A,2645,2645,成都铁路局 成都东,,中车青岛四方
CRH380A,2646,2646,武汉铁路局 襄阳,,中车青岛四方
CRH380A,2647,2647,成都铁路局 重庆北,,中车青岛四方
CRH380A,2648,2648,太原铁路局 太原,,中车青岛四方
CRH380A,2649,2650,南宁铁路局 南宁,,中车青岛四方
CRH380A,2651,2651,昆明铁路局 昆明南,,中车青岛四方
CRH380A,2652,2652,武汉铁路局 襄阳,,中车青岛四方
CRH380A,2653,2653,南宁铁路局 南宁,,中车青岛四方
CRH380A,2654,2654,太原铁路局 太原,,中车青岛四方
CRH380A,2655,2655,武汉铁路局 襄阳,,中车青岛四方
CRH380A,2656,2657,南宁铁路局 南宁,,中车青岛四方
CRH380A,2658,2658,南昌铁路局 福州南,,中车青岛四方
CRH380A,2659,2659,南昌铁路局 南昌东,,中车青岛四方
CRH380A,2660,2660,成都铁路局 成都东,,中车青岛四方
CRH380A,2661,2661,昆明铁路局 昆明南,,中车青岛四方
CRH380A,2662,2662,南宁铁路局 南宁,,中车青岛四方
CRH380A,2663,2664,太原铁路局 太原,,中车青岛四方
CRH380A,2665,2666,成都铁路局 成都东,,中车青岛四方
CRH380A,2667,2667,成都铁路局 重庆北,,中车青岛四方
CRH380A,2668,2669,太原铁路局 太原,,中车青岛四方
CRH380A,2670,2671,南宁铁路局 南宁,,中车青岛四方
CRH380A,2672,2672,成都铁路局 贵阳北,,中车青岛四方
CRH380A,2673,2673,武汉铁路局 襄阳,,中车青岛四方
CRH380A,2674,2679,太原铁路局 太原,,中车青岛四方
CRH380A,2680,2680,成都铁路局 重庆北,,中车青岛四方
CRH380A,2681,2681,太原铁路局 太原,,中车青岛四方
CRH380A,2682,2682,昆明铁路局 昆明南,,中车青岛四方
CRH380A,2683,2684,南昌铁路局 南昌东,,中车青岛四方
CRH380A,2685,2688,南宁铁路局 南宁,,中车青岛四方
CRH380A,2689,2690,太原铁路局 太原,,中车青岛四方
CRH380A,2691,2691,南昌铁路局 南昌西,,中车青岛四方
CRH380A,2692,2693,南昌铁路局 南昌东,,中车青岛四方
CRH380A,2694,2694,南昌铁路局 福州南,,中车青岛四方
CRH380A,2695,2696,南宁铁路局 南宁,,中车青岛四方
CRH380A,2697,2698,南昌铁路局 南昌西,,中车青岛四方
CRH380A,2699,2699,南昌铁路局 南昌东,,中车青岛四方
CRH380A,2700,2700,南昌铁路局 南昌西,,中车青岛四方
CRH380A,2701,2701,南昌铁路局 南昌东,,中车青岛四方
CRH380A,2702,2703,南昌铁路局 南昌西,,中车青岛四方
CRH380A,2704,2704,南昌铁路局 南昌东,,中车青岛四方
CRH380A,2705,2705,昆明铁路局 昆明南,,中车青岛四方
CRH380A,2706,2706,南宁铁路局 南宁,,中车青岛四方
CRH380A,2707,2708,南昌铁路局 南昌东,,中车青岛四方
CRH380A,2709,2709,南昌铁路局 福州南,,中车青岛四方
CRH380A,2710,2713,南昌铁路局 南昌西,,中车青岛四方
CRH380A,2714,2714,南昌铁路局 厦门北,,中车青岛四方
CRH380A,2715,2715,南宁铁路局 南宁,,中车青岛四方
CRH380A,2716,2716,南昌铁路局 厦门北,,中车青岛四方
CRH380A,2717,2717,南昌铁路局 南昌西,,中车青岛四方
CRH380A,2718,2719,南宁铁路局 南宁,,中车青岛四方
CRH380A,2720,2720,成都铁路局 成都东,,中车青岛四方
CRH380A,2721,2721,太原铁路局 太原,,中车青岛四方
CRH380A,2722,2722,昆明铁路局 昆明南,,中车青岛四方
CRH380A,2723,2723,武汉铁路局 襄阳,,中车青岛四方
CRH380A,2724,2725,南宁铁路局 南宁,,中车青岛四方
CRH380A,2726,2727,南昌铁路局 南昌西,,中车青岛四方
CRH380A,2728,2728,南昌铁路局 南昌东,,中车青岛四方
CRH380A,2729,2731,南昌铁路局 南昌西,,中车青岛四方
CRH380A,2732,2732,南宁铁路局 南宁,,中车青岛四方
CRH380A,2733,2733,成都铁路局 成都东,,中车青岛四方
CRH380A,2734,2736,南宁铁路局 南宁,,中车青岛四方
CRH380A,2737,2737,南昌铁路局 南昌西,,中车青岛四方
CRH380A,2738,2740,南宁铁路局 南宁,,中车青岛四方
CRH380A,2741,2742,南昌铁路局 南昌东,,中车青岛四方
CRH380A,2743,2743,南昌铁路局 南昌西,,中车青岛四方
CRH380A,2744,2744,南昌铁路局 南昌东,,中车青岛四方
CRH380A,2745,2745,南昌铁路局 南昌西,,中车青岛四方
CRH380A,2746,2746,昆明铁路局 昆明南,,中车青岛四方
CRH380A,2747,2747,武汉铁路局 襄阳,,中车青岛四方
CRH380A,2748,2748,成都铁路局 天府,,中车青岛四方
CRH380A,2749,2749,成都铁路局 成都东,,中车青岛四方
CRH380A,2750,2750,南昌铁路局 南昌西,,中车青岛四方
CRH380A,2751,2753,南昌铁路局 南昌东,,中车青岛四方
CRH380A,2754,2755,南昌铁路局 南昌西,,中车青岛四方
CRH380A,2756,2756,成都铁路局 贵阳北,,中车青岛四方
CRH380A,2757,2757,成都铁路局 重庆北,,中车青岛四方
CRH380A,2758,2758,成都铁路局 成都东,,中车青岛四方
CRH380A,2759,2759,成都铁路局 贵阳北,,中车青岛四方
CRH380A,2760,2760,南昌铁路局 南昌东,,中车青岛四方
CRH380A,2761,2761,南昌铁路局 南昌西,,中车青岛四方
CRH380A,2762,2762,成都铁路局 重庆北,,中车青岛四方
CRH380A,2763,2763,成都铁路局 天府,,中车青岛四方
CRH380A,2764,2765,成都铁路局 成都东,,中车青岛四方
CRH380A,2766,2767,南宁铁路局 南宁,,中车青岛四方
CRH380A,2768,2769,成都铁路局 重庆北,,中车青岛四方
CRH380A,2770,2771,成都铁路局 成都东,,中车青岛四方
CRH380A,2772,2772,成都铁路局 贵阳北,,中车青岛四方
CRH380A,2773,2773,成都铁路局 天府,,中车青岛四方
CRH380A,2774,2774,成都铁路局 成都东,,中车青岛四方
CRH380A,2775,2775,成都铁路局 重庆北,,中车青岛四方
CRH380A,2776,2776,成都铁路局 贵阳北,,中车青岛四方
CRH380A,2777,2777,成都铁路局 成都东,,中车青岛四方
CRH380A,2778,2778,成都铁路局 贵阳北,,中车青岛四方
CRH380A,2779,2779,成都铁路局 天府,,中车青岛四方
CRH380A,2780,2781,成都铁路局 重庆北,,中车青岛四方
CRH380A,2782,2782,太原铁路局 太原,,中车青岛四方
CRH380A,2783,2783,成都铁路局 重庆北,,中车青岛四方
CRH380A,2784,2784,南昌铁路局 南昌东,,中车青岛四方
CRH380A,2785,2785,南昌铁路局 厦门北,,中车青岛四方
CRH380A,2786,2786,南昌铁路局 南昌东,,中车青岛四方
CRH380A,2787,2787,南昌铁路局 福州南,,中车青岛四方
CRH380A,2788,2789,南昌铁路局 厦门北,,中车青岛四方
CRH380A,2790,2791,南昌铁路局 福州南,,中车青岛四方
CRH380A,2792,2793,南昌铁路局 厦门北,,中车青岛四方
CRH380A,2794,2795,南昌铁路局 福州南,,中车青岛四方
CRH380A,2796,2796,广州铁路局 广州南,,中车青岛四方
CRH380A,2797,2797,南宁铁路局 南宁,,中车青岛四方
CRH380A,2798,2798,太原铁路局 太原,,中车青岛四方
CRH380A,2799,2799,南宁铁路局 南宁,,中车青岛四方
CRH380A,2800,2800,太原铁路局 太原,,中车青岛四方
CRH380A,2801,2801,成都铁路局 贵阳北,,中车青岛四方
CRH380A,2802,2803,南昌铁路局 南昌东,,中车青岛四方
CRH380A,2804,2804,南昌铁路局 福州南,,中车青岛四方
CRH380A,2805,2805,南昌铁路局 厦门北,,中车青岛四方
CRH380A,2806,2807,南昌铁路局 福州南,,中车青岛四方
CRH380A,2809,2810,成都铁路局 成都东,,中车青岛四方
CRH380A,2811,2811,成都铁路局 重庆北,,中车青岛四方
CRH380A,2812,2812,成都铁路局 贵阳北,,中车青岛四方
CRH380A,2813,2813,成都铁路局 重庆北,,中车青岛四方
CRH380A,2814,2814,太原铁路局 太原,,中车青岛四方
CRH380A,2815,2817,南昌铁路局 福州南,,中车青岛四方
CRH380A,2819,2819,南昌铁路局 厦门北,,中车青岛四方
CRH380A,2820,2820,成都铁路局 成都东,,中车青岛四方
CRH380A,2821,2821,成都铁路局 贵阳北,,中车青岛四方
CRH380A,2822,2822,成都铁路局 重庆北,,中车青岛四方
CRH380A,2823,2823,成都铁路局 天府,,中车青岛四方
CRH380A,2824,2824,南昌铁路局 厦门北,,中车青岛四方
CRH380A,2825,2825,南昌铁路局 南昌东,,中车青岛四方
CRH380A,2826,2827,南宁铁路局 南宁,,中车青岛四方
CRH380A,2829,2831,成都铁路局 重庆北,,中车青岛四方
CRH380A,2832,2832,南宁铁路局 南宁,,中车青岛四方
CRH380A,2833,2833,南昌铁路局 南昌东,,中车青岛四方
CRH380A,2834,2834,南昌铁路局 厦门北,,中车青岛四方
CRH380A,2835,2836,成都铁路局 重庆北,,中车青岛四方
CRH380A,2837,2838,成都铁路局 贵阳北,,中车青岛四方
CRH380A,2839,2840,南昌铁路局 南昌东,,中车青岛四方
CRH380A,2841,2841,太原铁路局 太原,,中车青岛四方
CRH380A,2842,2842,成都铁路局 重庆北,,中车青岛四方
CRH380A,2843,2844,南昌铁路局 南昌东,,中车青岛四方
CRH380A,2845,2848,太原铁路局 太原,,中车青岛四方
CRH380A,2849,2849,南昌铁路局 南昌西,,中车青岛四方
CRH380A,2850,2850,南昌铁路局 厦门北,,中车青岛四方
CRH380A,2851,2852,南宁铁路局 南宁,,中车青岛四方
CRH380A,2853,2854,成都铁路局 成都东,,中车青岛四方
CRH380A,2855,2855,南昌铁路局 南昌西,,中车青岛四方
CRH380A,2856,2856,南昌铁路局 厦门北,,中车青岛四方
CRH380A,2857,2857,南昌铁路局 南昌西,,中车青岛四方
CRH380A,2858,2858,南昌铁路局 厦门北,,中车青岛四方
CRH380A,2859,2860,武汉铁路局 襄阳,,中车青岛四方
CRH380A,2861,2864,太原铁路局 太原,,中车青岛四方
CRH380A,2865,2865,南昌铁路局 南昌西,,中车青岛四方
CRH380A,2866,2866,南昌铁路局 南昌东,,中车青岛四方
CRH380A,2867,2867,太原铁路局 太原,,中车青岛四方
CRH380A,2868,2873,昆明铁路局 昆明南,,中车青岛四方
CRH380A,2874,2874,南宁铁路局 南宁,,中车青岛四方
CRH380A,2875,2875,昆明铁路局 昆明南,,中车青岛四方
CRH380A,2876,2876,成都铁路局 成都东,,中车青岛四方
CRH380A,2877,2877,武汉铁路局 襄阳,,中车青岛四方
CRH380A,2878,2878,南宁铁路局 南宁,,中车青岛四方
CRH380A,2879,2879,太原铁路局 太原,,中车青岛四方
CRH380A,2880,2880,昆明铁路局 昆明南,,中车青岛四方
CRH380A,2881,2881,南宁铁路局 南宁,,中车青岛四方
CRH380A,2882,2882,昆明铁路局 昆明南,,中车青岛四方
CRH380A,2883,2883,成都铁路局 成都东,,中车青岛四方
CRH380A,2884,2885,昆明铁路局 昆明南,,中车青岛四方
CRH380A,2886,2886,南昌铁路局 厦门北,,中车青岛四方
CRH380A,2887,2887,南昌铁路局 福州南,,中车青岛四方
CRH380A,2888,2888,武汉铁路局 襄阳,,中车青岛四方
CRH380A,2889,2889,昆明铁路局 昆明南,,中车青岛四方
CRH380A,2890,2891,南昌铁路局 福州南,,中车青岛四方
CRH380A,2892,2892,南昌铁路局 厦门北,,中车青岛四方
CRH380A,2893,2893,南昌铁路局 福州南,,中车青岛四方
CRH380A,2894,2894,南昌铁路局 厦门北,,中车青岛四方
CRH380A,2895,2895,南昌铁路局 福州南,,中车青岛四方
CRH380A,2896,2899,昆明铁路局 昆明南,,中车青岛四方
CRH380A,2900,2900,武汉铁路局 襄阳,,中车青岛四方
CRH380A,2901,2903,昆明铁路局 昆明南,,中车青岛四方
CRH380A,2904,2904,太原铁路局 太原,,中车青岛四方
CRH380A,2905,2905,昆明铁路局 昆明南,,中车青岛四方
CRH380A,2906,2906,南宁铁路局 南宁,,中车青岛四方
CRH380A,2907,2907,成都铁路局 重庆北,,中车青岛四方
CRH380A,2908,2908,太原铁路局 太原,,中车青岛四方
CRH380A,2909,2912,昆明铁路局 昆明南,,中车青岛四方
CRH380A,2921,2925,太原铁路局 太原,,中车青岛四方
CRH380A,2931,2935,太原铁路局 太原,,中车青岛四方
CRH380AJ,201,203,国铁集团,,中车青岛四方
CRH380AJ,2808,2808,国铁集团,,中车青岛四方
CRH380AJ,2818,2818,国铁集团,,中车青岛四方
CRH380AL,2541,2542,南昌铁路局 厦门北,,中车青岛四方
CRH380AL,2543,2543,北京铁路局 石家庄,,中车青岛四方
CRH380AL,2544,2547,南昌铁路局 厦门北,,中车青岛四方
CRH380AL,2548,2548,南昌铁路局 福州南,,中车青岛四方
CRH380AL,2549,2550,南昌铁路局 厦门北,,中车青岛四方
CRH380AL,2551,2551,北京铁路局 石家庄,,中车青岛四方
CRH380AL,2552,2552,南昌铁路局 福州南,,中车青岛四方
CRH380AL,2553,2553,南昌铁路局 厦门北,,中车青岛四方
CRH380AL,2554,2554,北京铁路局 石家庄,,中车青岛四方
CRH380AL,2555,2555,南昌铁路局 厦门北,,中车青岛四方
CRH380AL,2556,2556,北京铁路局 石家庄,,中车青岛四方
CRH380AL,2557,2560,南昌铁路局 福州南,,中车青岛四方
CRH380AL,2561,2561,南昌铁路局 厦门北,,中车青岛四方
CRH380AL,2562,2562,北京铁路局 石家庄,,中车青岛四方
CRH380AL,2563,2563,南昌铁路局 厦门北,,中车青岛四方
CRH380AL,2564,2564,北京铁路局 石家庄,,中车青岛四方
CRH380AL,2565,2566,南昌铁路局 福州南,,中车青岛四方
CRH380AL,2567,2570,北京铁路局 石家庄,,中车青岛四方
CRH380AL,2571,2572,西安铁路局 西安北,,中车青岛四方
CRH380AL,2573,2573,武汉铁路局 武汉,,中车青岛四方
CRH380AL,2574,2574,西安铁路局 西安北,,中车青岛四方
CRH380AL,2575,2575,武汉铁路局 武汉,,中车青岛四方
CRH380AL,2576,2576,武汉铁路局 襄阳,,中车青岛四方
CRH380AL,2577,2578,武汉铁路局 武汉,,中车青岛四方
CRH380AL,2579,2579,武汉铁路局 襄阳,,中车青岛四方
CRH380AL,2580,2580,武汉铁路局 武汉,,中车青岛四方
CRH380AL,2581,2581,武汉铁路局 襄阳,,中车青岛四方
CRH380AL,2582,2583,武汉铁路局 武汉,,中车青岛四方
CRH380AL,2584,2584,武汉铁路局 襄阳,,中车青岛四方
CRH380AL,2585,2587,武汉铁路局 武汉,,中车青岛四方
CRH380AL,2588,2588,武汉铁路局 襄阳,,中车青岛四方
CRH380AL,2589,2593,西安铁路局 西安北,,中车青岛四方
CRH380AL,2594,2595,郑州铁路局 郑州南,,中车青岛四方
CRH380AL,2596,2601,西安铁路局 西安北,,中车青岛四方
CRH380AL,2602,2602,郑州铁路局 郑州南,,中车青岛四方
CRH380AL,2603,2603,西安铁路局 西安北,,中车青岛四方
CRH380AL,2604,2604,郑州铁路局 郑州南,,中车青岛四方
CRH380AL,2605,2605,武汉铁路局 武汉,,中车青岛四方
CRH380AL,2606,2608,郑州铁路局 郑州南,,中车青岛四方
CRH380AL,2609,2609,西安铁路局 西安北,,中车青岛四方
CRH380AL,2610,2610,郑州铁路局 郑州南,,中车青岛四方
CRH380AL,2611,2611,武汉铁路局 襄阳,,中车青岛四方
CRH380AL,2612,2612,郑州铁路局 郑州南,,中车青岛四方
CRH380AL,2613,2614,武汉铁路局 武汉,,中车青岛四方
CRH380AL,2615,2616,广州铁路局 广州南,,中车青岛四方
CRH380AL,2617,2617,郑州铁路局 郑州南,,中车青岛四方
CRH380AL,2618,2618,广州铁路局 广州南,,中车青岛四方
CRH380AL,2619,2620,郑州铁路局 郑州南,,中车青岛四方
CRH380AL,2621,2625,武汉铁路局 武汉,,中车青岛四方
CRH380AL,2626,2626,西安铁路局 西安北,,中车青岛四方
CRH380AL,2627,2631,武汉铁路局 襄阳,,中车青岛四方
CRH380AL,2632,2632,武汉铁路局 武汉,,中车青岛四方
CRH380AL,2633,2633,西安铁路局 西安北,,中车青岛四方
CRH380AL,2634,2636,武汉铁路局 武汉,,中车青岛四方
CRH380AL,2637,2638,西安铁路局 西安北,,中车青岛四方
CRH380AL,2639,2640,广州铁路局 广州南,,中车青岛四方
CRH380AL,2913,2914,广州铁路局 广州南,,中车青岛四方
CRH380AL,2915,2919,成都铁路局 天府,,中车青岛四方
CRH380AL,2920,2920,广州铁路局 广州南,,中车青岛四方
CRH380AL,2926,2930,广州铁路局 广州南,,中车青岛四方
CRH380AM,204,204,国铁集团,,中车青岛四方
CRH380AN,206,206,成都铁路局 成都东,,中车青岛四方
CRH380B,3571,3571,西安铁路局 西安北,,中车唐山机车
CRH380B,3572,3573,上海铁路局 合肥南,,中车唐山机车
CRH380B,3574,3574,西安铁路局 西安北,,中车唐山机车
CRH380B,3575,3575,上海铁路局 合肥南,,中车唐山机车
CRH380B,3576,3576,西安铁路局 西安北,,中车唐山机车
CRH380B,3577,3577,广州铁路局 新塘,,中车唐山机车
CRH380B,3578,3578,广州铁路局 长沙,,中车唐山机车
CRH380B,3579,3579,广州铁路局 新塘,,中车唐山机车
CRH380B,3580,3581,上海铁路局 合肥南,,中车唐山机车
CRH380B,3582,3582,西安铁路局 西安北,,中车唐山机车
CRH380B,3583,3583,上海铁路局 合肥南,,中车唐山机车
CRH380B,3584,3584,西安铁路局 西安北,,中车唐山机车
CRH380B,3585,3587,上海铁路局 杭州西,,中车唐山机车
CRH380B,3588,3588,西安铁路局 西安北,,中车唐山机车
CRH380B,3589,3589,上海铁路局 杭州西,,中车唐山机车
CRH380B,3590,3590,上海铁路局 合肥南,,中车唐山机车
CRH380B,3591,3591,上海铁路局 杭州西,,中车唐山机车
CRH380B,3592,3592,西安铁路局 西安北,,中车唐山机车
CRH380B,3593,3593,上海铁路局 合肥南,,中车唐山机车
CRH380B,3594,3594,上海铁路局 杭州西,,中车唐山机车
CRH380B,3595,3595,上海铁路局 徐州东,,中车唐山机车
CRH380B,3596,3597,广州铁路局 新塘,,中车唐山机车
CRH380B,3598,3598,上海铁路局 徐州东,,中车唐山机车
CRH380B,3599,3599,广州铁路局 新塘,,中车唐山机车
CRH380B,3600,3600,上海铁路局 杭州西,,中车唐山机车
CRH380B,3601,3603,上海铁路局 合肥南,,中车唐山机车
CRH380B,3604,3607,上海铁路局 杭州西,,中车唐山机车
CRH380B,3608,3608,广州铁路局 长沙,,中车唐山机车
CRH380B,3609,3609,上海铁路局 杭州西,,中车唐山机车
CRH380B,3610,3610,西安铁路局 西安北,,中车唐山机车
CRH380B,3611,3611,上海铁路局 合肥南,,中车唐山机车
CRH380B,3612,3612,上海铁路局 杭州西,,中车唐山机车
CRH380B,3613,3613,上海铁路局 合肥南,,中车唐山机车
CRH380B,3614,3615,上海铁路局 杭州西,,中车唐山机车
CRH380B,3616,3616,广州铁路局 深圳,,中车唐山机车
CRH380B,3617,3617,西安铁路局 西安北,,中车唐山机车
CRH380B,3618,3618,上海铁路局 杭州西,,中车唐山机车
CRH380B,3619,3619,上海铁路局 合肥南,,中车唐山机车
CRH380B,3620,3620,上海铁路局 杭州西,,中车唐山机车
CRH380B,3621,3622,广州铁路局 新塘,,中车唐山机车
CRH380B,3623,3623,上海铁路局 合肥南,,中车唐山机车
CRH380B,3624,3624,兰州铁路局 银川,,中车唐山机车
CRH380B,3625,3625,广州铁路局 长沙,,中车唐山机车
CRH380B,3626,3626,上海铁路局 合肥南,,中车唐山机车
CRH380B,3627,3627,西安铁路局 西安北,,中车唐山机车
CRH380B,3628,3628,广州铁路局 新塘,,中车唐山机车
CRH380B,3629,3629,上海铁路局 杭州西,,中车唐山机车
CRH380B,3630,3631,广州铁路局 新塘,,中车唐山机车
CRH380B,3632,3632,西安铁路局 西安北,,中车唐山机车
CRH380B,3633,3633,上海铁路局 杭州西,,中车唐山机车
CRH380B,3634,3634,上海铁路局 合肥南,,中车唐山机车
CRH380B,3635,3635,广州铁路局 新塘,,中车唐山机车
CRH380B,3636,3636,广州铁路局 长沙,,中车唐山机车
CRH380B,3637,3637,西安铁路局 西安北,,中车唐山机车
CRH380B,3638,3638,广州铁路局 长沙,,中车唐山机车
CRH380B,3639,3639,上海铁路局 合肥南,,中车唐山机车
CRH380B,3640,3640,上海铁路局 杭州西,,中车唐山机车
CRH380B,3641,3643,上海铁路局 合肥南,,中车唐山机车
CRH380B,3644,3645,上海铁路局 杭州西,,中车唐山机车
CRH380B,3646,3647,广州铁路局 深圳,,中车唐山机车
CRH380B,3648,3648,广州铁路局 新塘,,中车唐山机车
CRH380B,3649,3649,西安铁路局 西安北,,中车唐山机车
CRH380B,3650,3650,广州铁路局 长沙,,中车唐山机车
CRH380B,3651,3651,广州铁路局 深圳,,中车唐山机车
CRH380B,3652,3652,上海铁路局 杭州西,,中车唐山机车
CRH380B,3653,3653,上海铁路局 合肥南,,中车唐山机车
CRH380B,3654,3654,广州铁路局 新塘,,中车唐山机车
CRH380B,3655,3655,上海铁路局 合肥南,,中车唐山机车
CRH380B,3656,3656,广州铁路局 深圳,,中车唐山机车
CRH380B,3657,3657,西安铁路局 西安北,,中车唐山机车
CRH380B,3658,3658,广州铁路局 新塘,,中车唐山机车
CRH380B,3659,3659,广州铁路局 长沙,,中车唐山机车
CRH380B,3660,3660,广州铁路局 新塘,,中车唐山机车
CRH380B,3661,3661,广州铁路局 长沙,,中车唐山机车
CRH380B,3662,3662,西安铁路局 西安北,,中车唐山机车
CRH380B,3663,3663,上海铁路局 杭州西,,中车唐山机车
CRH380B,3664,3665,西安铁路局 西安北,,中车唐山机车
CRH380B,3666,3666,兰州铁路局 银川,,中车唐山机车
CRH380B,3667,3669,西安铁路局 西安北,,中车唐山机车
CRH380B,3670,3671,广州铁路局 长沙,,中车唐山机车
CRH380B,3672,3672,西安铁路局 西安北,,中车唐山机车
CRH380B,3673,3673,上海铁路局 合肥南,,中车唐山机车
CRH380B,3674,3674,上海铁路局 杭州西,,中车唐山机车
CRH380B,3675,3675,广州铁路局 深圳,,中车唐山机车
CRH380B,3676,3677,上海铁路局 合肥南,,中车唐山机车
CRH380B,3678,3678,上海铁路局 杭州西,,中车唐山机车
CRH380B,3679,3679,兰州铁路局 银川,,中车唐山机车
CRH380B,3680,3680,西安铁路局 西安北,,中车唐山机车
CRH380B,3681,3681,广州铁路局 新塘,,中车唐山机车
CRH380B,3682,3682,上海铁路局 合肥南,,中车唐山机车
CRH380B,3683,3684,广州铁路局 新塘,,中车唐山机车
CRH380B,3685,3685,广州铁路局 长沙,,中车唐山机车
CRH380B,3686,3688,广州铁路局 新塘,,中车唐山机车
CRH380B,3689,3689,广州铁路局 长沙,,中车唐山机车
CRH380B,3690,3690,广州铁路局 新塘,,中车唐山机车
CRH380B,3691,3694,西安铁路局 西安北,,中车唐山机车
CRH380B,3695,3696,兰州铁路局 银川,,中车唐山机车
CRH380B,3697,3697,西安铁路局 西安北,,中车唐山机车
CRH380B,3698,3698,广州铁路局 新塘,,中车唐山机车
CRH380B,3699,3699,广州铁路局 长沙,,中车唐山机车
CRH380B,3700,3700,广州铁路局 深圳,,中车唐山机车
CRH380B,3701,3701,广州铁路局 长沙,,中车唐山机车
CRH380B,3702,3703,兰州铁路局 银川,,中车唐山机车
CRH380B,3704,3704,上海铁路局 合肥南,,中车唐山机车
CRH380B,3705,3705,上海铁路局 杭州西,,中车唐山机车
CRH380B,3706,3706,广州铁路局 新塘,,中车唐山机车
CRH380B,3707,3708,广州铁路局 长沙,,中车唐山机车
CRH380B,3709,3709,西安铁路局 西安北,,中车唐山机车
CRH380B,3710,3710,广州铁路局 深圳,,中车唐山机车
CRH380B,3711,3712,西安铁路局 西安北,,中车唐山机车
CRH380B,3713,3714,上海铁路局 合肥南,,中车唐山机车
CRH380B,3715,3719,上海铁路局 杭州西,,中车唐山机车
CRH380B,3720,3720,上海铁路局 合肥南,,中车唐山机车
CRH380B,3721,3721,上海铁路局 杭州西,,中车唐山机车
CRH380B,3722,3722,广州铁路局 长沙,,中车唐山机车
CRH380B,3723,3723,西安铁路局 西安北,,中车唐山机车
CRH380B,3724,3724,上海铁路局 杭州西,,中车唐山机车
CRH380B,3725,3725,广州铁路局 长沙,,中车唐山机车
CRH380B,3726,3726,西安铁路局 西安北,,中车唐山机车
CRH380B,3727,3727,广州铁路局 新塘,,中车唐山机车
CRH380B,3728,3729,上海铁路局 杭州西,,中车唐山机车
CRH380B,3730,3731,西安铁路局 西安东,,中车唐山机车
CRH380B,3738,3739,上海铁路局 合肥南,,中车唐山机车
CRH380B,3740,3740,西安铁路局 西安东,,中车唐山机车
CRH380B,3741,3741,上海铁路局 合肥南,,中车唐山机车
CRH380B,3742,3742,西安铁路局 西安东,,中车唐山机车
CRH380B,3743,3743,上海铁路局 杭州西,,中车唐山机车
CRH380B,3744,3744,广州铁路局 新塘,,中车唐山机车
CRH380B,3745,3745,上海铁路局 杭州西,,中车唐山机车
CRH380B,3746,3748,广州铁路局 新塘,,中车唐山机车
CRH380B,3749,3749,广州铁路局 深圳,,中车唐山机车
CRH380B,3750,3751,西安铁路局 西安东,,中车唐山机车
CRH380B,3752,3752,上海铁路局 杭州西,,中车唐山机车
CRH380B,3753,3753,上海铁路局 合肥南,,中车唐山机车
CRH380B,3754,3757,西安铁路局 西安东,,中车唐山机车
CRH380B,3758,3758,西安铁路局 西安北,,中车唐山机车
CRH380B,3759,3759,西安铁路局 西安东,,中车唐山机车
CRH380B,3760,3760,广州铁路局 新塘,,中车唐山机车
CRH380B,3761,3761,西安铁路局 西安北,,中车唐山机车
CRH380B,3762,3771,西安铁路局 西安东,,中车唐山机车
CRH380B,3772,3773,西安铁路局 西安北,,中车唐山机车
CRH380B,3774,3774,西安铁路局 西安东,,中车唐山机车
CRH380B,5637,5637,兰州铁路局 兰州西,,中车长客股份
CRH380B,5638,5638,济南铁路局 济南,,中车长客股份
CRH380B,5639,5643,兰州铁路局 兰州西,,中车长客股份
CRH380B,5644,5644,济南铁路局 青岛北,,中车长客股份
CRH380B,5645,5645,兰州铁路局 兰州西,,中车长客股份
CRH380B,5646,5646,济南铁路局 济南,,中车长客股份
CRH380B,5647,5648,兰州铁路局 兰州西,,中车长客股份
CRH380B,5649,5649,郑州铁路局 郑州东,,中车长客股份
CRH380B,5650,5650,济南铁路局 济南,,中车长客股份
CRH380B,5651,5651,济南铁路局 青岛北,,中车长客股份
CRH380B,5652,5652,兰州铁路局 兰州西,,中车长客股份
CRH380B,5653,5654,郑州铁路局 郑州南,,中车长客股份
CRH380B,5655,5655,济南铁路局 青岛北,,中车长客股份
CRH380B,5656,5656,兰州铁路局 兰州西,,中车长客股份
CRH380B,5657,5657,郑州铁路局 郑州南,,中车长客股份
CRH380B,5658,5658,兰州铁路局 兰州西,,中车长客股份
CRH380B,5659,5659,郑州铁路局 郑州南,,中车长客股份
CRH380B,5660,5660,兰州铁路局 兰州西,,中车长客股份
CRH380B,5661,5661,郑州铁路局 郑州南,,中车长客股份
CRH380B,5662,5663,北京铁路局 廊坊,,中车长客股份
CRH380B,5664,5664,兰州铁路局 兰州西,,中车长客股份
CRH380B,5665,5666,郑州铁路局 郑州南,,中车长客股份
CRH380B,5667,5669,北京铁路局 廊坊,,中车长客股份
CRH380B,5670,5670,郑州铁路局 郑州东,,中车长客股份
CRH380B,5671,5671,北京铁路局 廊坊,,中车长客股份
CRH380B,5672,5672,济南铁路局 临沂北,,中车长客股份
CRH380B,5673,5674,兰州铁路局 银川,,中车长客股份
CRH380B,5675,5675,兰州铁路局 兰州西,,中车长客股份
CRH380B,5676,5676,郑州铁路局 郑州东,,中车长客股份
CRH380B,5677,5678,济南铁路局 济南,,中车长客股份
CRH380B,5679,5679,兰州铁路局 兰州西,,中车长客股份
CRH380B,5680,5680,郑州铁路局 郑州南,,中车长客股份
CRH380B,5681,5681,济南铁路局 济南,,中车长客股份
CRH380B,5682,5682,济南铁路局 青岛北,,中车长客股份
CRH380B,5683,5683,兰州铁路局 兰州西,,中车长客股份
CRH380B,5730,5732,兰州铁路局 兰州西,,中车长客股份
CRH380B,5733,5733,郑州铁路局 郑州东,,中车长客股份
CRH380B,5734,5734,兰州铁路局 兰州西,,中车长客股份
CRH380B,5735,5736,郑州铁路局 郑州南,,中车长客股份
CRH380B,5737,5737,兰州铁路局 兰州西,,中车长客股份
CRH380B,5738,5742,北京铁路局 廊坊,,中车长客股份
CRH380B,5743,5744,兰州铁路局 兰州西,,中车长客股份
CRH380B,5745,5746,济南铁路局 济南,,中车长客股份
CRH380B,5747,5749,济南铁路局 临沂北,,中车长客股份
CRH380B,5750,5750,兰州铁路局 兰州西,,中车长客股份
CRH380B,5751,5751,济南铁路局 临沂北,,中车长客股份
CRH380B,5752,5752,济南铁路局 济南,,中车长客股份
CRH380B,5753,5753,济南铁路局 青岛北,,中车长客股份
CRH380B,5754,5755,兰州铁路局 兰州西,,中车长客股份
CRH380B,5756,5757,郑州铁路局 郑州南,,中车长客股份
CRH380B,5758,5758,济南铁路局 青岛北,,中车长客股份
CRH380B,5759,5760,兰州铁路局 银川,,中车长客股份
CRH380B,5761,5761,济南铁路局 青岛北,,中车长客股份
CRH380B,5787,5788,郑州铁路局 郑州东,,中车长客股份
CRH380B,5789,5789,济南铁路局 济南,,中车长客股份
CRH380B,5790,5791,郑州铁路局 郑州南,,中车长客股份
CRH380B,5792,5793,兰州铁路局 兰州西,,中车长客股份
CRH380B,5794,5794,济南铁路局 青岛北,,中车长客股份
CRH380B,5795,5795,郑州铁路局 郑州南,,中车长客股份
CRH380B,5796,5796,济南铁路局 济南,,中车长客股份
CRH380B,5797,5797,济南铁路局 青岛北,,中车长客股份
CRH380B,5798,5798,兰州铁路局 兰州西,,中车长客股份
CRH380B,5799,5799,济南铁路局 青岛北,,中车长客股份
CRH380B,5800,5800,济南铁路局 临沂北,,中车长客股份
CRH380B,5801,5802,郑州铁路局 郑州南,,中车长客股份
CRH380B,5829,5829,兰州铁路局 兰州西,,中车长客股份
CRH380B,5830,5830,济南铁路局 青岛北,,中车长客股份
CRH380B,5831,5831,济南铁路局 济南,,中车长客股份
CRH380B,5832,5833,济南铁路局 青岛北,,中车长客股份
CRH380B,5834,5834,兰州铁路局 兰州西,,中车长客股份
CRH380B,5835,5835,郑州铁路局 郑州南,,中车长客股份
CRH380B,5836,5836,兰州铁路局 兰州西,,中车长客股份
CRH380B,5837,5842,郑州铁路局 郑州南,,中车长客股份
CRH380B,5843,5843,济南铁路局 临沂北,,中车长客股份
CRH380B,5844,5846,兰州铁路局 兰州西,,中车长客股份
CRH380B,5847,5847,济南铁路局 青岛北,,中车长客股份
CRH380B,5848,5849,兰州铁路局 兰州西,,中车长客股份
CRH380B,5850,5851,郑州铁路局 郑州南,,中车长客股份
CRH380B,5852,5852,济南铁路局 临沂北,,中车长客股份
CRH380B,5853,5854,济南铁路局 青岛北,,中车长客股份
CRH380B,5855,5855,济南铁路局 临沂北,,中车长客股份
CRH380B,5856,5856,郑州铁路局 郑州南,,中车长客股份
CRH380B,5857,5860,济南铁路局 青岛北,,中车长客股份
CRH380B,5861,5861,郑州铁路局 郑州南,,中车长客股份
CRH380B,5862,5863,郑州铁路局 郑州东,,中车长客股份
CRH380B,5864,5864,郑州铁路局 郑州南,,中车长客股份
CRH380B,5865,5865,郑州铁路局 郑州东,,中车长客股份
CRH380B,5866,5866,郑州铁路局 郑州南,,中车长客股份
CRH380B,5867,5870,济南铁路局 青岛北,,中车长客股份
CRH380B,5871,5871,兰州铁路局 兰州西,,中车长客股份
CRH380B,5872,5878,郑州铁路局 郑州南,,中车长客股份
CRH380B,5879,5880,郑州铁路局 郑州东,,中车长客股份
CRH380B,5881,5882,兰州铁路局 银川,,中车长客股份
CRH380B,5883,5884,济南铁路局 青岛北,,中车长客股份
CRH380B,5885,5888,郑州铁路局 郑州东,,中车长客股份
CRH380BG,5546,5547,哈尔滨铁路局 哈尔滨西,,中车长客股份
CRH380BG,5548,5555,沈阳铁路局 长春,,中车长客股份
CRH380BG,5556,5557,哈尔滨铁路局 哈尔滨西,,中车长客股份
CRH380BG,5558,5559,沈阳铁路局 长春,,中车长客股份
CRH380BG,5560,5561,哈尔滨铁路局 哈尔滨西,,中车长客股份
CRH380BG,5562,5564,沈阳铁路局 长春,,中车长客股份
CRH380BG,5565,5566,哈尔滨铁路局 哈尔滨西,,中车长客股份
CRH380BG,5567,5569,沈阳铁路局 长春,,中车长客股份
CRH380BG,5570,5571,哈尔滨铁路局 哈尔滨西,,中车长客股份
CRH380BG,5572,5577,沈阳铁路局 长春,,中车长客股份
CRH380BG,5578,5579,哈尔滨铁路局 哈尔滨西,,中车长客股份
CRH380BG,5580,5580,沈阳铁路局 长春,,中车长客股份
CRH380BG,5581,5582,哈尔滨铁路局 哈尔滨西,,中车长客股份
CRH380BG,5583,5587,沈阳铁路局 长春,,中车长客股份
CRH380BG,5588,5594,哈尔滨铁路局 哈尔滨西,,中车长客股份
CRH380BG,5595,5596,沈阳铁路局 长春,,中车长客股份
CRH380BG,5597,5600,哈尔滨铁路局 哈尔滨西,,中车长客股份
CRH380BG,5626,5636,哈尔滨铁路局 哈尔滨西,,中车长客股份
CRH380BG,5684,5684,北京铁路局 朝阳,,中车长客股份
CRH380BG,5685,5685,沈阳铁路局 大连,,中车长客股份
CRH380BG,5686,5686,北京铁路局 朝阳,,中车长客股份
CRH380BG,5687,5688,沈阳铁路局 大连,,中车长客股份
CRH380BG,5689,5689,北京铁路局 朝阳,,中车长客股份
CRH380BG,5690,5690,沈阳铁路局 沈阳北,,中车长客股份
CRH380BG,5691,5696,哈尔滨铁路局 哈尔滨西,,中车长客股份
CRH380BG,5697,5697,沈阳铁路局 沈阳北,,中车长客股份
CRH380BG,5698,5698,沈阳铁路局 沈阳南,,中车长客股份
CRH380BG,5699,5699,北京铁路局 朝阳,,中车长客股份
CRH380BG,5700,5700,沈阳铁路局 大连,,中车长客股份
CRH380BG,5701,5702,沈阳铁路局 沈阳北,,中车长客股份
CRH380BG,5703,5704,沈阳铁路局 大连,,中车长客股份
CRH380BG,5705,5705,沈阳铁路局 沈阳北,,中车长客股份
CRH380BG,5706,5709,沈阳铁路局 大连,,中车长客股份
CRH380BG,5710,5710,沈阳铁路局 沈阳北,,中车长客股份
CRH380BG,5711,5711,哈尔滨铁路局 哈尔滨西,,中车长客股份
CRH380BG,5712,5712,沈阳铁路局 大连,,中车长客股份
CRH380BG,5713,5713,沈阳铁路局 沈阳南,,中车长客股份
CRH380BG,5714,5714,哈尔滨铁路局 哈尔滨西,,中车长客股份
CRH380BG,5715,5716,沈阳铁路局 沈阳北,,中车长客股份
CRH380BG,5717,5718,哈尔滨铁路局 哈尔滨西,,中车长客股份
CRH380BG,5719,5720,沈阳铁路局 沈阳北,,中车长客股份
CRH380BG,5721,5722,哈尔滨铁路局 哈尔滨西,,中车长客股份
CRH380BG,5723,5723,沈阳铁路局 沈阳南,,中车长客股份
CRH380BG,5724,5725,沈阳铁路局 大连,,中车长客股份
CRH380BG,5726,5727,哈尔滨铁路局 哈尔滨西,,中车长客股份
CRH380BG,5728,5729,沈阳铁路局 大连,,中车长客股份
CRH380BG,5762,5762,沈阳铁路局 沈阳北,,中车长客股份
CRH380BG,5763,5766,沈阳铁路局 大连,,中车长客股份
CRH380BG,5767,5767,沈阳铁路局 沈阳南,,中车长客股份
CRH380BG,5768,5771,沈阳铁路局 沈阳北,,中车长客股份
CRH380BG,5772,5773,沈阳铁路局 沈阳南,,中车长客股份
CRH380BG,5774,5774,沈阳铁路局 沈阳北,,中车长客股份
CRH380BG,5775,5777,沈阳铁路局 沈阳南,,中车长客股份
CRH380BG,5778,5782,哈尔滨铁路局 哈尔滨西,,中车长客股份
CRH380BG,5783,5784,沈阳铁路局 沈阳南,,中车长客股份
CRH380BG,5785,5786,哈尔滨铁路局 哈尔滨西,,中车长客股份
CRH380BG,5803,5803,沈阳铁路局 沈阳北,,中车长客股份
CRH380BG,5804,5807,沈阳铁路局 沈阳南,,中车长客股份
CRH380BG,5808,5808,沈阳铁路局 沈阳北,,中车长客股份
CRH380BG,5809,5809,沈阳铁路局 大连,,中车长客股份
CRH380BG,5810,5810,沈阳铁路局 沈阳南,,中车长客股份
CRH380BG,5811,5813,沈阳铁路局 大连,,中车长客股份
CRH380BG,5814,5814,沈阳铁路局 沈阳北,,中车长客股份
CRH380BG,5815,5815,沈阳铁路局 沈阳南,,中车长客股份
CRH380BG,5816,5817,沈阳铁路局 大连,,中车长客股份
CRH380BG,5818,5818,北京铁路局 朝阳,,中车长客股份
CRH380BG,5819,5819,沈阳铁路局 大连,,中车长客股份
CRH380BG,5820,5822,哈尔滨铁路局 哈尔滨西,,中车长客股份
CRH380BJ,301,301,国铁集团,,中车唐山机车
CRH380BJ-A,504,504,国铁集团,,中车长客股份
CRH380BL,3501,3503,上海铁路局 杭州,,中车唐山机车
CRH380BL,3504,3504,上海铁路局 宁波,,中车唐山机车
CRH380BL,3505,3509,上海铁路局 杭州,,中车唐山机车
CRH380BL,3510,3510,上海铁路局 宁波,,中车唐山机车
CRH380BL,3511,3518,上海铁路局 杭州,,中车唐山机车
CRH380BL,3519,3520,上海铁路局 宁波,,中车唐山机车
CRH380BL,3521,3522,上海铁路局 杭州,,中车唐山机车
CRH380BL,3523,3523,上海铁路局 宁波,,中车唐山机车
CRH380BL,3524,3524,上海铁路局 杭州,,中车唐山机车
CRH380BL,3525,3525,上海铁路局 宁波,,中车唐山机车
CRH380BL,3526,3526,上海铁路局 杭州,,中车唐山机车
CRH380BL,3527,3527,上海铁路局 宁波,,中车唐山机车
CRH380BL,3528,3528,上海铁路局 杭州,,中车唐山机车
CRH380BL,3529,3529,上海铁路局 宁波,,中车唐山机车
CRH380BL,3530,3530,上海铁路局 杭州,,中车唐山机车
CRH380BL,3531,3531,上海铁路局 宁波,,中车唐山机车
CRH380BL,3532,3532,上海铁路局 杭州,,中车唐山机车
CRH380BL,3533,3536,上海铁路局 宁波,,中车唐山机车
CRH380BL,3537,3537,上海铁路局 杭州,,中车唐山机车
CRH380BL,3538,3540,上海铁路局 宁波,,中车唐山机车
CRH380BL,3541,3541,上海铁路局 杭州,,中车唐山机车
CRH380BL,3542,3542,上海铁路局 宁波,,中车唐山机车
CRH380BL,3543,3544,西安铁路局 西安北,,中车唐山机车
CRH380BL,3545,3545,上海铁路局 徐州东,,中车唐山机车
CRH380BL,3546,3547,上海铁路局 合肥南,,中车唐山机车
CRH380BL,3548,3549,西安铁路局 西安北,,中车唐山机车
CRH380BL,3550,3550,上海铁路局 徐州东,,中车唐山机车
CRH380BL,3551,3551,上海铁路局 合肥南,,中车唐山机车
CRH380BL,3552,3552,西安铁路局 西安北,,中车唐山机车
CRH380BL,3553,3556,上海铁路局 合肥南,,中车唐山机车
CRH380BL,3557,3559,西安铁路局 西安东,,中车唐山机车
CRH380BL,3560,3562,上海铁路局 合肥南,,中车唐山机车
CRH380BL,3563,3563,西安铁路局 西安东,,中车唐山机车
CRH380BL,3564,3565,上海铁路局 合肥南,,中车唐山机车
CRH380BL,3566,3566,西安铁路局 西安东,,中车唐山机车
CRH380BL,3567,3567,上海铁路局 徐州东,,中车唐山机车
CRH380BL,3568,3568,上海铁路局 合肥南,,中车唐山机车
CRH380BL,3569,3570,上海铁路局 徐州东,,中车唐山机车
CRH380BL,3732,3732,上海铁路局 合肥南,,中车唐山机车
CRH380BL,3733,3733,上海铁路局 徐州东,,中车唐山机车
CRH380BL,3734,3734,上海铁路局 合肥南,,中车唐山机车
CRH380BL,3735,3737,上海铁路局 徐州东,,中车唐山机车
CRH380BL,3775,3776,上海铁路局 合肥南,,中车唐山机车
CRH380BL,3777,3780,上海铁路局 徐州东,,中车唐山机车
CRH380BL,3781,3786,上海铁路局 合肥南,,中车唐山机车
CRH380BL,5501,5501,郑州铁路局 郑州东,,中车长客股份
CRH380BL,5502,5503,济南铁路局 青岛北,,中车长客股份
CRH380BL,5504,5504,郑州铁路局 郑州东,,中车长客股份
CRH380BL,5505,5505,济南铁路局 青岛北,,中车长客股份
CRH380BL,5506,5506,北京铁路局 天津,,中车长客股份
CRH380BL,5507,5507,济南铁路局 青岛北,,中车长客股份
CRH380BL,5508,5509,济南铁路局 济南,,中车长客股份
CRH380BL,5510,5510,北京铁路局 天津,,中车长客股份
CRH380BL,5511,5511,郑州铁路局 郑州东,,中车长客股份
CRH380BL,5512,5514,济南铁路局 青岛北,,中车长客股份
CRH380BL,5515,5516,北京铁路局 天津,,中车长客股份
CRH380BL,5517,5517,济南铁路局 青岛北,,中车长客股份
CRH380BL,5518,5518,北京铁路局 天津,,中车长客股份
CRH380BL,5519,5519,济南铁路局 青岛北,,中车长客股份
CRH380BL,5520,5520,济南铁路局 济南,,中车长客股份
CRH380BL,5521,5521,郑州铁路局 郑州东,,中车长客股份
CRH380BL,5522,5522,济南铁路局 青岛北,,中车长客股份
CRH380BL,5523,5523,北京铁路局 天津,,中车长客股份
CRH380BL,5524,5526,济南铁路局 济南,,中车长客股份
CRH380BL,5527,5527,郑州铁路局 郑州东,,中车长客股份
CRH380BL,5528,5528,济南铁路局 青岛北,,中车长客股份
CRH380BL,5529,5530,北京铁路局 天津,,中车长客股份
CRH380BL,5531,5531,济南铁路局 青岛北,,中车长客股份
CRH380BL,5532,5533,北京铁路局 天津,,中车长客股份
CRH380BL,5534,5534,济南铁路局 济南,,中车长客股份
CRH380BL,5535,5535,郑州铁路局 郑州东,,中车长客股份
CRH380BL,5536,5537,北京铁路局 天津,,中车长客股份
CRH380BL,5538,5538,济南铁路局 青岛北,,中车长客股份
CRH380BL,5539,5540,济南铁路局 济南,,中车长客股份
CRH380BL,5541,5545,郑州铁路局 郑州东,,中车长客股份
CRH380BL,5823,5828,郑州铁路局 郑州东,,中车长客股份
CRH380BL,5889,5898,郑州铁路局 郑州东,,中车长客股份
CRH380CL,5601,5601,北京铁路局 北京南,,中车长客股份
CRH380CL,5602,5602,上海铁路局 徐州东,,中车长客股份
CRH380CL,5603,5605,北京铁路局 北京南,,中车长客股份
CRH380CL,5606,5606,上海铁路局 徐州东,,中车长客股份
CRH380CL,5607,5609,北京铁路局 北京南,,中车长客股份
CRH380CL,5610,5616,上海铁路局 徐州东,,中车长客股份
CRH380CL,5617,5618,北京铁路局 北京南,,中车长客股份
CRH380CL,5619,5619,上海铁路局 徐州东,,中车长客股份
CRH380CL,5620,5621,北京铁路局 北京南,,中车长客股份
CRH380CL,5622,5625,上海铁路局 徐州东,,中车长客股份
CRH380D,1501,1514,上海铁路局 南翔,,AST
CRH380D,1515,1515,成都铁路局 贵阳北,,AST
CRH380D,1516,1525,上海铁路局 南翔,,AST
CRH380D,1526,1526,成都铁路局 贵阳北,,AST
CRH380D,1527,1536,上海铁路局 南翔,,AST
CRH380D,1537,1544,成都铁路局 贵阳北,,AST
CRH380D,1545,1546,上海铁路局 南翔,,AST
CRH380D,1547,1548,成都铁路局 贵阳北,,AST
CRH380D,1549,1549,上海铁路局 南翔,,AST
CRH380D,1550,1560,成都铁路局 贵阳北,,AST
CRH380D,1561,1562,上海铁路局 南翔,,AST
CRH380D,1563,1565,成都铁路局 贵阳北,,AST
CRH380D,1566,1566,上海铁路局 南翔,,AST
CRH380D,1567,1572,成都铁路局 贵阳北,,AST
CRH380D,1573,1577,上海铁路局 南翔,,AST
CRH380D,1578,1585,成都铁路局 贵阳北,,AST
CRH3A,302,302,沈阳铁路局 沈阳南,,中车唐山机车
CRH3A,502,502,沈阳铁路局 沈阳南,,中车长客股份
CRH3A,3081,3111,成都铁路局 成都东,,中车唐山机车
CRH3A,5230,5257,成都铁路局 成都东,,中车长客股份
CRH3A-A,510,510,,,中车长客股份
CRH3A-A,511,521,贵阳市域铁路 贵阳北,,中车长客股份
CRH3A-A,526,530,郑州铁路局 郑州东,,中车长客股份
CRH3C,3001,3022,成都铁路局 重庆西,,中车唐山机车
CRH3C,3023,3025,广州铁路局 长沙西,,中车唐山机车
CRH3C,3026,3026,成都铁路局 重庆西,,中车唐山机车
CRH3C,3027,3030,广州铁路局 长沙西,,中车唐山机车
CRH3C,3031,3033,成都铁路局 重庆西,,中车唐山机车
CRH3C,3034,3034,广州铁路局 长沙西,,中车唐山机车
CRH3C,3035,3035,成都铁路局 重庆西,,中车唐山机车
CRH3C,3036,3036,广州铁路局 长沙西,,中车唐山机车
CRH3C,3037,3038,成都铁路局 重庆西,,中车唐山机车
CRH3C,3039,3040,广州铁路局 长沙西,,中车唐山机车
CRH3C,3041,3041,成都铁路局 重庆西,,中车唐山机车
CRH3C,3042,3043,广州铁路局 长沙西,,中车唐山机车
CRH3C,3044,3044,成都铁路局 重庆西,,中车唐山机车
CRH3C,3045,3045,广州铁路局 长沙西,,中车唐山机车
CRH3C,3046,3046,成都铁路局 重庆西,,中车唐山机车
CRH3C,3047,3047,广州铁路局 长沙西,,中车唐山机车
CRH3C,3048,3051,成都铁路局 重庆西,,中车唐山机车
CRH3C,3052,3052,广州铁路局 长沙西,,中车唐山机车
CRH3C,3053,3058,成都铁路局 重庆西,,中车唐山机车
CRH3C,3059,3061,广州铁路局 长沙西,,中车唐山机车
CRH3C,3062,3062,成都铁路局 重庆西,,中车唐山机车
CRH3C,3063,3074,广州铁路局 长沙西,,中车唐山机车
CRH3C,3075,3075,成都铁路局 重庆西,,中车唐山机车
CRH3C,3076,3076,广州铁路局 长沙西,,中车唐山机车
CRH3C,3077,3079,成都铁路局 重庆西,,中车唐山机车
CRH3C,3080,3080,广州铁路局 长沙西,,中车唐山机车
CRH5A,5001,5013,呼和浩特铁路局 呼和浩特东,,中车长客股份
CRH5A,5014,5017,沈阳铁路局 沈阳南,,中车长客股份
CRH5A,5018,5018,兰州铁路局 兰州西,,中车长客股份
CRH5A,5019,5019,哈尔滨铁路局 哈尔滨西,,中车长客股份
CRH5A,5020,5020,太原铁路局 大同南,,中车长客股份
CRH5A,5021,5021,兰州铁路局 兰州西,,中车长客股份
CRH5A,5022,5022,太原铁路局 大同南,,中车长客股份
CRH5A,5023,5023,哈尔滨铁路局 哈尔滨西,,中车长客股份
CRH5A,5024,5024,沈阳铁路局 大连,,中车长客股份
CRH5A,5025,5025,太原铁路局 太原,,中车长客股份
CRH5A,5026,5026,沈阳铁路局 沈阳南,,中车长客股份
CRH5A,5027,5027,太原铁路局 大同南,,中车长客股份
CRH5A,5028,5029,兰州铁路局 兰州西,,中车长客股份
CRH5A,5030,5030,哈尔滨铁路局 哈尔滨西,,中车长客股份
CRH5A,5031,5032,太原铁路局 大同南,,中车长客股份
CRH5A,5033,5033,哈尔滨铁路局 哈尔滨西,,中车长客股份
CRH5A,5034,5034,太原铁路局 大同南,,中车长客股份
CRH5A,5035,5035,沈阳铁路局 大连,,中车长客股份
CRH5A,5036,5036,兰州铁路局 兰州西,,中车长客股份
CRH5A,5037,5037,兰州铁路局 银川,,中车长客股份
CRH5A,5038,5038,沈阳铁路局 大连,,中车长客股份
CRH5A,5039,5039,沈阳铁路局 沈阳南,,中车长客股份
CRH5A,5040,5040,太原铁路局 大同南,,中车长客股份
CRH5A,5041,5041,哈尔滨铁路局 哈尔滨西,,中车长客股份
CRH5A,5042,5042,兰州铁路局 银川,,中车长客股份
CRH5A,5043,5043,哈尔滨铁路局 哈尔滨西,,中车长客股份
CRH5A,5044,5055,呼和浩特铁路局 呼和浩特东,,中车长客股份
CRH5A,5056,5056,哈尔滨铁路局 哈尔滨西,,中车长客股份
CRH5A,5057,5057,兰州铁路局 兰州西,,中车长客股份
CRH5A,5058,5060,太原铁路局 大同南,,中车长客股份
CRH5A,5061,5061,兰州铁路局 银川,,中车长客股份
CRH5A,5062,5062,哈尔滨铁路局 哈尔滨西,,中车长客股份
CRH5A,5063,5063,北京铁路局 北京北,,中车长客股份
CRH5A,5064,5065,哈尔滨铁路局 哈尔滨西,,中车长客股份
CRH5A,5066,5066,太原铁路局 大同南,,中车长客股份
CRH5A,5067,5072,哈尔滨铁路局 哈尔滨西,,中车长客股份
CRH5A,5073,5073,北京铁路局 北京北,,中车长客股份
CRH5A,5074,5074,兰州铁路局 兰州西,,中车长客股份
CRH5A,5075,5075,太原铁路局 太原,,中车长客股份
CRH5A,5076,5077,兰州铁路局 银川,,中车长客股份
CRH5A,5078,5079,兰州铁路局 兰州西,,中车长客股份
CRH5A,5080,5080,太原铁路局 太原,,中车长客股份
CRH5A,5081,5082,沈阳铁路局 沈阳南,,中车长客股份
CRH5A,5083,5083,太原铁路局 太原,,中车长客股份
CRH5A,5084,5084,太原铁路局 大同南,,中车长客股份
CRH5A,5085,5086,太原铁路局 太原,,中车长客股份
CRH5A,5087,5087,太原铁路局 大同南,,中车长客股份
CRH5A,5088,5089,沈阳铁路局 沈阳南,,中车长客股份
CRH5A,5090,5090,哈尔滨铁路局 哈尔滨西,,中车长客股份
CRH5A,5091,5091,兰州铁路局 兰州西,,中车长客股份
CRH5A,5092,5092,沈阳铁路局 大连,,中车长客股份
CRH5A,5093,5094,沈阳铁路局 沈阳南,,中车长客股份
CRH5A,5095,5096,太原铁路局 大同南,,中车长客股份
CRH5A,5097,5097,兰州铁路局 兰州西,,中车长客股份
CRH5A,5098,5098,太原铁路局 大同南,,中车长客股份
CRH5A,5099,5099,哈尔滨铁路局 哈尔滨西,,中车长客股份
CRH5A,5100,5101,兰州铁路局 兰州西,,中车长客股份
CRH5A,5102,5102,沈阳铁路局 沈阳南,,中车长客股份
CRH5A,5103,5103,北京铁路局 北京北,,中车长客股份
CRH5A,5104,5104,兰州铁路局 兰州西,,中车长客股份
CRH5A,5105,5106,沈阳铁路局 沈阳南,,中车长客股份
CRH5A,5107,5110,兰州铁路局 兰州西,,中车长客股份
CRH5A,5111,5114,沈阳铁路局 沈阳南,,中车长客股份
CRH5A,5115,5115,北京铁路局 北京北,,中车长客股份
CRH5A,5116,5116,兰州铁路局 兰州西,,中车长客股份
CRH5A,5117,5118,北京铁路局 北京北,,中车长客股份
CRH5A,5119,5120,兰州铁路局 兰州西,,中车长客股份
CRH5A,5121,5121,北京铁路局 北京北,,中车长客股份
CRH5A,5122,5122,太原铁路局 大同南,,中车长客股份
CRH5A,5123,5127,呼和浩特铁路局 呼和浩特东,,中车长客股份
CRH5A,5128,5132,哈尔滨铁路局 哈尔滨西,,中车长客股份
CRH5A,5133,5133,太原铁路局 大同南,,中车长客股份
CRH5A,5134,5136,北京铁路局 北京北,,中车长客股份
CRH5A,5137,5139,沈阳铁路局 沈阳南,,中车长客股份
CRH5A,5140,5140,哈尔滨铁路局 哈尔滨西,,中车长客股份
CRH5E,5201,5202,乌鲁木齐铁路局 乌鲁木齐,,中车长客股份
CRH5G,5141,5142,沈阳铁路局 长春,,中车长客股份
CRH5G,5143,5146,哈尔滨铁路局 哈尔滨西,,中车长客股份
CRH5G,5147,5147,兰州铁路局 银川,,中车长客股份
CRH5G,5148,5148,兰州铁路局 兰州西,,中车长客股份
CRH5G,5149,5150,沈阳铁路局 长春,,中车长客股份
CRH5G,5151,5151,兰州铁路局 兰州西,,中车长客股份
CRH5G,5152,5152,兰州铁路局 银川,,中车长客股份
CRH5G,5153,5156,哈尔滨铁路局 哈尔滨西,,中车长客股份
CRH5G,5157,5157,沈阳铁路局 长春,,中车长客股份
CRH5G,5158,5159,哈尔滨铁路局 哈尔滨西,,中车长客股份
CRH5G,5160,5175,沈阳铁路局 长春,,中车长客股份
CRH5G,5176,5182,青藏集团 西宁,,中车长客股份
CRH5G,5183,5185,乌鲁木齐铁路局 乌鲁木齐,,中车长客股份
CRH5G,5186,5187,哈尔滨铁路局 哈尔滨西,,中车长客股份
CRH5G,5188,5190,沈阳铁路局 长春,,中车长客股份
CRH5G,5191,5192,兰州铁路局 兰州西,,中车长客股份
CRH5G,5193,5193,兰州铁路局 银川,,中车长客股份
CRH5G,5194,5194,兰州铁路局 兰州西,,中车长客股份
CRH5G,5195,5198,乌鲁木齐铁路局 乌鲁木齐,,中车长客股份
CRH5G,5199,5199,兰州铁路局 银川,,中车长客股份
CRH5G,5200,5200,乌鲁木齐铁路局 乌鲁木齐,,中车长客股份
CRH5G,5206,5207,乌鲁木齐铁路局 乌鲁木齐,,中车长客股份
CRH5G,5208,5208,青藏集团 西宁,,中车长客股份
CRH5G,5209,5209,兰州铁路局 兰州西,,中车长客股份
CRH5G,5210,5211,青藏集团 西宁,,中车长客股份
CRH5G,5212,5212,乌鲁木齐铁路局 乌鲁木齐,,中车长客股份
CRH5G,5213,5213,兰州铁路局 兰州西,,中车长客股份
CRH5G,5214,5214,乌鲁木齐铁路局 乌鲁木齐,,中车长客股份
CRH5G,5215,5215,兰州铁路局 银川,,中车长客股份
CRH5G,5216,5229,兰州铁路局 兰州西,,中车长客股份
CRH5J,501,501,国铁集团,,中车长客股份
CRH6A,216,218,成都市域铁路 成都东,,中车青岛四方
CRH6A,401,401,广东城际 佛山西,,中车青岛四方
CRH6A,402,402,广东城际 惠州城际,,中车南京浦镇
CRH6A,403,403,广东城际 佛山西,,中车广东江门
CRH6A,404,406,广东城际 惠州城际,,中车广东江门
CRH6A,407,408,广东城际 佛山西,,中车广东江门
CRH6A,414,417,广州铁路局 广珠城际,,中车青岛四方
CRH6A,420,421,上海铁路局 上海南,,中车青岛四方
CRH6A,422,429,郑州铁路局 郑州东,,中车南京浦镇
CRH6A,436,439,北京铁路局 北京西,,中车青岛四方
CRH6A,478,478,广东城际 佛山西,,中车青岛四方
CRH6A,601,604,广东城际 佛山西,,中车广东江门
CRH6A,605,610,广东城际 惠州城际,,中车广东江门
CRH6A,611,622,广州铁路局 广珠城际,,中车广东江门
CRH6A,623,623,北京铁路局 北京西,,中车南京浦镇
CRH6A,624,630,广东城际 中堂,,中车广东江门
CRH6A,631,632,广东城际 惠州城际,,中车广东江门
CRH6A,633,634,广东城际 佛山西,,中车广东江门
CRH6A,635,635,广东城际 龙塘,,中车广东江门
CRH6A,636,638,广东城际 惠州城际,,中车广东江门
CRH6A,639,639,广东城际 龙塘,,中车广东江门
CRH6A,640,643,广州铁路局 广珠城际,,中车广东江门
CRH6A,649,649,广东城际 佛山西,,中车南京浦镇
CRH6A,4002,4002,,,中车青岛四方
CRH6A,4132,4137,广州铁路局 广州东,,中车青岛四方
CRH6A,4501,4501,,,
CRH6A,4502,4502,广州铁路局 广珠城际,,中车广东江门
CRH6A,4503,4503,广州铁路局 广州东,,中车广东江门
CRH6A,4504,4509,广州铁路局 广珠城际,,中车广东江门
CRH6A,4510,4510,,,
CRH6A-A,2,2,,,
CRH6A-A,210,210,,,中车青岛四方
CRH6A-A,212,215,成都市域铁路 成都东,,中车青岛四方
CRH6A-A,219,219,成都市域铁路 成都东,,中车青岛四方
CRH6A-A,220,223,武汉铁路局 汉口,,中车青岛四方
CRH6A-A,224,229,广州铁路局 三亚,,中车青岛四方
CRH6A-A,451,460,成都市域铁路 成都东,,中车青岛四方
CRH6A-A,480,490,成都市域铁路 成都东,,中车青岛四方
CRH6A-A,644,648,广州铁路局 广珠城际,,中车广东江门
CRH6A-A,652,655,广州铁路局 广珠城际,,中车广东江门
CRH6A-A,656,656,广东城际 佛山西,,中车广东江门
CRH6A-A,657,666,广东城际 龙塘,,中车广东江门
CRH6A-AZ,901,902,广东城际 龙塘,,中车广东江门
CRH6A-AZ,903,912,广东城际,,中车广东江门
CRH6F,1,1,广东城际 惠州城际,,中车广东江门
CRH6F,230,232,北京铁路局 北京西,,中车青岛四方
CRH6F,233,234,,,中车青岛四方
CRH6F,409,413,广州铁路局 长沙城际,,中车青岛四方
CRH6F,418,419,上海铁路局 杭州,,中车青岛四方
CRH6F,430,435,广州铁路局 长沙城际,,中车青岛四方
CRH6F,474,477,上海铁路局 上海南,,中车青岛四方
CRH6F,479,479,广东城际 惠州城际,,中车青岛四方
CRH6F,650,651,广东城际 惠州城际,,中车广东江门
CRH6F,4003,4003,,,
CRH6F,4511,4511,,,
CRH6F,4512,4512,,,中车广东江门
CRH6F-A,3,3,,,中车青岛四方
CRH6F-A,211,211,金台铁路 台州,,中车青岛四方
CRH6F-A,440,443,上海铁路局 杭州,,中车青岛四方
CRH6F-A,445,450,广州铁路局 长沙城际,,中车青岛四方
CRH6F-A,461,467,广州铁路局 海口城际,,中车青岛四方
CRH6F-A,468,470,上海铁路局 徐州东,,中车青岛四方
CRH6F-A,471,473,阳大铁路 阳泉东,,中车青岛四方
CRH6F-A,491,496,北京铁路局 北京北,,中车青岛四方
CRH6F-A,497,498,广州铁路局 海口城际,,中车青岛四方
CRH6F-A,499,499,金台铁路 台州,,中车青岛四方
CRH6F-A,500,500,,,中车青岛四方
CRH6F-A,667,667,广东城际 龙塘,,中车广东江门
CRH6F-A,668,668,广东城际 佛山西,,中车广东江门
CRH6F-A,669,673,广东城际 龙塘,,中车广东江门
DF10F,1,2,京局京段,,
DF10F,2001,2004,京局京段,,
DF11,1,5,南局南段,,
DF11,6,6,广铁广段,,
DF11,7,7,乌局库段,,
DF11,8,9,广铁广段,,
DF11,10,11,沈局梅段,,
DF11,12,18,广铁广段,,
DF11,19,20,上局沪段,,
DF11,21,21,上局合段,,
DF11,22,22,广铁广段,,
DF11,23,23,沈局梅段,,
DF11,24,24,京局京段,,
DF11,25,25,广铁广段,,
DF11,26,26,上局沪段,,
DF11,28,29,兰局嘉段,,
DF11,30,30,沈局吉段,,
DF11,31,31,沈局梅段,,
DF11,32,32,上局徐段,,
DF11,33,33,哈局佳段,,
DF11,35,36,沈局梅段,,
DF11,37,37,哈局三段,,
DF11,38,38,哈局佳段,,
DF11,39,39,武局南段,,
DF11,40,40,济局青段,,
DF11,41,41,上局沪段,,
DF11,42,42,沈局梅段,,
DF11,43,43,上局沪段,,
DF11,44,44,上局徐段,,
DF11,45,45,济局青段,,
DF11,46,47,武局南段,,
DF11,48,48,沈局梅段,,
DF11,49,49,哈局三段,,
DF11,50,50,哈局佳段,,
DF11,51,51,哈局三段,,
DF11,52,52,沈局梅段,,
DF11,53,53,武局南段,,
DF11,54,55,济局济段,,
DF11,56,56,上局沪段,,
DF11,57,58,哈局佳段,,
DF11,59,59,上局徐段,,
DF11,60,60,哈局佳段,,
DF11,61,61,哈局三段,,
DF11,62,62,哈局佳段,,
DF11,64,64,沈局梅段,,
DF11,65,65,沈局沈段,,
DF11,67,67,沈局梅段,,
DF11,68,68,沈局沈段,,
DF11,69,70,沈局梅段,,
DF11,71,71,沈局吉段,,
DF11,72,72,广铁广段,,
DF11,74,74,广铁广段,,
DF11,75,75,哈局三段,,
DF11,76,77,京局唐段,,
DF11,78,78,上局合段,,
DF11,79,79,上局沪段,,
DF11,80,80,上局徐段,,
DF11,81,81,哈局佳段,,
DF11,82,83,上局合段,,
DF11,84,84,京局津段,,
DF11,85,86,上局宁东段,,
DF11,87,88,沈局梅段,,
DF11,90,91,沈局吉段,,
DF11,92,92,沈局梅段,,
DF11,93,96,沈局吉段,,
DF11,97,97,上局宁东段,,
DF11,98,98,哈局三段,,
DF11,99,99,沈局沈段,,
DF11,100,103,沈局吉段,,
DF11,106,106,沈局沈段,,
DF11,107,107,上局合段,,
DF11,108,111,上局宁东段,,
DF11,112,112,哈局三段,,
DF11,113,113,沈局梅段,,
DF11,114,114,京局唐段,,
DF11,115,115,哈局三段,,
DF11,116,116,沈局梅段,,
DF11,117,117,上局合段,,
DF11,118,119,上局宁东段,,
DF11,120,120,武局南段,,
DF11,121,121,上局合段,,
DF11,122,122,沈局沈段,,
DF11,123,123,沈局吉段,,
DF11,124,124,上局宁东段,,
DF11,125,125,上局徐段,,
DF11,126,126,上局宁东段,,
DF11,127,127,哈局三段,,
DF11,128,129,京局京段,,
DF11,130,131,哈局三段,,
DF11,133,133,上局沪段,,
DF11,134,134,上局合段,,
DF11,135,135,沈局梅段,,
DF11,136,136,上局宁东段,,
DF11,137,137,沈局沈段,,
DF11,138,139,沈局吉段,,
DF11,140,141,沈局沈段,,
DF11,142,142,京局京段,,
DF11,143,144,哈局三段,,
DF11,146,146,上局徐段,,
DF11,148,150,上局宁东段,,
DF11,151,151,武局南段,,
DF11,152,155,上局宁东段,,
DF11,156,156,广铁广段,,
DF11,157,157,上局宁东段,,
DF11,158,158,上局沪段,,
DF11,160,160,京局京段,,
DF11,162,163,京局京段,,
DF11,164,165,哈局三段,,
DF11,168,171,济局青段,,
DF11,172,172,上局合段,,
DF11,173,173,上局宁东段,,
DF11,174,175,上局合段,,
DF11,176,176,上局徐段,,
DF11,177,177,郑局郑段,,
DF11,179,179,哈局三段,,
DF11,184,184,乌局乌段,,
DF11,186,186,乌局库段,,
DF11,188,188,乌局库段,,
DF11,189,189,乌局乌段,,
DF11,191,191,哈局三段,,
DF11,192,193,沈局吉段,,
DF11,196,196,沈局吉段,,
DF11,198,198,兰局兰段,,
DF11,199,201,沈局吉段,,
DF11,202,202,乌局乌段,,
DF11,204,204,乌局乌段,,
DF11,207,207,武局襄段,,
DF11,208,208,兰局兰段,,
DF11,211,211,沈局吉段,,
DF11,213,213,兰局嘉段,,
DF11,216,216,乌局乌段,,
DF11,217,217,哈局三段,,
DF11,218,218,乌局库段,,
DF11,219,219,哈局三段,,
DF11,220,220,乌局乌段,,
DF11,221,221,乌局库段,,
DF11,223,223,哈局三段,,
DF11,225,226,哈局三段,,
DF11,229,229,乌局库段,,
DF11,231,231,乌局乌段,,
DF11,232,234,武局襄段,,
DF11,235,235,兰局嘉段,,
DF11,240,240,哈局三段,,
DF11,241,241,乌局乌段,,
DF11,242,242,哈局三段,,
DF11,243,243,乌局乌段,,
DF11,247,247,哈局佳段,,
DF11,248,248,上局徐段,,
DF11,249,250,广铁广段,,
DF11,253,253,哈局三段,,
DF11,254,254,乌局乌段,,
DF11,259,259,乌局乌段,,
DF11,261,265,南局鹰段,,
DF11,266,266,沈局沈段,,
DF11,269,269,沈局吉段,,
DF11,270,270,上局宁东段,,
DF11,271,272,上局合段,,
DF11,273,273,南局南段,,
DF11,275,275,南局福段,,
DF11,279,282,武局襄段,,
DF11,283,284,武局南段,,
DF11,286,286,沈局吉段,,
DF11,287,288,哈局三段,,
DF11,289,290,济局青段,,
DF11,291,293,武局南段,,
DF11,294,295,郑局郑段,,
DF11,297,297,哈局三段,,
DF11,298,298,郑局洛段,,
DF11,299,299,上局杭段,,
DF11,300,301,上局合段,,
DF11,302,302,上局徐段,,
DF11,303,303,上局宁东段,,
DF11,305,305,京局京段,,
DF11,306,306,京局唐段,,
DF11,309,313,南局鹰段,,
DF11,315,317,京局京段,,
DF11,318,318,南局南段,,
DF11,320,320,南局鹰段,,
DF11,321,322,南局南段,,
DF11,323,323,南局福段,,
DF11,324,324,南局南段,,
DF11,325,328,南局鹰段,,
DF11,329,330,南局南段,,
DF11,332,332,南局南段,,
DF11,333,333,上局杭段,,
DF11,334,335,上局合段,,
DF11,336,338,上局宁东段,,
DF11,339,339,上局合段,,
DF11,340,340,上局徐段,,
DF11,341,341,上局杭段,,
DF11,342,346,上局徐段,,
DF11,347,348,上局宁东段,,
DF11,349,349,上局合段,,
DF11,350,352,上局徐段,,
DF11,353,353,上局合段,,
DF11,354,354,沈局吉段,,
DF11,355,355,兰局嘉段,,
DF11,359,359,武局南段,,
DF11,361,361,乌局乌段,,
DF11,362,363,兰局嘉段,,
DF11,364,367,武局南段,,
DF11,368,368,上局合段,,
DF11,369,369,广铁广段,,
DF11,370,370,上局合段,,
DF11,371,371,广铁广段,,
DF11,372,373,上局宁东段,,
DF11,375,376,武局南段,,
DF11,377,377,哈局佳段,,
DF11,378,378,哈局三段,,
DF11,379,380,哈局佳段,,
DF11,381,381,哈局三段,,
DF11,382,384,上局宁东段,,
DF11,385,385,上局徐段,,
DF11,386,387,上局宁东段,,
DF11,388,389,兰局嘉段,,
DF11,390,390,武局南段,,
DF11,391,391,济局济段,,
DF11,393,393,武局南段,,
DF11,399,399,武局南段,,
DF11,402,402,济局济段,,
DF11,403,403,济局青段,,
DF11,404,405,上局宁东段,,
DF11,406,406,广铁广段,,
DF11,407,407,上局徐段,,
DF11,408,410,上局宁东段,,
DF11,411,411,上局合段,,
DF11,412,413,上局宁东段,,
DF11,414,414,哈局佳段,,
DF11,415,421,京局京段,,
DF11,424,424,哈局三段,,
DF11,426,428,哈局三段,,
DF11,429,429,武局南段,,
DF11,430,431,哈局三段,,
DF11,432,432,上局徐段,,
DF11,433,433,广铁广段,,
DF11,434,434,上局宁东段,,
DF11,435,435,上局徐段,,
DF11,436,436,广铁广段,,
DF11,437,437,上局合段,,
DF11,438,438,上局宁东段,,
DF11,439,439,上局徐段,,
DF11,440,441,上局合段,,
DF11,442,442,哈局三段,,
DF11,444,444,哈局三段,,
DF11,446,446,武局南段,,
DF11,447,448,济局青段,,
DF11,449,449,京局唐段,,
DF11,450,450,沈局梅段,,
DF11,451,451,京局津段,,
DF11,453,453,京局津段,,
DF11,454,456,南局南段,,
DF11,458,458,南局南段,,
DF11,1898,1898,上局徐段,,
DF11,8001,8001,吉林铁院,,
DF11G,43,44,沈局吉段,,
DF11G,47,48,哈局佳段,,
DF11G,111,112,沈局吉段,,
DF11G,145,145,乌局库段,,
DF11G,149,149,广铁广段,,
DF11G,154,155,沈局吉段,,
DF11G,171,171,广铁广段,,
DF11G,176,176,沈局梅段,,
DF11G,191,192,沈局吉段,,
DF11G,195,197,沈局梅段,,
DF11G,201,202,乌局库段,,
DF11G,215,215,沈局梅段,,
DF11G,217,217,沈局梅段,,
DF12,1,1,广铁怀段,,
DF12,4,4,广铁广段,,
DF12,5,5,广铁怀段,,
DF12,8,9,乌局哈段,,
DF12,12,12,乌局哈段,,
DF12,17,17,广铁株段,,
DF12,21,21,广铁株段,,
DF12,26,28,广铁广段,,
DF12,29,29,成局成段,,
DF12,31,31,成局成段,,
DF12,37,38,金温温段,,
DF12,39,39,广铁怀段,,
DF12,41,41,广铁株段,,
DF12,48,48,广铁怀段,,
DF12,49,51,广铁广段,,
DF12,55,55,乌局乌段,,
DF12,56,56,江泉铁路,,
DF12,70,71,神华集团,,
DF12,73,73,太钢,,
DF12,74,75,鄂州球团,,
DF12,78,78,徐矿铁路,,
DF12,79,80,徐沛铁路,,
DF12,82,82,,,
DF12,84,84,,,
DF12,87,87,中铁十五局,,
DF12,98,98,开滦股份,,
DF12,103,103,大宋铁路,,
DF12,112,112,神华集团,,
DF12,116,116,鄂州球团,,
DF12,118,118,广铁广段,,
DF12,129,129,京局津段,,
DF12,134,134,中铁十五局,,
DF12,146,146,暂无,,
DF12,150,150,京局丰段,,
DF12,153,153,乌局乌段,,
DF12,178,178,青岛港,,
DF12,182,182,郑局洛段,,
DF12,190,190,柳州铁运,,
DF12,208,208,太局太段,,
DF12,222,222,,,
DF12,226,226,齐鲁石化,,
DF12,230,230,,,
DF12,268,268,宜昌港务,,
DF12,287,287,梁邹公司,,
DF12,306,306,哈局三段,,
DF12,307,307,米东石化,,
DF12,325,325,广州港,,
DF12,339,339,广州港,,
DF12,348,348,广州港,,
DF4C,1,1,上局合段,,
DF4C,3,4,京局怀段,,
DF4C,5,5,宁局邕段,,
DF4C,6,6,济局济段,,
DF4C,7,9,济局西段,,
DF4C,10,10,上局合段,,
DF4C,11,11,京局丰段,,
DF4C,12,12,京局怀段,,
DF4C,13,13,京局丰段,,
DF4C,15,20,京局怀段,,
DF4C,23,23,哈局哈段,,
DF4C,25,25,哈局哈段,,
DF4C,32,33,哈局哈段,,
DF4C,2001,2001,京局怀段,,
DF4C,2002,2002,广铁广段,,
DF4C,2006,2006,哈局哈段,,
DF4C,4001,4001,沈局锦段,,
DF4C,4090,4090,广铁广段,,
DF4C,4111,4111,广铁广段,,
DF4C,4116,4116,南局向段,,
DF4C,4119,4119,广铁广段,,
DF4C,4124,4124,沈局苏段,,
DF4C,4126,4127,济局西段,,
DF4C,4129,4129,济局青段,,
DF4C,4130,4130,南局向段,,
DF4C,4132,4132,济局青段,,
DF4C,4134,4135,济局青段,,
DF4C,4136,4136,宁局邕段,,
DF4C,4137,4137,宁局柳段,,
DF4C,4138,4139,济局青段,,
DF4C,4140,4140,宁局柳段,,
DF4C,4141,4141,济局西段,,
DF4C,4143,4143,济局青段,,
DF4C,4144,4144,宁局邕段,,
DF4C,4145,4146,济局青段,,
DF4C,4147,4147,宁局柳段,,
DF4C,4149,4149,宁局邕段,,
DF4C,4150,4150,济局青段,,
DF4C,4157,4157,沈局苏段,,
DF4C,4162,4162,广铁广段,,
DF4C,4165,4165,济局西段,,
DF4C,4166,4166,宁局邕段,,
DF4C,4167,4167,济局青段,,
DF4C,4169,4169,广铁广段,,
DF4C,4174,4174,沈局白段,,
DF4C,4183,4183,沈局苏段,,
DF4C,4185,4185,济局青段,,
DF4C,4187,4187,济局青段,,
DF4C,4188,4188,济局西段,,
DF4C,4192,4192,济局西段,,
DF4C,4193,4194,济局青段,,
DF4C,4196,4196,济局西段,,
DF4C,4197,4197,济局青段,,
DF4C,4198,4198,宁局邕段,,
DF4C,4206,4206,呼局运管,,
DF4C,4219,4219,呼局包段,,
DF4C,4220,4220,宁局邕段,,
DF4C,4225,4226,宁局邕段,,
DF4C,4232,4232,沈局白段,,
DF4C,4234,4234,沈局吉段,,
DF4C,4240,4240,沈局梅段,,
DF4C,4241,4241,宁局邕段,,
DF4C,4246,4246,京局丰段,,
DF4C,4247,4247,中铁十九局,,
DF4C,4248,4250,京局怀段,,
DF4C,4251,4252,宁局邕段,,
DF4C,4253,4253,呼局包段,,
DF4C,4255,4255,宁局邕段,,
DF4C,4256,4260,京局怀段,,
DF4C,4261,4263,济局西段,,
DF4C,4264,4266,济局青段,,
DF4C,4267,4267,宁局柳段,,
DF4C,4269,4269,济局济段,,
DF4C,4270,4270,济局青段,,
DF4C,4271,4271,宁局邕段,,
DF4C,4275,4275,呼局包段,,
DF4C,4276,4276,宁局邕段,,
DF4C,4277,4277,宁局柳段,,
DF4C,4278,4278,宁局邕段,,
DF4C,4281,4281,济局青段,,
DF4C,4283,4284,济局青段,,
DF4C,4286,4286,济局青段,,
DF4C,4287,4287,宁局柳段,,
DF4C,4288,4288,济局青段,,
DF4C,4295,4295,沈局锦段,,
DF4C,4296,4296,哈局哈段,,
DF4C,4297,4297,南局向段,,
DF4C,4298,4298,哈局哈段,,
DF4C,4300,4300,哈局哈段,,
DF4C,4301,4301,漯阜铁路,,
DF4C,4310,4310,沈局吉段,,
DF4C,4311,4311,广铁株段,,
DF4C,4321,4321,哈局哈段,,
DF4C,4322,4322,南局向段,,
DF4C,4324,4325,南局向段,,
DF4C,4338,4338,宁局邕段,,
DF4C,4354,4354,上局合段,,
DF4C,4360,4360,沈局吉段,,
DF4C,4370,4370,沈局锦段,,
DF4C,4372,4373,济局青段,,
DF4C,4375,4378,济局青段,,
DF4C,4379,4379,宁局柳段,,
DF4C,4380,4380,宁局邕段,,
DF4C,4381,4381,济局青段,,
DF4C,4383,4384,南局向段,,
DF4C,4385,4386,哈局哈段,,
DF4C,4387,4387,济局青段,,
DF4C,4393,4393,沈局白段,,
DF4C,4402,4402,京局丰段,,
DF4C,4403,4403,昆局昆段,,
DF4C,4404,4407,京局怀段,,
DF4C,4423,4423,沈局苏段,,
DF4C,4432,4432,哈局哈段,,
DF4C,4437,4437,南局向段,,
DF4C,4438,4438,上局合段,,
DF4C,4445,4445,沈局吉段,,
DF4C,4452,4453,哈局哈段,,
DF4C,4457,4459,京局怀段,,
DF4C,4465,4465,沈局锦段,,
DF4C,5001,5001,济局青段,,
DF4C,5002,5002,宁局邕段,,
DF4C,5005,5005,南局向段,,
DF4C,5006,5007,哈局哈段,,
DF4C,5008,5008,漯阜铁路,,
DF4C,5010,5015,京局怀段,,
DF4C,5016,5016,济局青段,,
DF4C,5018,5018,上局合段,,
DF4C,5029,5029,上局合段,,
DF4C,5031,5031,京局怀段,,
DF4C,5034,5034,京局怀段,,
DF4C,5036,5036,武局南段,,
DF4C,5044,5044,沈局吉段,,
DF4C,5048,5048,广铁广段,,
DF4C,5053,5055,上局合段,,
DF4C,5059,5059,上局合段,,
DF4C,5061,5062,上局合段,,
DF4C,5064,5064,上局合段,,
DF4C,5076,5076,沈局锦段,,
DF4C,5077,5077,沈局苏段,,
DF4C,5079,5079,上局合段,,
DF4C,5087,5088,哈局哈段,,
DF4C,5091,5091,哈局哈段,,
DF4C,5093,5093,广铁广段,,
DF4C,5112,5112,哈局哈段,,
DF4C,5114,5115,济局西段,,
DF4C,5116,5116,南局向段,,
DF4C,5118,5119,济局青段,,
DF4C,5120,5120,济局西段,,
DF4C,5121,5121,济局济段,,
DF4C,5122,5122,济局青段,,
DF4C,5131,5131,宁局柳段,,
DF4C,5134,5134,呼局包段,,
DF4C,5146,5146,沈局苏段,,
DF4C,5149,5149,上局合段,,
DF4C,5152,5153,上局合段,,
DF4C,5156,5157,上局合段,,
DF4C,5160,5162,哈局哈段,,
DF4C,5164,5164,哈局哈段,,
DF4C,5166,5167,哈局哈段,,
DF4C,5171,5171,上局合段,,
DF4C,5177,5177,南局向段,,
DF4C,5178,5178,上局合段,,
DF4C,5180,5181,上局合段,,
DF4C,5183,5183,上局合段,,
DF4C,5185,5185,上局合段,,
DF4C,5187,5190,上局合段,,
DF4C,5193,5193,哈局哈段,,
DF4C,5196,5196,哈局哈段,,
DF4C,5198,5198,哈局哈段,,
DF4C,5201,5201,哈局哈段,,
DF4C,5203,5203,沈局白段,,
DF4C,5213,5213,京局怀段,,
DF4C,5214,5214,中铁十九局,,
DF4C,5215,5215,京局怀段,,
DF4C,5217,5217,哈局哈段,,
DF4C,5225,5225,乌局哈段,,
DF4C,5228,5228,宁局邕段,,
DF4C,5239,5239,济局西段,,
DF4C,5241,5241,济局西段,,
DF4C,5253,5253,漯阜铁路,,
DF4C,5254,5254,武局南段,,
DF4C,5256,5257,武局南段,,
DF4C,5258,5258,哈局哈段,,
DF4C,5261,5261,上局合段,,
DF4C,5264,5264,上局合段,,
DF4C,5266,5266,上局合段,,
DF4C,5268,5268,上局合段,,
DF4C,5272,5272,京局怀段,,
DF4C,5274,5275,广铁三段,,
DF4C,5276,5276,济局青段,,
DF4C,5277,5278,济局西段,,
DF4C,5281,5281,哈局哈段,,
DF4C,5285,5287,哈局哈段,,
DF4C,5291,5296,京局怀段,,
DF4C,5297,5297,哈局佳段,,
DF4C,5300,5301,哈局佳段,,
DF4C,5304,5304,哈局佳段,,
DF4C,5305,5305,哈局哈段,,
DF4C,5307,5309,济局青段,,
DF4C,5311,5311,济局青段,,
DF4C,5316,5316,沈局白段,,
DF4C,5317,5318,宁局邕段,,
DF4C,5321,5325,昆局昆段,,
DF4C,5326,5327,哈局哈段,,
DF4C,5328,5329,哈局佳段,,
DF4C,5331,5331,沈局吉段,,
DF4C,5333,5333,沈局吉段,,
DF5D,1,3,广铁广段,,
DF5D,5,8,广铁广段,,
DF5D,12,12,沿海公司,,
DF5D,16,16,韶关凡口矿,,
DF5D,53,53,韶关凡口矿,,
DF5D,59,59,大庆石化,,
DF5D,67,68,阜新矿,,
DF5D,85,85,徐州港,,
DF5D,89,89,阜新矿,,
DF5D,96,96,宁夏石化,,
DF7D,1,1,宁局柳段,,
DF7D,5,5,成局贵段,,
DF7D,10,11,宁局柳段,,
DF7D,66,66,成局贵段,,
DF7D,77,77,成局贵段,,
DF7D,93,94,成局贵段,,
DF7D,99,99,成局贵段,,
DF7D,105,105,成局贵段,,
DF7D,120,120,成局贵段,,
DF7D,124,124,成局贵段,,
DF7E,1,2,郑局郑段,,
DF7G,1,3,济局青段,,
DF7G,10,11,上局沪段,,
DF7G,12,13,宁局柳段,,
DF7G,14,15,成局贵段,,
DF7G,16,16,成局重段,,
DF7G,18,18,南局向段,,
DF7G,19,20,郑局郑段,,
DF7G,23,23,郑局郑段,,
DF7G,24,25,济局济段,,
DF7G,26,30,上局沪段,,
DF7G,31,35,郑局郑段,,
DF7G,36,40,上局沪段,,
DF7G,46,46,南局福段,,
DF7G,48,48,南局福段,,
DF7G,50,51,昆局昆段,,
DF7G,53,53,昆局昆段,,
DF7G,54,54,济局青段,,
DF7G,57,59,上局沪段,,
DF7G,62,62,广铁株段,,
DF7G,66,66,上局沪段,,
DF7G,67,67,济局西段,,
DF7G,68,68,济局济段,,
DF7G,69,70,上局沪段,,
DF7G,72,73,上局沪段,,
DF7G,74,75,宁局柳段,,
DF7G,76,77,南局福段,,
DF7G,82,84,广铁株段,,
DF7G,85,85,成局贵段,,
DF7G,95,95,包钢集团,,
DF7G,107,107,秦皇岛港,,
DF7G,108,108,包钢集团,,
DF7G,110,110,茂名石化,,
DF7G,121,121,金温温段,,
DF7G,128,128,龙潭铁路,,
DF7G,136,136,首钢,,
DF7G,138,138,荣程联合,,
DF7G,666,666,宝武集团,,
DF7G,5001,5002,哈局齐段,,
DF7G,5005,5005,哈局齐段,,
DF7G,5007,5007,青藏宁段,,
DF7G,5009,5009,沈局苏段,,
DF7G,5010,5010,沈局吉段,,
DF7G,5011,5012,京局京段,,
DF7G,5013,5013,京局怀段,,
DF7G,5014,5015,京局京段,,
DF7G,5017,5018,济局济段,,
DF7G,5019,5019,沈局苏段,,
DF7G,5021,5022,沈局连段,,
DF7G,5024,5026,广铁株段,,
DF7G,5028,5029,成局成段,,
DF7G,5031,5031,成局重段,,
DF7G,5032,5032,成局贵段,,
DF7G,5033,5037,京局京段,,
DF7G,5038,5039,宁局邕段,,
DF7G,5040,5042,兰局兰段,,
DF7G,5045,5045,昆局昆段,,
DF7G,5048,5049,南局向段,,
DF7G,5055,5055,南局福段,,
DF7G,5056,5056,成局贵段,,
DF7G,5057,5058,成局成段,,
DF7G,5060,5061,哈局齐段,,
DF7G,5063,5063,沈局连段,,
DF7G,5064,5064,沈局苏段,,
DF7G,5066,5066,京局京段,,
DF7G,5067,5067,京局石段,,
DF7G,5068,5069,京局京段,,
DF7G,5072,5072,呼局包段,,
DF7G,5074,5074,沈局吉段,,
DF7G,5076,5076,济局济段,,
DF7G,5078,5078,济局西段,,
DF7G,5081,5082,成局成段,,
DF7G,5084,5085,成局贵段,,
DF7G,5090,5090,沈阳铁博,,
DF7G,5091,5091,沈局锦段,,
DF7G,5095,5095,京局京段,,
DF7G,5096,5096,京局石段,,
DF7G,5097,5097,呼局集段,,
DF7G,5098,5098,呼局包段,,
DF7G,5101,5101,郑局洛段,,
DF7G,5102,5102,西局西段,,
DF7G,5103,5103,西局安段,,
DF7G,5104,5104,成局贵段,,
DF7G,5106,5106,成局成段,,
DF7G,5107,5107,成局重段,,
DF7G,5110,5110,兰局嘉段,,
DF7G,5111,5111,兰局迎段,,
DF7G,5112,5112,乌局库段,,
DF7G,5114,5114,青藏宁段,,
DF7G,5115,5115,青藏格段,,
DF7G,5123,5123,沈局苏段,,
DF7G,5124,5124,沈局锦段,,
DF7G,5126,5126,南局福段,,
DF7G,5127,5127,京局京段,,
DF7G,5129,5129,京局津段,,
DF7G,5132,5133,呼局包段,,
DF7G,5136,5136,郑局郑段,,
DF7G,5138,5138,西局新段,,
DF7G,5139,5140,西局西段,,
DF7G,5141,5141,西局新段,,
DF7G,5143,5143,武局襄段,,
DF7G,5145,5148,上局沪段,,
DF7G,5150,5150,南局福段,,
DF7G,5151,5153,广铁株段,,
DF7G,5156,5156,宁局邕段,,
DF7G,5157,5157,成局重段,,
DF7G,5158,5158,成局贵段,,
DF7G,5159,5159,成局成段,,
DF7G,5160,5160,乌局库段,,
DF7G,5161,5161,青藏宁段,,
DF7G,5162,5162,青藏格段,,
DF7G,5171,5171,郑局洛段,,
DF7G,5173,5173,海口磷矿,,
DF7G,5193,5193,暂无,,
DF7G,5196,5196,腾达西铁,,
DF7G,5245,5245,成局贵段,,
DF7G,5247,5247,包头钢铁,,
DF7G,5251,5251,包头钢铁,,
DF7G,8001,8002,青藏格段,,
DF7G,8003,8003,青藏宁段,,
DF7J,1,1,京局京段,,
DF8,1,1,武局南段,,
DF8,3,3,武局南段,,
DF8,8,11,武局南段,,
DF8,13,15,武局南段,,
DF8,18,20,武局南段,,
DF8,22,41,武局南段,,
DF8,45,45,哈局牡段,,
DF8,70,70,哈局牡段,,
DF8,72,72,哈局牡段,,
DF8,74,74,哈局牡段,,
DF8,76,76,哈局牡段,,
DF8,78,78,哈局牡段,,
DF8,86,86,哈局牡段,,
DF8,89,91,哈局牡段,,
DF8,93,93,哈局牡段,,
DF8,97,97,哈局牡段,,
DF8,101,101,哈局牡段,,
DF8,105,107,哈局牡段,,
DF8,109,111,哈局牡段,,
DF8,115,117,哈局牡段,,
DF8,119,121,哈局牡段,,
DF8,124,124,哈局牡段,,
DF8,127,130,哈局牡段,,
DF8,132,141,哈局牡段,,
DF8B,1,1,青藏宁段,,
DF8B,2,2,上局合段,,
DF8B,3,3,上局宁东段,,
DF8B,4,4,青藏宁段,,
DF8B,5,7,京局唐段,,
DF8B,8,8,乌局哈段,,
DF8B,9,9,宁局柳段,,
DF8B,10,10,上局徐段,,
DF8B,12,12,上局徐段,,
DF8B,14,14,上局合段,,
DF8B,17,19,青藏宁段,,
DF8B,20,20,京局唐段,,
DF8B,21,21,宁局柳段,,
DF8B,23,23,宁局柳段,,
DF8B,25,26,青藏宁段,,
DF8B,27,27,京局唐段,,
DF8B,28,28,济局西段,,
DF8B,31,31,上局宁东段,,
DF8B,32,32,上局徐段,,
DF8B,33,36,青藏宁段,,
DF8B,37,38,上局宁东段,,
DF8B,39,39,上局徐段,,
DF8B,40,40,上局宁东段,,
DF8B,41,41,青藏宁段,,
DF8B,42,43,上局徐段,,
DF8B,45,45,呼局包段,,
DF8B,46,46,乌局库段,,
DF8B,48,48,宁局柳段,,
DF8B,49,49,昆局昆段,,
DF8B,50,50,宁局柳段,,
DF8B,51,53,济局西段,,
DF8B,54,54,济局济段,,
DF8B,55,56,济局西段,,
DF8B,57,57,济局济段,,
DF8B,59,59,上局翔段,,
DF8B,61,61,集通大段,,
DF8B,62,62,上局翔段,,
DF8B,63,63,集通大段,,
DF8B,64,64,宁局邕段,,
DF8B,65,65,郑局乡段,,
DF8B,66,66,成局西段,,
DF8B,67,67,济局西段,,
DF8B,68,68,宁局柳段,,
DF8B,69,69,哈局齐段,,
DF8B,70,70,上局宁东段,,
DF8B,73,74,上局宁东段,,
DF8B,78,78,乌局库段,,
DF8B,83,83,青藏宁段,,
DF8B,86,86,青藏宁段,,
DF8B,91,91,宁局邕段,,
DF8B,92,92,宁局柳段,,
DF8B,97,97,宁局邕段,,
DF8B,99,99,宁局邕段,,
DF8B,100,100,郑局乡段,,
DF8B,102,102,成局成段,,
DF8B,104,104,宁局柳段,,
DF8B,108,108,宁局邕段,,
DF8B,109,109,宁局柳段,,
DF8B,111,112,宁局柳段,,
DF8B,114,114,宁局柳段,,
DF8B,115,115,济局济段,,
DF8B,116,116,宁局邕段,,
DF8B,117,117,济局济段,,
DF8B,119,121,济局西段,,
DF8B,122,122,济局济段,,
DF8B,123,123,乌局库段,,
DF8B,124,124,郑局乡段,,
DF8B,125,125,宁局邕段,,
DF8B,126,126,郑局洛段,,
DF8B,128,128,成局成段,,
DF8B,129,129,宁局邕段,,
DF8B,131,132,宁局柳段,,
DF8B,136,136,太局太段,,
DF8B,141,141,太局侯段,,
DF8B,142,142,太局湖段,,
DF8B,145,145,太局太段,,
DF8B,149,150,京局邯段,,
DF8B,154,154,京局丰段,,
DF8B,155,155,京局津段,,
DF8B,157,157,京局邯段,,
DF8B,158,158,京局津段,,
DF8B,159,159,宁局柳段,,
DF8B,162,162,济局青段,,
DF8B,165,165,济局西段,,
DF8B,166,166,济局济段,,
DF8B,168,168,济局西段,,
DF8B,170,170,济局西段,,
DF8B,171,171,济局济段,,
DF8B,172,173,济局西段,,
DF8B,175,176,集通大段,,
DF8B,178,179,宁局邕段,,
DF8B,181,182,上局宁东段,,
DF8B,183,183,上局合段,,
DF8B,186,186,兰局兰段,,
DF8B,187,187,呼局集段,,
DF8B,192,192,呼局集段,,
DF8B,193,193,太局太段,,
DF8B,197,197,青藏宁段,,
DF8B,198,198,兰局兰段,,
DF8B,199,199,集通大段,,
DF8B,200,200,兰局嘉段,,
DF8B,201,201,兰局兰段,,
DF8B,207,207,兰局兰段,,
DF8B,208,219,天津南环铁路,,
DF8B,231,231,集通大段,,
DF8B,236,236,兰局兰段,,
DF8B,239,241,集通大段,,
DF8B,247,247,潞安公司,,
DF8B,277,277,淮南铁运,,
DF8B,281,281,淮南铁运,,
DF8B,286,286,中铁四局,,
DF8B,369,369,广通铁运,,
DF8B,5001,5001,青藏宁段,,
DF8B,5002,5002,乌局乌段,,
DF8B,5006,5007,太局湖段,,
DF8B,5008,5011,京局津段,,
DF8B,5012,5012,宁局柳段,,
DF8B,5016,5016,兰局兰段,,
DF8B,5018,5018,昆局昆段,,
DF8B,5019,5019,宁局邕段,,
DF8B,5020,5020,青藏宁段,,
DF8B,5021,5021,宁局柳段,,
DF8B,5022,5022,宁局邕段,,
DF8B,5024,5025,京局津段,,
DF8B,5026,5026,宁局邕段,,
DF8B,5027,5027,京局唐段,,
DF8B,5030,5031,兰局兰段,,
DF8B,5032,5032,太局太段,,
DF8B,5034,5034,郑局郑段,,
DF8B,5036,5037,郑局郑段,,
DF8B,5038,5038,集通大段,,
DF8B,5042,5043,郑局洛段,,
DF8B,5047,5047,乌局乌段,,
DF8B,5050,5050,兰局嘉段,,
DF8B,5053,5053,太局侯段,,
DF8B,5055,5055,上局宁东段,,
DF8B,5056,5056,郑局郑段,,
DF8B,5057,5057,太局太段,,
DF8B,5058,5058,济局济段,,
DF8B,5059,5059,太局侯段,,
DF8B,5060,5060,太局太段,,
DF8B,5062,5062,青藏宁段,,
DF8B,5063,5063,兰局兰段,,
DF8B,5064,5065,京局津段,,
DF8B,5066,5066,京局唐段,,
DF8B,5067,5067,宁局柳段,,
DF8B,5068,5068,京局丰段,,
DF8B,5069,5070,京局津段,,
DF8B,5071,5071,京局唐段,,
DF8B,5073,5073,京局津段,,
DF8B,5075,5075,太局太段,,
DF8B,5076,5076,青藏宁段,,
DF8B,5077,5078,兰局兰段,,
DF8B,5079,5079,成局重段,,
DF8B,5080,5080,上局翔段,,
DF8B,5084,5084,青藏宁段,,
DF8B,5085,5087,京局津段,,
DF8B,5088,5088,京局唐段,,
DF8B,5091,5091,京局津段,,
DF8B,5092,5092,宁局柳段,,
DF8B,5093,5093,京局唐段,,
DF8B,5097,5097,宁局邕段,,
DF8B,5099,5099,郑局郑段,,
DF8B,5103,5103,宁局邕段,,
DF8B,5105,5105,京局唐段,,
DF8B,5106,5106,京局怀段,,
DF8B,5107,5107,宁局柳段,,
DF8B,5108,5108,乌局乌段,,
DF8B,5109,5109,京局唐段,,
DF8B,5111,5112,济局西段,,
DF8B,5114,5114,宁局邕段,,
DF8B,5115,5115,太局侯段,,
DF8B,5116,5116,宁局柳段,,
DF8B,5118,5118,济局济段,,
DF8B,5119,5119,太局侯段,,
DF8B,5120,5120,上局徐段,,
DF8B,5123,5123,上局徐段,,
DF8B,5126,5126,太局太段,,
DF8B,5129,5130,上局宁东段,,
DF8B,5131,5131,乌局库段,,
DF8B,5133,5133,京局唐段,,
DF8B,5135,5135,兰局兰段,,
DF8B,5136,5136,京局丰段,,
DF8B,5137,5137,京局唐段,,
DF8B,5142,5142,乌局库段,,
DF8B,5147,5147,乌局库段,,
DF8B,5148,5149,济局济段,,
DF8B,5150,5150,济局青段,,
DF8B,5151,5152,济局西段,,
DF8B,5153,5153,兰局兰段,,
DF8B,5154,5154,成局成段,,
DF8B,5155,5155,成局重段,,
DF8B,5156,5156,乌局乌段,,
DF8B,5158,5158,成局重段,,
DF8B,5159,5159,京局唐段,,
DF8B,5160,5160,京局邯段,,
DF8B,5161,5161,京局唐段,,
DF8B,5163,5163,呼局包段,,
DF8B,5164,5164,呼局集段,,
DF8B,5165,5165,呼局包段,,
DF8B,5167,5167,宁局柳段,,
DF8B,5171,5171,京局唐段,,
DF8B,5172,5172,济局青段,,
DF8B,5173,5174,济局西段,,
DF8B,5177,5177,集通大段,,
DF8B,5178,5178,成局重段,,
DF8B,5179,5179,成局西段,,
DF8B,5180,5180,乌局库段,,
DF8B,5181,5181,成局重段,,
DF8B,5182,5182,太局侯段,,
DF8B,5183,5183,太局湖段,,
DF8B,5184,5184,成局西段,,
DF8B,5187,5187,济局青段,,
DF8B,5188,5188,上局宁东段,,
DF8B,5189,5189,济局西段,,
DF8B,5190,5190,京局怀段,,
DF8B,5192,5192,太局太段,,
DF8B,5193,5193,京局唐段,,
DF8B,5197,5198,京局唐段,,
DF8B,5200,5200,京局唐段,,
DF8B,5201,5202,宁局邕段,,
DF8B,5203,5203,宁局柳段,,
DF8B,5204,5204,郑局郑段,,
DF8B,5205,5205,宁局柳段,,
DF8B,5206,5206,宁局邕段,,
DF8B,5207,5207,宁局柳段,,
DF8B,5209,5209,成局西段,,
DF8B,5210,5210,济局西段,,
DF8B,5212,5212,京局丰段,,
DF8B,5214,5216,京局津段,,
DF8B,5217,5217,京局邯段,,
DF8B,5218,5218,京局津段,,
DF8B,5220,5220,京局唐段,,
DF8B,5223,5225,天津南环铁路,,
DF8B,5226,5226,京局津段,,
DF8B,5227,5227,宁局柳段,,
DF8B,5228,5228,京局唐段,,
DF8B,5232,5232,京局怀段,,
DF8B,5235,5235,京局怀段,,
DF8B,5236,5236,京局唐段,,
DF8B,5240,5240,宁局柳段,,
DF8B,5243,5244,济局西段,,
DF8B,5245,5245,济局青段,,
DF8B,5247,5247,上局徐段,,
DF8B,5250,5250,乌局乌段,,
DF8B,5252,5252,济局济段,,
DF8B,5254,5254,济局西段,,
DF8B,5256,5256,济局西段,,
DF8B,5259,5259,乌局库段,,
DF8B,5263,5264,京局津段,,
DF8B,5266,5266,京局津段,,
DF8B,5269,5269,青藏宁段,,
DF8B,5272,5272,昆局昆段,,
DF8B,5276,5277,上局宁东段,,
DF8B,5278,5278,上局徐段,,
DF8B,5279,5279,上局合段,,
DF8B,5280,5280,上局宁东段,,
DF8B,5281,5281,乌局哈段,,
DF8B,5285,5285,京局唐段,,
DF8B,5286,5286,京局怀段,,
DF8B,5288,5289,京局唐段,,
DF8B,5290,5290,宁局柳段,,
DF8B,5292,5292,京局怀段,,
DF8B,5293,5293,郑局郑段,,
DF8B,5294,5294,昆局昆段,,
DF8B,5297,5297,京局津段,,
DF8B,5298,5298,郑局郑段,,
DF8B,5299,5301,京局津段,,
DF8B,5303,5303,宁局柳段,,
DF8B,5305,5305,宁局柳段,,
DF8B,5306,5306,昆局昆段,,
DF8B,5307,5307,呼局集段,,
DF8B,5309,5309,乌局库段,,
DF8B,5310,5310,京局邯段,,
DF8B,5311,5311,乌局乌段,,
DF8B,5314,5314,宁局柳段,,
DF8B,5315,5315,乌局乌段,,
DF8B,5316,5316,青藏格段,,
DF8B,5318,5320,成局成段,,
DF8B,5321,5321,呼局集段,,
DF8B,5326,5326,呼局集段,,
DF8B,5329,5329,呼局包段,,
DF8B,5330,5330,呼局集段,,
DF8B,5333,5334,济局青段,,
DF8B,5336,5336,济局济段,,
DF8B,5337,5337,呼局集段,,
DF8B,5339,5340,济局青段,,
DF8B,5341,5341,青藏宁段,,
DF8B,5342,5343,济局青段,,
DF8B,5345,5345,太局湖段,,
DF8B,5346,5346,郑局郑段,,
DF8B,5347,5347,呼局包段,,
DF8B,5348,5348,宁局柳段,,
DF8B,5350,5350,宁局邕段,,
DF8B,5357,5357,郑局郑段,,
DF8B,5360,5360,乌局乌段,,
DF8B,5363,5363,集通大段,,
DF8B,5366,5366,济局青段,,
DF8B,5367,5367,济局西段,,
DF8B,5369,5369,乌局乌段,,
DF8B,5370,5370,京局丰段,,
DF8B,5373,5373,济局青段,,
DF8B,5381,5381,呼局包段,,
DF8B,5385,5385,郑局郑段,,
DF8B,5386,5386,郑局洛段,,
DF8B,5388,5388,宁局柳段,,
DF8B,5393,5393,西延公司,,
DF8B,5395,5396,呼局包段,,
DF8B,5397,5397,京局丰段,,
DF8B,5399,5399,集通大段,,
DF8B,5401,5401,呼局包段,,
DF8B,5403,5403,宁局柳段,,
DF8B,5405,5405,上局合段,,
DF8B,5407,5407,上局徐段,,
DF8B,5408,5409,上局合段,,
DF8B,5410,5411,上局徐段,,
DF8B,5412,5412,上局宁东段,,
DF8B,5414,5414,上局徐段,,
DF8B,5415,5415,呼局包段,,
DF8B,5419,5419,集通大段,,
DF8B,5421,5421,西延公司,,
DF8B,5424,5424,宁局柳段,,
DF8B,5427,5427,郑局乡段,,
DF8B,5431,5431,郑局郑段,,
DF8B,5432,5432,集通大段,,
DF8B,5433,5433,京局怀段,,
DF8B,5434,5434,上局宁东段,,
DF8B,5435,5435,乌局库段,,
DF8B,5437,5438,上局徐段,,
DF8B,5439,5439,上局合段,,
DF8B,5440,5440,上局宁东段,,
DF8B,5441,5441,上局合段,,
DF8B,5442,5443,上局徐段,,
DF8B,5444,5444,上局宁东段,,
DF8B,5445,5446,上局徐段,,
DF8B,5448,5448,上局宁东段,,
DF8B,5449,5449,乌局哈段,,
DF8B,5450,5451,上局徐段,,
DF8B,5452,5453,宁局邕段,,
DF8B,5456,5456,上局宁东段,,
DF8B,5457,5460,上局徐段,,
DF8B,5462,5462,济局青段,,
DF8B,5463,5463,京局石段,,
DF8B,5464,5464,京局津段,,
DF8B,5466,5466,济局青段,,
DF8B,5467,5467,济局西段,,
DF8B,5468,5468,济局济段,,
DF8B,5469,5469,京局津段,,
DF8B,5470,5470,南阳汉冶特钢,,
DF8B,5471,5472,京局唐段,,
DF8B,5475,5475,济局青段,,
DF8B,5478,5478,济局青段,,
DF8B,5479,5480,呼局集段,,
DF8B,5482,5482,呼局集段,,
DF8B,5484,5484,集通大段,,
DF8B,5488,5488,青藏宁段,,
DF8B,5491,5491,乌局哈段,,
DF8B,5492,5492,呼局包段,,
DF8B,5493,5493,青藏宁段,,
DF8B,5497,5497,乌局乌段,,
DF8B,5503,5503,乌局乌段,,
DF8B,5506,5506,乌局乌段,,
DF8B,5515,5515,西延公司,,
DF8B,5519,5519,京局津段,,
DF8B,5521,5522,宁局柳段,,
DF8B,5523,5523,郑局洛段,,
DF8B,5525,5526,集通大段,,
DF8B,5527,5528,宁局柳段,,
DF8B,5529,5529,郑局洛段,,
DF8B,5530,5530,宁局柳段,,
DF8B,5533,5533,呼局集段,,
DF8B,5535,5535,乌局乌段,,
DF8B,5537,5537,乌局乌段,,
DF8B,5538,5539,昆局昆段,,
DF8B,5540,5540,乌局乌段,,
DF8B,5544,5544,呼局集段,,
DF8B,5545,5545,乌局哈段,,
DF8B,5553,5553,太局太段,,
DF8B,5554,5554,太局湖段,,
DF8B,5555,5557,太局太段,,
DF8B,5559,5560,太局侯段,,
DF8B,5564,5566,太局湖段,,
DF8B,5568,5568,太局湖段,,
DF8B,5569,5569,集通大段,,
DF8B,5571,5571,呼局包段,,
DF8B,5573,5573,郑局乡段,,
DF8B,5574,5575,郑局洛段,,
DF8B,5576,5578,郑局乡段,,
DF8B,5592,5592,呼局集段,,
DF8B,5594,5594,昆局昆段,,
DF8B,5597,5598,呼局集段,,
DF8B,5599,5599,京局丰段,,
DF8B,5600,5600,呼局包段,,
DF8B,5604,5604,呼局集段,,
DF8B,5605,5605,呼局包段,,
DF8B,5607,5607,呼局包段,,
DF8B,5609,5609,呼局集段,,
DF8B,5619,5619,宁局柳段,,
DF8B,5620,5620,京局丰段,,
DF8B,5621,5621,宁局柳段,,
DF8B,5623,5623,京局丰段,,
DF8B,5625,5625,呼局集段,,
DF8B,5628,5629,呼局集段,,
DF8B,5631,5631,呼局集段,,
DF8B,5632,5632,呼局呼段,,
DF8B,5633,5633,呼局包段,,
DF8B,5670,5670,集通大段,,
DF8B,5675,5675,集通大段,,
DF8B,5678,5678,集通大段,,
DF8B,5687,5687,西延公司,,
DF8B,5696,5696,呼局运管,,
DF8B,5703,5704,集通大段,,
DF8B,5706,5706,集通大段,,
DF8B,5710,5710,集通大段,,
DF8B,5713,5713,集通大段,,
DF8B,5724,5725,西延公司,,
DF8B,5729,5730,西延公司,,
DF8B,5767,5767,山东高速,,
DF8B,5778,5778,晋神铁路,,
DF8B,5790,5790,德大铁路,,
DF8B,5806,5806,中铁三局,,
DF8B,5825,5825,暂无,,
DF8B,5842,5842,,,
DF8B,5846,5846,中铁三局,,
DF8B,5868,5868,,,
DF8B,5872,5872,,,
DF8B,5873,5873,广通铁运,,
DF8B,5876,5876,中铁十五局,,
DF8B,5881,5881,,,
DF8B,5890,5890,神铁运维,,
DF8B,5894,5894,中铁四局,,
DF8B,5904,5906,集通大段,,
DF8B,5908,5908,集通大段,,
DF8B,5910,5915,沿海公司,,
DF8B,5932,5932,集通大段,,
DF8B,5938,5939,山东高速,,
DF8B,7001,7001,宁局柳段,,
DF8B,9001,9002,青藏格段,,
DF8B,9004,9004,青藏宁段,,
DF8B,9005,9006,青藏格段,,
DF8B,9007,9007,青藏宁段,,
DF8B,9008,9008,呼局集段,,
DF8B,9010,9010,呼局包段,,
DF8BI,3068,3068,伊朗铁路,,
DF8BJ,1,1,,,
DF8CJ,1,2,郑局乡段,,
DF9,1,2,广铁广段,,
DJ1,6,6,西局新段,,
DJ1,8,10,西局新段,,
DJ1,11,11,太局湖段,,
DJ1,12,14,西局新段,,
DJ1,17,17,西局新段,,
DJ1,19,20,西局新段,,
FXD1,1,1,兰局兰段,,
FXD3,1,1,兰局兰段,,
FXN3D,1,1,暂无,,
FXSY,1,1,暂无,,
FXSY,2,2,专运处,,
GK2C,1,1,戚墅堰厂,,
HD,1,1,包钢集团,,
HD,6,6,太钢,,
HXD1,1,3,太局湖段,,
HXD1,7,9,太局湖段,,
HXD1,11,12,太局湖段,,
HXD1,14,14,太局湖段,,
HXD1,16,19,太局湖段,,
HXD1,22,22,太局湖段,,
HXD1,27,27,太局湖段,,
HXD1,31,32,太局湖段,,
HXD1,35,35,太局湖段,,
HXD1,40,40,太局湖段,,
HXD1,44,48,太局湖段,,
HXD1,50,50,太局湖段,,
HXD1,53,53,太局湖段,,
HXD1,56,57,太局湖段,,
HXD1,60,60,太局湖段,,
HXD1,64,67,太局湖段,,
HXD1,70,70,太局湖段,,
HXD1,72,73,太局湖段,,
HXD1,76,76,太局湖段,,
HXD1,78,79,太局湖段,,
HXD1,82,82,太局湖段,,
HXD1,84,84,太局湖段,,
HXD1,89,94,太局湖段,,
HXD1,99,100,太局湖段,,
HXD1,102,102,太局湖段,,
HXD1,110,111,太局湖段,,
HXD1,113,116,太局湖段,,
HXD1,119,121,太局湖段,,
HXD1,124,124,太局湖段,,
HXD1,126,126,太局湖段,,
HXD1,129,129,太局湖段,,
HXD1,131,131,太局湖段,,
HXD1,133,133,太局湖段,,
HXD1,135,143,太局湖段,,
HXD1,149,149,太局湖段,,
HXD1,153,154,太局湖段,,
HXD1,156,157,太局湖段,,
HXD1,162,163,太局湖段,,
HXD1,165,165,太局湖段,,
HXD1,168,169,太局湖段,,
HXD1,173,173,太局湖段,,
HXD1,178,178,太局湖段,,
HXD1,182,182,太局湖段,,
HXD1,185,188,太局湖段,,
HXD1,192,193,太局湖段,,
HXD1,199,205,太局湖段,,
HXD1,208,210,太局湖段,,
HXD1,212,212,太局湖段,,
HXD1,214,215,太局湖段,,
HXD1,218,221,太局湖段,,
HXD1,223,224,太局湖段,,
HXD1,227,228,太局湖段,,
HXD1,230,230,太局湖段,,
HXD1,233,233,太局湖段,,
HXD1,237,238,太局湖段,,
HXD1,240,243,太局湖段,,
HXD1,245,246,太局湖段,,
HXD1,248,248,太局湖段,,
HXD1,251,256,太局湖段,,
HXD1,261,261,太局湖段,,
HXD1,265,265,太局湖段,,
HXD1,269,270,太局湖段,,
HXD1,273,278,太局湖段,,
HXD1,280,281,太局湖段,,
HXD1,287,287,太局湖段,,
HXD1,290,290,太局湖段,,
HXD1,292,294,太局湖段,,
HXD1,296,296,太局湖段,,
HXD1,298,299,太局湖段,,
HXD1,304,305,太局湖段,,
HXD1,307,308,太局湖段,,
HXD1,314,314,太局湖段,,
HXD1,319,319,太局湖段,,
HXD1,321,322,太局湖段,,
HXD1,332,332,太局湖段,,
HXD1,335,336,太局湖段,,
HXD1,338,338,太局湖段,,
HXD1,340,340,太局湖段,,
HXD1,343,344,太局湖段,,
HXD1,348,350,太局湖段,,
HXD1,1001,1003,武局襄段,,
HXD1,1004,1004,兰局兰段,,
HXD1,1005,1006,武局襄段,,
HXD1,1009,1009,兰局兰段,,
HXD1,1010,1012,武局襄段,,
HXD1,1013,1013,兰局兰段,,
HXD1,1014,1016,武局襄段,,
HXD1,1020,1020,武局襄段,,
HXD1,1022,1026,武局襄段,,
HXD1,1028,1034,武局襄段,,
HXD1,1035,1035,兰局兰段,,
HXD1,1038,1040,兰局兰段,,
HXD1,1041,1042,武局襄段,,
HXD1,1043,1043,兰局兰段,,
HXD1,1062,1062,西局安段,,
HXD1,1066,1066,西局安段,,
HXD1,1071,1071,西局安段,,
HXD1,1072,1072,西局新段,,
HXD1,1074,1074,西局新段,,
HXD1,1075,1076,西局安段,,
HXD1,1080,1080,西局安段,,
HXD1,1082,1082,西局安段,,
HXD1,1084,1084,西局新段,,
HXD1,1086,1086,呼局包段,,
HXD1,1087,1088,兰局兰段,,
HXD1,1089,1089,呼局包段,,
HXD1,1090,1091,兰局兰段,,
HXD1,1093,1093,兰局兰段,,
HXD1,1095,1095,兰局兰段,,
HXD1,1096,1096,呼局包段,,
HXD1,1097,1099,兰局兰段,,
HXD1,1100,1100,呼局包段,,
HXD1,1101,1102,兰局兰段,,
HXD1,1104,1106,兰局兰段,,
HXD1,1108,1108,呼局包段,,
HXD1,1109,1109,兰局兰段,,
HXD1,1110,1110,乌局乌段,,
HXD1,1111,1115,兰局兰段,,
HXD1,1117,1117,呼局包段,,
HXD1,1118,1118,兰局兰段,,
HXD1,1120,1120,兰局兰段,,
HXD1,1121,1123,呼局包段,,
HXD1,1127,1128,兰局兰段,,
HXD1,1131,1131,呼局包段,,
HXD1,1132,1132,兰局兰段,,
HXD1,1134,1135,兰局兰段,,
HXD1,1138,1138,兰局兰段,,
HXD1,1139,1139,呼局集段,,
HXD1,1143,1143,兰局兰段,,
HXD1,1145,1145,兰局兰段,,
HXD1,1146,1146,呼局包段,,
HXD1,1147,1147,兰局兰段,,
HXD1,1148,1148,郑局乡段,,
HXD1,1149,1149,呼局包段,,
HXD1,1151,1151,兰局兰段,,
HXD1,1152,1152,呼局包段,,
HXD1,1153,1156,兰局兰段,,
HXD1,1160,1160,呼局包段,,
HXD1,1161,1161,兰局兰段,,
HXD1,1163,1166,兰局兰段,,
HXD1,1169,1169,乌局乌段,,
HXD1,1171,1171,呼局集段,,
HXD1,1178,1178,西局安段,,
HXD1,1191,1191,西局安段,,
HXD1,1196,1196,呼局包段,,
HXD1,1203,1204,西局安段,,
HXD1,1207,1209,西局安段,,
HXD1,1211,1211,西局安段,,
HXD1,1213,1213,呼局集段,,
HXD1,1216,1216,呼局集段,,
HXD1,1217,1217,呼局包段,,
HXD1,1218,1219,兰局兰段,,
HXD1,1220,1220,西局新段,,
HXD1,1221,1223,兰局兰段,,
HXD1,1224,1225,呼局包段,,
HXD1,1226,1227,兰局兰段,,
HXD1,1228,1228,呼局包段,,
HXD1,1233,1233,兰局兰段,,
HXD1,1236,1236,呼局集段,,
HXD1,1240,1241,兰局兰段,,
HXD1,1245,1245,呼局包段,,
HXD1,1247,1247,兰局兰段,,
HXD1,1248,1248,呼局包段,,
HXD1,1251,1251,乌局乌段,,
HXD1,1252,1252,兰局兰段,,
HXD1,1254,1254,成局成段,,
HXD1,1256,1258,成局成段,,
HXD1,1260,1262,成局成段,,
HXD1,1263,1269,兰局兰段,,
HXD1,1271,1272,兰局兰段,,
HXD1,1273,1273,呼局包段,,
HXD1,1274,1274,兰局兰段,,
HXD1,1275,1276,武局襄段,,
HXD1,1278,1279,武局襄段,,
HXD1,1280,1280,成局成段,,
HXD1,1282,1283,武局襄段,,
HXD1,1285,1294,武局襄段,,
HXD1,1295,1295,广铁怀段,,
HXD1,1297,1297,广铁怀段,,
HXD1,1298,1299,广铁株段,,
HXD1,1300,1300,广铁怀段,,
HXD1,1301,1301,广铁株段,,
HXD1,1302,1305,广铁怀段,,
HXD1,1308,1308,广铁株段,,
HXD1,1309,1309,广铁怀段,,
HXD1,1311,1311,广铁怀段,,
HXD1,1312,1312,广铁株段,,
HXD1,1313,1313,广铁怀段,,
HXD1,1314,1314,广铁株段,,
HXD1,1315,1315,广铁怀段,,
HXD1,1318,1318,广铁怀段,,
HXD1,1319,1320,广铁株段,,
HXD1,1322,1322,广铁怀段,,
HXD1,1324,1324,广铁株段,,
HXD1,1325,1326,广铁怀段,,
HXD1,1327,1327,广铁株段,,
HXD1,1329,1332,广铁怀段,,
HXD1,1333,1333,广铁株段,,
HXD1,1334,1336,广铁怀段,,
HXD1,1340,1342,广铁怀段,,
HXD1,1344,1344,广铁株段,,
HXD1,1345,1354,成局贵段,,
HXD1,1356,1376,成局贵段,,
HXD1,1378,1380,成局贵段,,
HXD1,1383,1384,广铁怀段,,
HXD1,1385,1385,广铁株段,,
HXD1,1386,1386,广铁怀段,,
HXD1,1388,1388,广铁株段,,
HXD1,1389,1389,广铁怀段,,
HXD1,1393,1394,广铁怀段,,
HXD1,1396,1397,广铁怀段,,
HXD1,1398,1398,广铁株段,,
HXD1,1399,1400,广铁怀段,,
HXD1,1402,1402,广铁怀段,,
HXD1,1404,1404,广铁株段,,
HXD1,1405,1405,广铁怀段,,
HXD1,1407,1408,广铁怀段,,
HXD1,1410,1411,广铁株段,,
HXD1,1414,1414,广铁株段,,
HXD1,1417,1417,广铁株段,,
HXD1,1419,1420,广铁怀段,,
HXD1,1421,1422,太局太段,,
HXD1,1425,1425,太局太段,,
HXD1,1428,1430,太局太段,,
HXD1,1433,1433,太局太段,,
HXD1,1435,1438,太局太段,,
HXD1,1440,1440,太局太段,,
HXD1,1442,1442,武局襄段,,
HXD1,1444,1444,武局襄段,,
HXD1,1447,1452,武局襄段,,
HXD1,1453,1453,成局成段,,
HXD1,1454,1456,武局襄段,,
HXD1,1459,1460,武局襄段,,
HXD1,1463,1465,广铁怀段,,
HXD1,1467,1470,广铁怀段,,
HXD1,1472,1473,广铁怀段,,
HXD1,1475,1477,广铁怀段,,
HXD1,1481,1482,广铁怀段,,
HXD1,1485,1492,广铁怀段,,
HXD1,1494,1496,广铁怀段,,
HXD1,1498,1500,广铁怀段,,
HXD1,1502,1504,广铁怀段,,
HXD1,1507,1509,广铁怀段,,
HXD1,1512,1512,广铁怀段,,
HXD1,1515,1520,广铁怀段,,
HXD1,1522,1523,广铁怀段,,
HXD1,1528,1528,呼局包段,,
HXD1,1529,1530,西局安段,,
HXD1,1535,1535,西局安段,,
HXD1,1538,1539,呼局集段,,
HXD1,1541,1543,西局新段,,
HXD1,1546,1547,西局新段,,
HXD1,1554,1554,西局安段,,
HXD1,1556,1557,武局襄段,,
HXD1,1559,1560,武局襄段,,
HXD1,1562,1562,武局襄段,,
HXD1,1565,1567,武局襄段,,
HXD1,1569,1569,武局襄段,,
HXD1,1570,1570,广铁怀段,,
HXD1,1571,1571,广铁株段,,
HXD1,1574,1574,广铁株段,,
HXD1,1575,1584,成局贵段,,
HXD1,1585,1585,郑局乡段,,
HXD1,1587,1587,成局成段,,
HXD1,1589,1589,郑局乡段,,
HXD1,1590,1590,成局成段,,
HXD1,1591,1591,乌局乌段,,
HXD1,1597,1599,乌局乌段,,
HXD1,1604,1604,乌局乌段,,
HXD1,1607,1607,乌局乌段,,
HXD1,1612,1612,郑局乡段,,
HXD1,1615,1619,成局成段,,
HXD1,1621,1625,成局成段,,
HXD1,1627,1629,成局成段,,
HXD1,1631,1635,成局成段,,
HXD1,1638,1638,呼局呼段,,
HXD1,1640,1640,呼局集段,,
HXD1,1644,1644,呼局集段,,
HXD1,1657,1658,呼局包段,,
HXD1,1663,1663,呼局集段,,
HXD1,1666,1666,呼局包段,,
HXD1,1671,1671,呼局集段,,
HXD1,1689,1689,呼局集段,,
HXD1,1690,1690,成局成段,,
HXD1,1697,1698,呼局集段,,
HXD1,1700,1700,呼局集段,,
HXD1,1719,1719,郑局乡段,,
HXD1,1732,1733,郑局乡段,,
HXD1,1742,1742,郑局乡段,,
HXD1,1754,1754,郑局乡段,,
HXD1,1767,1767,郑局乡段,,
HXD1,1769,1769,郑局乡段,,
HXD1,1778,1779,郑局乡段,,
HXD1,1784,1784,郑局乡段,,
HXD1,1789,1789,呼局集段,,
HXD1,1800,1800,呼局集段,,
HXD1,1801,1801,呼局包段,,
HXD1,1804,1804,呼局包段,,
HXD1,1818,1823,呼局包段,,
HXD1,1829,1830,呼局包段,,
HXD1,1832,1834,呼局包段,,
HXD1,1858,1858,郑局乡段,,
HXD1,1861,1861,广铁怀段,,
HXD1,1862,1862,广铁株段,,
HXD1,1863,1864,广铁怀段,,
HXD1,1865,1866,广铁株段,,
HXD1,1867,1869,广铁怀段,,
HXD1,1888,1888,郑局乡段,,
HXD1,1898,1898,郑局乡段,,
HXD1,1899,1909,呼局包段,,
HXD1,1910,1910,呼局呼段,,
HXD1,1912,1912,广铁怀段,,
HXD1,1913,1922,呼局,,
HXD1,5030,5030,浩吉铁路,,
HXD1,5032,5032,浩吉铁路,,
HXD1,5040,5040,浩吉铁路,,
HXD1,5052,5052,浩吉铁路,,
HXD1,5056,5058,浩吉铁路,,
HXD1,5063,5063,浩吉铁路,,
HXD1,5080,5080,浩吉铁路,,
HXD1,5084,5084,浩吉铁路,,
HXD1,5100,5101,浩吉铁路,,
HXD1,6001,6030,成局贵段,,
HXD1,6031,6052,成局成段,,
HXD1,6054,6055,成局成段,,
HXD1,6056,6056,成局贵段,,
HXD1,6057,6118,成局成段,,
HXD1,6119,6119,兰局兰段,,
HXD1,6120,6155,成局成段,,
HXD1,6156,6167,成局贵段,,
HXD1,6170,6172,成局贵段,,
HXD1,6174,6182,成局贵段,,
HXD1,6184,6202,成局,,
HXD1,6203,6203,成局成段,,
HXD1,6204,6205,成局,,
HXD1,6809,6809,浩吉铁路,,
HXD1,7002,7002,神华集团,,
HXD1,7007,7007,国家能源集团,,
HXD1,7009,7010,神华集团,,
HXD1,7015,7015,神华集团,,
HXD1,7016,7016,国家能源集团,,
HXD1,7022,7022,国家能源集团,,
HXD1,7023,7024,神华集团,,
HXD1,7026,7026,神华集团,,
HXD1,7031,7031,神华集团,,
HXD1,7036,7036,神华集团,,
HXD1,7046,7046,京局丰段,,
HXD1,7049,7049,京局丰段,,
HXD1,7051,7051,京局丰段,,
HXD1,7054,7054,京局丰段,,
HXD1,7056,7056,京局丰段,,
HXD1,7061,7062,京局丰段,,
HXD1,7074,7074,国家能源集团,,
HXD1,7085,7085,国家能源集团,,
HXD1,7086,7086,神华集团,,
HXD1,7088,7088,神华集团,,
HXD1,7090,7091,神华集团,,
HXD1,7094,7095,神华集团,,
HXD1,7097,7098,国家能源集团,,
HXD1,7105,7105,神华集团,,
HXD1,7111,7111,神华集团,,
HXD1,7113,7113,神华集团,,
HXD1,7119,7119,国家能源集团,,
HXD1,7120,7120,神华集团,,
HXD1,7122,7122,国家能源集团,,
HXD1,7126,7126,神华集团,,
HXD1,7132,7132,神华集团,,
HXD1,7134,7134,神华集团,,
HXD1,7137,7138,神华集团,,
HXD1,7141,7141,国家能源集团,,
HXD1,7154,7154,国家能源集团,,
HXD1,7159,7159,神华集团,,
HXD1,7163,7163,神华集团,,
HXD1,7165,7165,神华集团,,
HXD1,7167,7167,国家能源集团,,
HXD1,7168,7168,神华集团,,
HXD1,7174,7174,神华集团,,
HXD1,7179,7180,神华集团,,
HXD1,7191,7191,京局丰段,,
HXD1,7193,7193,神华集团,,
HXD1,7195,7196,神华集团,,
HXD1,7198,7198,神华集团,,
HXD1,7202,7203,神华集团,,
HXD1,7206,7206,神华集团,,
HXD1,7217,7217,国家能源集团,,
HXD1,7223,7224,国家能源集团,,
HXD1,7226,7226,国家能源集团,,
HXD1,7228,7228,国家能源集团,,
HXD1,7230,7230,国家能源集团,,
HXD1,7240,7240,国家能源集团,,
HXD1,7258,7259,孝柳铁路,,
HXD1,7505,7505,国家能源集团,,
HXD1,8002,8002,国家能源集团,,
HXD1,8004,8004,神华集团,,
HXD1,8006,8006,神华集团,,
HXD1,8007,8008,国家能源集团,,
HXD1,8011,8011,国家能源集团,,
HXD1,8013,8013,国家能源集团,,
HXD1,8015,8015,国家能源集团,,
HXD1,8020,8020,国家能源集团,,
HXD1,8028,8028,神华集团,,
HXD1,8035,8035,国家能源集团,,
HXD1,9001,9001,青藏格段,,
HXD1,9002,9002,无,,
HXD1,9003,9007,青藏格段,,
HXD1,9020,9022,青藏格段,,
HXD1,9023,9028,昆局,,
HXD1,9029,9029,昆局昆段,,
HXD1,9030,9031,昆局,,
HXD1,9032,9032,昆局昆段,,
HXD1,9033,9034,昆局,,
HXD1,9035,9037,昆局昆段,,
HXD1,9038,9038,昆局,,
HXD1B,1,12,武局江段,,
HXD1B,14,16,南局向段,,
HXD1B,18,24,南局向段,,
HXD1B,26,31,南局向段,,
HXD1B,32,41,武局江段,,
HXD1B,43,43,武局江段,,
HXD1B,45,46,南局向段,,
HXD1B,48,51,南局向段,,
HXD1B,54,57,南局向段,,
HXD1B,59,62,南局向段,,
HXD1B,66,70,武局江段,,
HXD1B,73,76,武局江段,,
HXD1B,78,82,武局江段,,
HXD1B,84,121,武局江段,,
HXD1B,123,125,武局江段,,
HXD1B,128,156,武局江段,,
HXD1B,157,162,南局向段,,
HXD1B,164,164,南局向段,,
HXD1B,166,166,南局向段,,
HXD1B,169,171,南局向段,,
HXD1B,173,174,南局向段,,
HXD1B,176,178,南局向段,,
HXD1B,181,183,南局向段,,
HXD1B,185,186,南局向段,,
HXD1B,189,196,南局向段,,
HXD1B,198,199,南局向段,,
HXD1B,201,208,武局江段,,
HXD1B,210,210,武局江段,,
HXD1B,212,215,武局江段,,
HXD1B,216,216,郑局郑段,,
HXD1B,217,225,武局江段,,
HXD1B,226,229,郑局郑段,,
HXD1B,231,232,郑局郑段,,
HXD1B,234,234,郑局郑段,,
HXD1B,236,237,郑局郑段,,
HXD1B,239,242,郑局郑段,,
HXD1B,245,246,郑局郑段,,
HXD1B,249,251,郑局郑段,,
HXD1B,253,258,郑局郑段,,
HXD1B,262,267,郑局郑段,,
HXD1B,269,271,郑局郑段,,
HXD1B,273,275,郑局郑段,,
HXD1B,277,278,郑局郑段,,
HXD1B,281,292,武局江段,,
HXD1B,293,293,郑局郑段,,
HXD1B,294,314,武局江段,,
HXD1B,316,355,武局江段,,
HXD1B,357,361,武局江段,,
HXD1B,363,363,郑局郑段,,
HXD1B,365,366,武局江段,,
HXD1B,368,368,郑局郑段,,
HXD1B,369,369,武局江段,,
HXD1B,371,373,郑局郑段,,
HXD1B,375,375,郑局郑段,,
HXD1B,377,380,郑局郑段,,
HXD1B,381,417,武局江段,,
HXD1B,419,428,武局江段,,
HXD1B,429,429,南局向段,,
HXD1B,430,430,武局江段,,
HXD1B,432,432,郑局郑段,,
HXD1B,434,440,郑局郑段,,
HXD1B,442,446,郑局郑段,,
HXD1B,448,448,郑局郑段,,
HXD1B,451,452,郑局郑段,,
HXD1B,454,455,郑局郑段,,
HXD1B,457,458,郑局郑段,,
HXD1B,460,464,郑局郑段,,
HXD1B,468,468,郑局郑段,,
HXD1B,471,474,郑局郑段,,
HXD1B,476,485,郑局郑段,,
HXD1B,486,488,南局向段,,
HXD1B,490,490,南局向段,,
HXD1B,492,495,南局向段,,
HXD1B,498,498,南局向段,,
HXD1B,500,500,南局向段,,
HXD1B,501,502,上局杭段,,
HXD1B,504,505,上局杭段,,
HXD1B,506,507,南局向段,,
HXD1B,508,509,上局杭段,,
HXD1B,511,513,上局杭段,,
HXD1B,515,515,上局杭段,,
HXD1B,517,518,上局杭段,,
HXD1B,520,521,上局杭段,,
HXD1B,523,523,上局杭段,,
HXD1B,525,525,上局杭段,,
HXD1B,528,529,上局杭段,,
HXD1B,531,533,上局杭段,,
HXD1B,535,535,上局杭段,,
HXD1B,538,538,上局杭段,,
HXD1B,540,541,上局杭段,,
HXD1B,543,543,上局杭段,,
HXD1B,544,544,上局沪段,,
HXD1B,545,545,上局杭段,,
HXD1B,546,546,上局沪段,,
HXD1B,547,554,南局向段,,
HXD1B,558,558,南局向段,,
HXD1B,559,559,上局杭段,,
HXD1B,560,560,南局向段,,
HXD1B,561,563,上局杭段,,
HXD1B,564,564,上局沪段,,
HXD1B,566,566,上局沪段,,
HXD1B,567,567,上局杭段,,
HXD1B,568,568,上局沪段,,
HXD1B,569,569,上局杭段,,
HXD1B,570,574,上局沪段,,
HXD1B,575,581,上局杭段,,
HXD1B,582,582,上局沪段,,
HXD1B,583,585,上局杭段,,
HXD1B,587,588,上局杭段,,
HXD1B,590,590,上局杭段,,
HXD1B,594,594,上局杭段,,
HXD1B,596,598,上局杭段,,
HXD1B,600,600,上局杭段,,
HXD1B,603,611,上局杭段,,
HXD1B,613,618,上局杭段,,
HXD1B,621,621,南局向段,,
HXD1B,622,622,上局杭段,,
HXD1B,623,623,上局沪段,,
HXD1B,624,625,上局杭段,,
HXD1B,626,628,南局向段,,
HXD1B,630,630,南局向段,,
HXD1B,632,637,南局向段,,
HXD1B,640,640,南局向段,,
HXD1B,642,648,南局向段,,
HXD1B,658,658,郑局郑段,,
HXD1B,660,660,郑局郑段,,
HXD1C,1,2,成局重段,,
HXD1C,3,3,宁局邕段,,
HXD1C,4,6,成局重段,,
HXD1C,7,7,宁局柳段,,
HXD1C,8,10,成局重段,,
HXD1C,11,11,乌局,,
HXD1C,12,12,成局重段,,
HXD1C,13,13,宁局邕段,,
HXD1C,14,15,成局重段,,
HXD1C,16,16,广铁龙段,,
HXD1C,17,20,成局重段,,
HXD1C,21,22,宁局邕段,,
HXD1C,23,24,成局重段,,
HXD1C,26,26,宁局邕段,,
HXD1C,27,27,成局重段,,
HXD1C,28,29,宁局邕段,,
HXD1C,30,30,成局重段,,
HXD1C,32,32,宁局邕段,,
HXD1C,33,34,成局重段,,
HXD1C,35,36,广铁龙段,,
HXD1C,38,39,成局重段,,
HXD1C,41,43,成局重段,,
HXD1C,45,45,成局重段,,
HXD1C,47,49,成局重段,,
HXD1C,50,50,宁局邕段,,
HXD1C,54,55,成局重段,,
HXD1C,56,56,宁局邕段,,
HXD1C,57,61,成局重段,,
HXD1C,63,63,宁局邕段,,
HXD1C,65,65,宁局邕段,,
HXD1C,66,69,成局重段,,
HXD1C,70,71,广铁株段,,
HXD1C,72,72,成局重段,,
HXD1C,73,73,宁局邕段,,
HXD1C,74,75,成局重段,,
HXD1C,77,77,成局重段,,
HXD1C,78,78,宁局邕段,,
HXD1C,79,80,成局重段,,
HXD1C,81,81,广铁龙段,,
HXD1C,82,83,广铁株段,,
HXD1C,86,96,广铁株段,,
HXD1C,98,101,广铁株段,,
HXD1C,104,110,广铁株段,,
HXD1C,111,112,南局鹰段,,
HXD1C,115,118,南局鹰段,,
HXD1C,120,128,南局鹰段,,
HXD1C,131,131,南局鹰段,,
HXD1C,133,134,南局鹰段,,
HXD1C,137,137,南局鹰段,,
HXD1C,139,139,南局向段,,
HXD1C,141,141,南局鹰段,,
HXD1C,143,144,南局鹰段,,
HXD1C,146,146,南局鹰段,,
HXD1C,148,149,南局鹰段,,
HXD1C,152,152,南局鹰段,,
HXD1C,156,157,南局鹰段,,
HXD1C,159,159,南局鹰段,,
HXD1C,161,161,南局鹰段,,
HXD1C,163,164,南局鹰段,,
HXD1C,166,167,南局鹰段,,
HXD1C,170,172,南局鹰段,,
HXD1C,175,176,南局鹰段,,
HXD1C,178,179,南局鹰段,,
HXD1C,182,183,广铁株段,,
HXD1C,184,185,成局重段,,
HXD1C,188,189,成局重段,,
HXD1C,190,190,广铁株段,,
HXD1C,193,194,成局重段,,
HXD1C,196,196,成局重段,,
HXD1C,197,197,广铁株段,,
HXD1C,199,205,广铁株段,,
HXD1C,207,207,广铁株段,,
HXD1C,210,210,广铁株段,,
HXD1C,212,213,南局鹰段,,
HXD1C,215,215,南局鹰段,,
HXD1C,217,217,南局鹰段,,
HXD1C,219,223,南局鹰段,,
HXD1C,227,229,南局鹰段,,
HXD1C,231,231,南局鹰段,,
HXD1C,233,233,南局向段,,
HXD1C,234,236,南局鹰段,,
HXD1C,238,239,南局鹰段,,
HXD1C,243,243,南局鹰段,,
HXD1C,246,246,南局向段,,
HXD1C,249,253,南局鹰段,,
HXD1C,256,257,南局鹰段,,
HXD1C,259,259,南局向段,,
HXD1C,260,262,南局鹰段,,
HXD1C,264,265,南局鹰段,,
HXD1C,268,270,南局鹰段,,
HXD1C,276,276,乌局哈段,,
HXD1C,282,282,兰局嘉段,,
HXD1C,283,283,兰局兰段,,
HXD1C,285,285,兰局嘉段,,
HXD1C,288,288,兰局兰段,,
HXD1C,292,292,兰局兰段,,
HXD1C,293,293,兰局嘉段,,
HXD1C,302,302,兰局嘉段,,
HXD1C,306,306,兰局嘉段,,
HXD1C,308,308,兰局嘉段,,
HXD1C,312,312,兰局嘉段,,
HXD1C,314,315,兰局嘉段,,
HXD1C,316,316,南局鹰段,,
HXD1C,317,317,兰局嘉段,,
HXD1C,321,321,兰局嘉段,,
HXD1C,332,332,兰局兰段,,
HXD1C,334,334,兰局嘉段,,
HXD1C,349,349,南局鹰段,,
HXD1C,351,352,兰局兰段,,
HXD1C,359,359,宁局邕段,,
HXD1C,360,360,乌局,,
HXD1C,370,370,兰局兰段,,
HXD1C,382,382,兰局嘉段,,
HXD1C,393,393,兰局嘉段,,
HXD1C,395,395,兰局兰段,,
HXD1C,407,407,乌局哈段,,
HXD1C,411,411,兰局嘉段,,
HXD1C,418,418,兰局嘉段,,
HXD1C,421,421,上局徐段,,
HXD1C,422,423,上局合段,,
HXD1C,425,425,兰局嘉段,,
HXD1C,426,426,上局徐段,,
HXD1C,428,428,兰局兰段,,
HXD1C,436,436,兰局嘉段,,
HXD1C,440,440,上局徐段,,
HXD1C,444,444,上局徐段,,
HXD1C,445,445,宁局邕段,,
HXD1C,447,447,上局徐段,,
HXD1C,448,448,兰局兰段,,
HXD1C,451,451,乌局,,
HXD1C,452,454,宁局柳段,,
HXD1C,456,461,宁局柳段,,
HXD1C,463,464,乌局哈段,,
HXD1C,467,467,宁局柳段,,
HXD1C,470,470,乌局哈段,,
HXD1C,473,474,乌局哈段,,
HXD1C,478,478,乌局哈段,,
HXD1C,492,493,乌局哈段,,
HXD1C,495,495,乌局乌段,,
HXD1C,508,508,兰局嘉段,,
HXD1C,514,514,兰局嘉段,,
HXD1C,519,520,宁局柳段,,
HXD1C,523,523,宁局柳段,,
HXD1C,524,524,宁局邕段,,
HXD1C,525,525,乌局,,
HXD1C,526,527,宁局柳段,,
HXD1C,529,529,宁局柳段,,
HXD1C,530,530,南局福段,,
HXD1C,533,534,宁局柳段,,
HXD1C,537,537,宁局邕段,,
HXD1C,538,540,宁局柳段,,
HXD1C,542,543,宁局柳段,,
HXD1C,544,545,南局福段,,
HXD1C,547,548,南局福段,,
HXD1C,549,549,宁局柳段,,
HXD1C,550,550,乌局,,
HXD1C,551,551,宁局柳段,,
HXD1C,552,552,南局福段,,
HXD1C,553,554,宁局柳段,,
HXD1C,556,557,宁局柳段,,
HXD1C,560,560,宁局柳段,,
HXD1C,561,561,乌局,,
HXD1C,563,564,南局福段,,
HXD1C,565,566,宁局柳段,,
HXD1C,567,567,乌局,,
HXD1C,568,568,宁局柳段,,
HXD1C,570,570,南局福段,,
HXD1C,571,571,广铁龙段,,
HXD1C,572,573,广铁株段,,
HXD1C,574,575,广铁龙段,,
HXD1C,577,580,广铁龙段,,
HXD1C,582,582,广铁龙段,,
HXD1C,584,584,广铁龙段,,
HXD1C,585,586,广铁株段,,
HXD1C,587,590,广铁龙段,,
HXD1C,591,592,宁局柳段,,
HXD1C,594,594,宁局柳段,,
HXD1C,596,597,兰局兰段,,
HXD1C,598,599,宁局邕段,,
HXD1C,602,602,乌局,,
HXD1C,604,604,青藏宁段,,
HXD1C,608,608,广铁株段,,
HXD1C,609,610,成局重段,,
HXD1C,611,611,宁局邕段,,
HXD1C,613,613,宁局邕段,,
HXD1C,614,614,广铁株段,,
HXD1C,616,616,宁局邕段,,
HXD1C,618,618,宁局邕段,,
HXD1C,620,622,宁局邕段,,
HXD1C,623,623,乌局,,
HXD1C,627,628,宁局邕段,,
HXD1C,632,634,宁局邕段,,
HXD1C,636,636,青藏宁段,,
HXD1C,637,639,宁局邕段,,
HXD1C,641,641,宁局邕段,,
HXD1C,643,643,乌局,,
HXD1C,644,644,宁局邕段,,
HXD1C,646,646,宁局邕段,,
HXD1C,649,650,宁局柳段,,
HXD1C,651,651,宁局邕段,,
HXD1C,653,653,宁局邕段,,
HXD1C,654,654,宁局柳段,,
HXD1C,655,655,宁局邕段,,
HXD1C,657,657,宁局柳段,,
HXD1C,658,658,乌局哈段,,
HXD1C,660,660,乌局哈段,,
HXD1C,662,662,兰局兰段,,
HXD1C,664,664,兰局兰段,,
HXD1C,666,666,上局合段,,
HXD1C,668,669,上局徐段,,
HXD1C,678,679,兰局兰段,,
HXD1C,683,683,兰局兰段,,
HXD1C,690,691,兰局兰段,,
HXD1C,693,695,兰局兰段,,
HXD1C,698,699,兰局兰段,,
HXD1C,702,702,兰局兰段,,
HXD1C,705,705,兰局嘉段,,
HXD1C,708,710,兰局嘉段,,
HXD1C,717,717,兰局嘉段,,
HXD1C,722,723,兰局嘉段,,
HXD1C,738,738,兰局嘉段,,
HXD1C,747,750,兰局兰段,,
HXD1C,754,755,乌局哈段,,
HXD1C,758,758,乌局哈段,,
HXD1C,767,773,青藏宁段,,
HXD1C,776,778,青藏宁段,,
HXD1C,781,791,青藏宁段,,
HXD1C,792,792,乌局哈段,,
HXD1C,794,794,乌局哈段,,
HXD1C,796,796,乌局哈段,,
HXD1C,799,799,乌局哈段,,
HXD1C,802,802,广铁株段,,
HXD1C,803,808,广铁龙段,,
HXD1C,809,809,广铁株段,,
HXD1C,810,810,广铁龙段,,
HXD1C,812,815,广铁龙段,,
HXD1C,816,818,广铁株段,,
HXD1C,819,819,广铁龙段,,
HXD1C,820,820,广铁株段,,
HXD1C,823,824,广铁株段,,
HXD1C,826,827,广铁株段,,
HXD1C,829,829,广铁株段,,
HXD1C,833,833,南局鹰段,,
HXD1C,835,835,南局鹰段,,
HXD1C,837,837,南局鹰段,,
HXD1C,838,838,南局福段,,
HXD1C,839,840,南局鹰段,,
HXD1C,843,843,南局鹰段,,
HXD1C,850,851,昆局昆段,,
HXD1C,852,852,南局鹰段,,
HXD1C,853,853,南局向段,,
HXD1C,858,859,南局向段,,
HXD1C,860,861,南局福段,,
HXD1C,862,862,上局徐段,,
HXD1C,864,865,上局合段,,
HXD1C,866,866,上局徐段,,
HXD1C,867,867,上局合段,,
HXD1C,868,870,上局徐段,,
HXD1C,874,874,上局徐段,,
HXD1C,876,876,上局合段,,
HXD1C,878,878,上局徐段,,
HXD1C,880,882,上局合段,,
HXD1C,883,883,上局徐段,,
HXD1C,885,886,上局徐段,,
HXD1C,888,888,上局徐段,,
HXD1C,897,898,乌局哈段,,
HXD1C,901,901,乌局哈段,,
HXD1C,902,903,宁局邕段,,
HXD1C,905,906,宁局邕段,,
HXD1C,908,908,宁局邕段,,
HXD1C,910,910,宁局邕段,,
HXD1C,912,913,昆局昆段,,
HXD1C,916,920,昆局昆段,,
HXD1C,922,924,昆局昆段,,
HXD1C,927,927,昆局昆段,,
HXD1C,931,932,昆局昆段,,
HXD1C,934,936,昆局昆段,,
HXD1C,938,938,昆局昆段,,
HXD1C,941,943,广铁株段,,
HXD1C,946,948,广铁株段,,
HXD1C,949,949,乌局哈段,,
HXD1C,954,954,乌局哈段,,
HXD1C,957,958,乌局哈段,,
HXD1C,960,960,乌局哈段,,
HXD1C,964,965,乌局哈段,,
HXD1C,968,969,乌局哈段,,
HXD1C,3001,3003,青藏宁段,,
HXD1C,3005,3005,青藏宁段,,
HXD1C,3007,3012,青藏宁段,,
HXD1C,3014,3014,青藏宁段,,
HXD1C,3016,3018,青藏宁段,,
HXD1C,3020,3027,青藏宁段,,
HXD1C,3029,3035,青藏宁段,,
HXD1C,3037,3037,青藏宁段,,
HXD1C,3039,3041,青藏宁段,,
HXD1C,3043,3046,青藏宁段,,
HXD1C,3051,3053,青藏宁段,,
HXD1C,3055,3057,青藏宁段,,
HXD1C,3059,3062,青藏宁段,,
HXD1C,3064,3064,青藏宁段,,
HXD1C,3066,3069,青藏宁段,,
HXD1C,3072,3073,青藏宁段,,
HXD1C,3077,3077,青藏宁段,,
HXD1C,3079,3080,青藏宁段,,
HXD1C,3091,3091,青藏宁段,,
HXD1C,3094,3095,青藏宁段,,
HXD1C,3098,3098,青藏宁段,,
HXD1C,3100,3102,青藏宁段,,
HXD1C,3104,3106,青藏宁段,,
HXD1C,3108,3112,青藏宁段,,
HXD1C,3114,3115,青藏宁段,,
HXD1C,3123,3127,青藏宁段,,
HXD1C,3131,3131,青藏宁段,,
HXD1C,3134,3135,青藏宁段,,
HXD1C,3140,3141,青藏格段,,
HXD1C,3142,3142,青藏宁段,,
HXD1C,3143,3143,青藏格段,,
HXD1C,3146,3146,青藏格段,,
HXD1C,3147,3147,青藏宁段,,
HXD1C,3148,3149,青藏格段,,
HXD1C,3151,3153,青藏,,
HXD1C,3154,3156,青藏宁段,,
HXD1C,3157,3158,青藏,,
HXD1C,3159,3159,青藏宁段,,
HXD1C,3160,3200,青藏,,
HXD1C,6001,6001,成局重段,,
HXD1C,6002,6002,宁局邕段,,
HXD1C,6004,6004,成局重段,,
HXD1C,6006,6011,成局重段,,
HXD1C,6013,6014,成局重段,,
HXD1C,6017,6017,宁局邕段,,
HXD1C,6018,6019,成局重段,,
HXD1C,6021,6025,成局重段,,
HXD1C,6027,6027,广铁株段,,
HXD1C,6029,6029,广铁株段,,
HXD1C,6030,6030,成局重段,,
HXD1C,6031,6031,广铁株段,,
HXD1C,6036,6040,成局重段,,
HXD1C,6041,6041,广铁株段,,
HXD1C,6043,6043,广铁株段,,
HXD1C,6044,6044,广铁怀段,,
HXD1C,6048,6051,广铁株段,,
HXD1C,6053,6054,广铁株段,,
HXD1C,6056,6059,广铁株段,,
HXD1C,6062,6063,广铁株段,,
HXD1C,6069,6071,广铁株段,,
HXD1C,6075,6077,广铁株段,,
HXD1C,6079,6084,广铁株段,,
HXD1C,6086,6086,广铁株段,,
HXD1C,6091,6091,广铁株段,,
HXD1C,6093,6097,广铁株段,,
HXD1C,6099,6101,广铁株段,,
HXD1C,6104,6104,广铁株段,,
HXD1C,6107,6111,广铁株段,,
HXD1C,6113,6115,广铁株段,,
HXD1C,6117,6117,广铁龙段,,
HXD1C,6118,6120,广铁株段,,
HXD1C,6124,6125,广铁株段,,
HXD1C,6127,6127,广铁株段,,
HXD1C,6129,6129,上局合段,,
HXD1C,6133,6133,乌局哈段,,
HXD1C,6143,6143,兰局嘉段,,
HXD1C,6150,6150,兰局兰段,,
HXD1C,6158,6158,宁局邕段,,
HXD1C,6160,6160,宁局邕段,,
HXD1C,6163,6163,宁局邕段,,
HXD1C,6164,6164,广铁株段,,
HXD1C,6165,6165,广铁龙段,,
HXD1C,6166,6166,广铁株段,,
HXD1C,6168,6169,广铁株段,,
HXD1C,6170,6170,广铁龙段,,
HXD1C,6171,6171,广铁株段,,
HXD1C,6174,6174,兰局兰段,,
HXD1C,6175,6175,上局徐段,,
HXD1C,6179,6180,乌局哈段,,
HXD1C,6182,6182,乌局哈段,,
HXD1C,6188,6189,乌局哈段,,
HXD1C,6192,6192,乌局哈段,,
HXD1C,6200,6200,乌局哈段,,
HXD1C,6204,6206,乌局哈段,,
HXD1C,6221,6221,乌局哈段,,
HXD1C,6224,6224,乌局哈段,,
HXD1C,6241,6241,上局合段,,
HXD1C,6247,6247,上局徐段,,
HXD1C,6251,6254,兰局兰段,,
HXD1C,6256,6258,兰局兰段,,
HXD1C,6261,6261,兰局嘉段,,
HXD1C,6271,6271,兰局兰段,,
HXD1C,6277,6277,兰局嘉段,,
HXD1C,6279,6279,兰局嘉段,,
HXD1C,6285,6286,兰局嘉段,,
HXD1C,6288,6288,兰局嘉段,,
HXD1C,6291,6292,乌局哈段,,
HXD1C,6295,6295,广铁株段,,
HXD1C,6297,6298,广铁株段,,
HXD1C,6300,6300,广铁株段,,
HXD1C,6302,6305,广铁株段,,
HXD1C,6307,6307,广铁株段,,
HXD1C,6309,6314,广铁株段,,
HXD1C,6316,6316,广铁株段,,
HXD1C,6319,6320,广铁株段,,
HXD1C,6324,6324,乌局哈段,,
HXD1C,6326,6326,乌局哈段,,
HXD1C,6332,6334,乌局哈段,,
HXD1C,6341,6341,乌局哈段,,
HXD1C,6348,6349,乌局哈段,,
HXD1C,6366,6366,乌局哈段,,
HXD1C,6368,6368,乌局哈段,,
HXD1C,6371,6372,乌局哈段,,
HXD1C,6378,6379,南局福段,,
HXD1C,6382,6382,南局福段,,
HXD1C,6384,6385,南局福段,,
HXD1C,6389,6389,南局福段,,
HXD1C,6391,6391,南局福段,,
HXD1C,6393,6395,南局福段,,
HXD1C,6397,6398,南局福段,,
HXD1C,6400,6400,南局福段,,
HXD1C,6402,6404,南局福段,,
HXD1C,6407,6407,南局向段,,
HXD1C,6414,6415,南局向段,,
HXD1C,6417,6417,南局向段,,
HXD1C,6421,6421,南局福段,,
HXD1C,6425,6425,南局福段,,
HXD1C,6441,6441,上局合段,,
HXD1C,6444,6444,上局合段,,
HXD1C,6446,6446,上局合段,,
HXD1C,6448,6449,上局合段,,
HXD1C,6451,6453,上局合段,,
HXD1C,6454,6454,上局徐段,,
HXD1C,6457,6458,上局合段,,
HXD1C,6460,6461,兰局兰段,,
HXD1C,6468,6468,兰局兰段,,
HXD1C,6470,6472,昆局昆段,,
HXD1C,6475,6477,昆局昆段,,
HXD1C,6480,6489,昆局昆段,,
HXD1C,6490,6502,宁局柳段,,
HXD1C,6504,6505,宁局柳段,,
HXD1C,6507,6509,上局合段,,
HXD1C,6513,6513,上局合段,,
HXD1C,6516,6516,乌局哈段,,
HXD1C,6521,6523,乌局哈段,,
HXD1C,6526,6527,乌局哈段,,
HXD1C,6531,6531,昆局昆段,,
HXD1C,6534,6534,昆局昆段,,
HXD1C,6543,6544,昆局昆段,,
HXD1C,6550,6550,昆局昆段,,
HXD1C,7001,7019,沿海公司,,
HXD1C,7021,7025,沿海公司,,
HXD1C,7032,7051,沿海公司,,
HXD1C,7601,7601,山东高速,,
HXD1C,8001,8003,南局福段,,
HXD1C,8004,8007,南局鹰段,,
HXD1C,8010,8010,南局鹰段,,
HXD1C,8011,8011,南局福段,,
HXD1C,8014,8015,南局鹰段,,
HXD1C,8017,8019,南局鹰段,,
HXD1C,8021,8021,宁局邕段,,
HXD1C,8023,8024,宁局邕段,,
HXD1C,8026,8028,宁局邕段,,
HXD1C,8033,8033,宁局邕段,,
HXD1C,8036,8036,南局鹰段,,
HXD1C,8039,8039,南局鹰段,,
HXD1C,8041,8042,南局鹰段,,
HXD1C,8044,8045,南局鹰段,,
HXD1C,8047,8047,南局鹰段,,
HXD1C,8049,8052,上局合段,,
HXD1C,8053,8053,乌局哈段,,
HXD1C,8055,8056,乌局哈段,,
HXD1C,8073,8073,乌局哈段,,
HXD1C,8078,8078,上局合段,,
HXD1C,8080,8081,上局合段,,
HXD1C,8083,8083,上局合段,,
HXD1C,8085,8085,上局合段,,
HXD1C,8087,8089,上局合段,,
HXD1C,8091,8091,上局合段,,
HXD1D,7001,7003,金台铁路,,
HXD1G,1,2,兰局兰段,,
HXD2,1,1,太局侯段,,
HXD2,4,5,太局侯段,,
HXD2,6,6,太局湖段,,
HXD2,8,8,太局侯段,,
HXD2,10,10,太局侯段,,
HXD2,12,14,太局侯段,,
HXD2,15,15,太局湖段,,
HXD2,18,19,太局湖段,,
HXD2,22,22,太局湖段,,
HXD2,23,23,太局侯段,,
HXD2,24,24,太局湖段,,
HXD2,25,26,太局侯段,,
HXD2,27,27,太局湖段,,
HXD2,29,30,太局侯段,,
HXD2,33,33,太局湖段,,
HXD2,35,35,太局湖段,,
HXD2,36,36,太局侯段,,
HXD2,38,38,太局侯段,,
HXD2,39,40,太局湖段,,
HXD2,42,43,太局湖段,,
HXD2,44,44,太局侯段,,
HXD2,46,46,太局侯段,,
HXD2,48,48,太局侯段,,
HXD2,50,50,太局湖段,,
HXD2,56,56,太局侯段,,
HXD2,57,58,太局湖段,,
HXD2,59,59,太局侯段,,
HXD2,63,63,太局侯段,,
HXD2,65,65,太局湖段,,
HXD2,68,68,太局侯段,,
HXD2,70,70,太局侯段,,
HXD2,72,72,太局侯段,,
HXD2,73,73,太局湖段,,
HXD2,74,76,太局侯段,,
HXD2,77,77,太局湖段,,
HXD2,78,78,太局侯段,,
HXD2,81,81,太局侯段,,
HXD2,82,82,太局湖段,,
HXD2,83,84,太局侯段,,
HXD2,86,86,太局侯段,,
HXD2,87,87,太局湖段,,
HXD2,88,88,太局侯段,,
HXD2,90,90,太局湖段,,
HXD2,92,94,太局侯段,,
HXD2,95,95,太局湖段,,
HXD2,96,97,太局侯段,,
HXD2,98,99,太局湖段,,
HXD2,102,102,太局侯段,,
HXD2,104,104,太局湖段,,
HXD2,106,107,太局侯段,,
HXD2,110,112,太局侯段,,
HXD2,113,113,太局湖段,,
HXD2,114,117,太局侯段,,
HXD2,118,118,太局湖段,,
HXD2,120,120,太局侯段,,
HXD2,122,122,太局侯段,,
HXD2,124,125,太局侯段,,
HXD2,132,133,太局侯段,,
HXD2,135,137,太局湖段,,
HXD2,138,138,太局侯段,,
HXD2,140,140,太局侯段,,
HXD2,143,143,太局侯段,,
HXD2,148,148,太局侯段,,
HXD2,150,151,太局侯段,,
HXD2,152,152,太局湖段,,
HXD2,153,155,太局侯段,,
HXD2,161,161,太局侯段,,
HXD2,163,164,太局侯段,,
HXD2,166,166,太局湖段,,
HXD2,168,172,太局侯段,,
HXD2,173,173,太局湖段,,
HXD2,174,175,太局侯段,,
HXD2,176,176,太局湖段,,
HXD2,177,177,太局侯段,,
HXD2,179,180,太局侯段,,
HXD2,1001,1002,西局安段,,
HXD2,1003,1004,呼局包段,,
HXD2,1005,1005,兰局兰段,,
HXD2,1008,1012,西局安段,,
HXD2,1015,1016,西局安段,,
HXD2,1017,1017,成局成段,,
HXD2,1018,1020,西局安段,,
HXD2,1021,1021,成局成段,,
HXD2,1025,1027,西局安段,,
HXD2,1029,1029,成局成段,,
HXD2,1030,1032,西局安段,,
HXD2,1036,1036,兰局兰段,,
HXD2,1037,1037,呼局包段,,
HXD2,1038,1038,兰局兰段,,
HXD2,1039,1039,呼局包段,,
HXD2,1041,1041,呼局包段,,
HXD2,1042,1042,沈局辽段,,
HXD2,1044,1051,呼局包段,,
HXD2,1053,1054,呼局包段,,
HXD2,1055,1059,京局丰段,,
HXD2,1060,1060,呼局包段,,
HXD2,1061,1061,西局安段,,
HXD2,1063,1063,西局安段,,
HXD2,1065,1070,西局安段,,
HXD2,1071,1075,京局丰段,,
HXD2,1077,1077,京局丰段,,
HXD2,1078,1079,西局安段,,
HXD2,1081,1084,西局安段,,
HXD2,1086,1090,西局安段,,
HXD2,1091,1099,京局丰段,,
HXD2,1101,1106,京局丰段,,
HXD2,1108,1110,京局丰段,,
HXD2,1111,1117,呼局包段,,
HXD2,1118,1118,京局丰段,,
HXD2,1119,1121,呼局包段,,
HXD2,1122,1122,兰局兰段,,
HXD2,1123,1127,呼局包段,,
HXD2,1129,1131,京局丰段,,
HXD2,1133,1133,京局丰段,,
HXD2,1134,1140,呼局包段,,
HXD2,1142,1146,呼局包段,,
HXD2,1147,1147,京局丰段,,
HXD2,1148,1150,呼局包段,,
HXD2,1151,1151,兰局兰段,,
HXD2,1152,1155,呼局包段,,
HXD2,1158,1163,西局安段,,
HXD2,1165,1165,西局安段,,
HXD2,1167,1169,西局安段,,
HXD2,1175,1175,西局新段,,
HXD2,1176,1184,西局安段,,
HXD2,1187,1189,西局安段,,
HXD2,1191,1192,西局安段,,
HXD2,1195,1196,西局安段,,
HXD2,1202,1202,兰局迎段,,
HXD2,1204,1204,兰局迎段,,
HXD2,1206,1207,兰局迎段,,
HXD2,1226,1226,兰局迎段,,
HXD2,1233,1233,兰局迎段,,
HXD2,1239,1239,兰局兰段,,
HXD2,1241,1241,兰局迎段,,
HXD2,1243,1243,兰局兰段,,
HXD2,1250,1251,兰局迎段,,
HXD2,1256,1256,兰局迎段,,
HXD2,1263,1263,兰局迎段,,
HXD2,1265,1267,兰局迎段,,
HXD2,1271,1271,西局安段,,
HXD2,1273,1273,京局邯段,,
HXD2,1274,1276,西局安段,,
HXD2,1278,1279,西局安段,,
HXD2,1281,1281,京局邯段,,
HXD2,1282,1282,西局安段,,
HXD2,1283,1283,京局邯段,,
HXD2,1284,1284,西局安段,,
HXD2,1285,1285,兰局迎段,,
HXD2,1288,1288,京局邯段,,
HXD2,1290,1290,西局安段,,
HXD2,1291,1292,京局邯段,,
HXD2,1295,1295,京局邯段,,
HXD2,1298,1298,京局邯段,,
HXD2,1302,1302,京局邯段,,
HXD2,1311,1314,京局丰段,,
HXD2,1316,1319,京局丰段,,
HXD2,1320,1320,呼局包段,,
HXD2,1321,1329,京局丰段,,
HXD2,1330,1330,呼局包段,,
HXD2,1332,1334,呼局包段,,
HXD2,1336,1336,沈局辽段,,
HXD2,1337,1338,呼局包段,,
HXD2,1340,1340,沈局辽段,,
HXD2,1341,1341,呼局包段,,
HXD2,1344,1344,兰局兰段,,
HXD2,1345,1345,呼局包段,,
HXD2,1350,1350,西局安段,,
HXD2,1351,1352,沈局辽段,,
HXD2,1354,1354,西局安段,,
HXD2,1356,1356,西局安段,,
HXD2,1357,1357,沈局辽段,,
HXD2,1361,1361,西局安段,,
HXD2,1366,1366,沈局辽段,,
HXD2,1370,1370,沈局辽段,,
HXD2,1372,1372,沈局辽段,,
HXD2,1376,1376,沈局辽段,,
HXD2,1378,1378,沈局辽段,,
HXD2,1380,1381,沈局辽段,,
HXD2,1384,1384,沈局辽段,,
HXD2,1388,1388,兰局兰段,,
HXD2,1389,1389,呼局包段,,
HXD2,1395,1395,沈局辽段,,
HXD2,1397,1397,沈局辽段,,
HXD2,1398,1398,呼局包段,,
HXD2,1401,1403,沈局辽段,,
HXD2,1409,1410,西局安段,,
HXD2,1412,1412,沈局辽段,,
HXD2,1416,1416,西局安段,,
HXD2,1417,1417,沈局辽段,,
HXD2,1418,1418,西局安段,,
HXD2,1420,1421,西局安段,,
HXD2,1424,1424,西局安段,,
HXD2,1426,1426,西局安段,,
HXD2,1427,1427,西局西段,,
HXD2,1429,1429,西局安段,,
HXD2,1431,1432,西局安段,,
HXD2,1435,1438,兰局兰段,,
HXD2,1440,1440,兰局兰段,,
HXD2,1441,1441,兰局迎段,,
HXD2,1443,1444,兰局兰段,,
HXD2,1447,1447,沈局辽段,,
HXD2,1453,1453,沈局辽段,,
HXD2,1458,1458,沈局辽段,,
HXD2,1461,1463,沈局辽段,,
HXD2,1467,1467,兰局迎段,,
HXD2,1468,1469,兰局兰段,,
HXD2,1470,1470,兰局迎段,,
HXD2,1471,1471,兰局兰段,,
HXD2,1476,1477,兰局兰段,,
HXD2,1479,1480,兰局兰段,,
HXD2,1483,1484,兰局兰段,,
HXD2,1485,1486,兰局迎段,,
HXD2,1488,1488,兰局迎段,,
HXD2,1491,1491,兰局迎段,,
HXD2,1492,1492,兰局兰段,,
HXD2,1494,1494,兰局迎段,,
HXD2,1495,1497,呼局包段,,
HXD2,1499,1499,京局丰段,,
HXD2,1500,1500,呼局包段,,
HXD2,1502,1504,呼局包段,,
HXD2,1506,1508,呼局包段,,
HXD2,1510,1512,呼局包段,,
HXD2,1514,1514,呼局包段,,
HXD2,1515,1519,西局安段,,
HXD2,1521,1521,西局西段,,
HXD2,1522,1522,西局安段,,
HXD2,1524,1524,西局安段,,
HXD2,1526,1528,西局安段,,
HXD2,1531,1533,西局安段,,
HXD2,1536,1537,西局安段,,
HXD2,1538,1543,呼局包段,,
HXD2,1544,1545,兰局兰段,,
HXD2,1547,1548,兰局兰段,,
HXD2,1550,1551,兰局兰段,,
HXD2,1554,1556,兰局兰段,,
HXD2,1558,1571,兰局兰段,,
HXD2,1573,1575,兰局兰段,,
HXD2,1577,1579,兰局兰段,,
HXD2,1581,1590,兰局兰段,,
HXD2,1591,1594,京局石段,,
HXD2,1598,1598,京局石段,,
HXD2,1600,1600,京局石段,,
HXD2,1602,1602,京局邯段,,
HXD2,1606,1610,京局邯段,,
HXD2,1613,1613,京局邯段,,
HXD2,1615,1615,京局邯段,,
HXD2,1616,1622,兰局兰段,,
HXD2,1624,1624,兰局兰段,,
HXD2,1627,1628,兰局兰段,,
HXD2,1630,1630,兰局兰段,,
HXD2,1633,1642,兰局兰段,,
HXD2,1643,1643,沈局辽段,,
HXD2,1648,1648,沈局辽段,,
HXD2,1650,1650,沈局辽段,,
HXD2,1655,1656,沈局辽段,,
HXD2,1663,1664,兰局迎段,,
HXD2,1666,1666,兰局迎段,,
HXD2,1668,1670,京局丰段,,
HXD2,1672,1673,京局丰段,,
HXD2,1674,1677,西局安段,,
HXD2,1680,1680,京局邯段,,
HXD2,1683,1683,成局成段,,
HXD2,1689,1694,京局丰段,,
HXD2,1695,1696,成局成段,,
HXD2,1698,1698,兰局兰段,,
HXD2,1700,1700,西局安段,,
HXD2,1703,1703,成局成段,,
HXD2,1705,1705,成局成段,,
HXD2,1706,1709,京局丰段,,
HXD2,1711,1712,成局成段,,
HXD2,1714,1717,成局成段,,
HXD2,2001,2006,呼局包段,,
HXD2,2008,2010,呼局包段,,
HXD2,2012,2015,呼局包段,,
HXD2,2017,2017,呼局包段,,
HXD2,2018,2022,郑局,,
HXD2,2023,2032,京局,,
HXD2,2033,2033,呼局包段,,
HXD2,2034,2039,呼局,,
HXD2,2040,2056,郑局,,
HXD2,2057,2064,成局,,
HXD2,6001,6001,兰局兰段,,
HXD2,6002,6002,兰局迎段,,
HXD2,6004,6007,兰局迎段,,
HXD2,6011,6011,兰局迎段,,
HXD2,6013,6013,兰局迎段,,
HXD2,6017,6017,沈局辽段,,
HXD2,6021,6025,沈局辽段,,
HXD2,6029,6029,沈局辽段,,
HXD2,6033,6036,沈局辽段,,
HXD2,6038,6038,沈局辽段,,
HXD2,6040,6040,沈局辽段,,
HXD2,6042,6042,沈局辽段,,
HXD2,6047,6047,沈局辽段,,
HXD2,6049,6050,沈局辽段,,
HXD2,6052,6053,沈局辽段,,
HXD2,6058,6060,沈局辽段,,
HXD2,6065,6065,沈局辽段,,
HXD2,6068,6068,沈局辽段,,
HXD2,6070,6070,沈局辽段,,
HXD2,6073,6073,沈局辽段,,
HXD2,6076,6076,沈局辽段,,
HXD2,6079,6079,沈局辽段,,
HXD2,6082,6082,沈局辽段,,
HXD2,6089,6089,沈局辽段,,
HXD2,6099,6099,兰局迎段,,
HXD2,6111,6111,西局安段,,
HXD2,6112,6112,兰局兰段,,
HXD2,6115,6115,西局安段,,
HXD2,6117,6118,西局安段,,
HXD2,6119,6119,兰局兰段,,
HXD2,6120,6122,西局安段,,
HXD2,6124,6124,西局安段,,
HXD2,6126,6127,西局安段,,
HXD2,6129,6129,西局安段,,
HXD2,6130,6130,西局西段,,
HXD2,6131,6132,西局安段,,
HXD2,6134,6134,西局安段,,
HXD2,6136,6137,西局安段,,
HXD2,6141,6141,西局安段,,
HXD2,6143,6143,沈局白段,,
HXD2,6144,6144,沈局辽段,,
HXD2,6146,6146,沈局白段,,
HXD2,6150,6150,沈局白段,,
HXD2,6153,6153,沈局白段,,
HXD2,6156,6156,沈局白段,,
HXD2,6160,6160,沈局白段,,
HXD2,6164,6164,兰局兰段,,
HXD2,6166,6168,兰局兰段,,
HXD2,6170,6173,兰局兰段,,
HXD2,6175,6175,兰局兰段,,
HXD2,6178,6181,兰局兰段,,
HXD2,6183,6185,兰局兰段,,
HXD2,6187,6188,兰局兰段,,
HXD2,6190,6192,兰局兰段,,
HXD2,6195,6201,兰局兰段,,
HXD2,6203,6203,兰局兰段,,
HXD2,6205,6206,兰局兰段,,
HXD2,6208,6213,兰局兰段,,
HXD2,6216,6220,兰局兰段,,
HXD2,6222,6222,沈局白段,,
HXD2,6225,6225,沈局白段,,
HXD2,6227,6230,沈局白段,,
HXD2,6234,6234,沈局白段,,
HXD2,6237,6237,沈局白段,,
HXD2,6238,6238,西局安段,,
HXD2,6241,6242,西局安段,,
HXD2,6244,6246,西局安段,,
HXD2,6301,6307,兰局,,
HXD2,6308,6310,西局,,
HXD2,6311,6311,西局安段,,
HXD2,6312,6312,西局,,
HXD2,6313,6313,西局安段,,
HXD2,7001,7002,国家能源集团,,
HXD2,7003,7003,孝柳铁路,,
HXD2B,1,11,上局宁东段,,
HXD2B,12,12,上局徐段,,
HXD2B,13,13,上局宁东段,,
HXD2B,14,14,上局徐段,,
HXD2B,15,16,上局宁东段,,
HXD2B,17,17,上局徐段,,
HXD2B,18,30,上局宁东段,,
HXD2B,31,31,上局徐段,,
HXD2B,32,32,上局合段,,
HXD2B,33,35,上局徐段,,
HXD2B,37,37,上局徐段,,
HXD2B,38,38,上局合段,,
HXD2B,39,39,上局徐段,,
HXD2B,40,40,上局宁东段,,
HXD2B,42,42,上局宁东段,,
HXD2B,43,43,上局合段,,
HXD2B,44,55,上局宁东段,,
HXD2B,56,56,上局徐段,,
HXD2B,57,57,上局合段,,
HXD2B,58,58,上局徐段,,
HXD2B,59,59,上局合段,,
HXD2B,60,60,上局徐段,,
HXD2B,61,110,上局宁东段,,
HXD2B,111,112,上局合段,,
HXD2B,114,114,上局徐段,,
HXD2B,116,120,上局徐段,,
HXD2B,122,123,上局徐段,,
HXD2B,124,124,上局合段,,
HXD2B,125,125,上局徐段,,
HXD2B,126,126,上局合段,,
HXD2B,127,132,上局宁东段,,
HXD2B,133,133,上局合段,,
HXD2B,134,141,上局宁东段,,
HXD2B,142,142,上局合段,,
HXD2B,143,147,上局宁东段,,
HXD2B,148,148,上局徐段,,
HXD2B,149,149,上局合段,,
HXD2B,150,150,上局宁东段,,
HXD2B,151,151,上局徐段,,
HXD2B,152,154,上局宁东段,,
HXD2B,156,156,上局合段,,
HXD2B,157,168,上局宁东段,,
HXD2B,169,169,上局合段,,
HXD2B,170,180,上局宁东段,,
HXD2B,181,181,京局津段,,
HXD2B,183,185,京局津段,,
HXD2B,187,189,京局津段,,
HXD2B,191,192,京局津段,,
HXD2B,194,196,京局津段,,
HXD2B,200,200,京局津段,,
HXD2B,201,202,京局唐段,,
HXD2B,204,206,京局唐段,,
HXD2B,207,207,上局徐段,,
HXD2B,209,213,上局徐段,,
HXD2B,215,215,上局徐段,,
HXD2B,216,217,上局合段,,
HXD2B,218,226,上局徐段,,
HXD2B,227,227,京局唐段,,
HXD2B,229,232,京局唐段,,
HXD2B,234,234,京局唐段,,
HXD2B,236,242,京局唐段,,
HXD2B,244,244,京局唐段,,
HXD2B,246,247,京局唐段,,
HXD2B,249,258,京局唐段,,
HXD2B,260,263,京局唐段,,
HXD2B,264,264,京局津段,,
HXD2B,265,272,京局唐段,,
HXD2B,274,274,京局唐段,,
HXD2B,276,278,京局唐段,,
HXD2B,280,284,京局唐段,,
HXD2B,286,290,京局唐段,,
HXD2B,292,293,京局唐段,,
HXD2B,295,299,京局唐段,,
HXD2B,302,302,京局津段,,
HXD2B,304,304,京局津段,,
HXD2B,306,306,京局丰段,,
HXD2B,308,308,京局津段,,
HXD2B,311,316,京局唐段,,
HXD2B,317,322,京局丰段,,
HXD2B,324,326,京局丰段,,
HXD2B,328,330,京局丰段,,
HXD2B,332,333,京局津段,,
HXD2B,334,339,京局丰段,,
HXD2B,341,341,京局唐段,,
HXD2B,342,342,京局丰段,,
HXD2B,343,349,京局津段,,
HXD2B,350,350,京局唐段,,
HXD2B,351,351,京局石段,,
HXD2B,353,353,京局石段,,
HXD2B,354,354,京局唐段,,
HXD2B,355,355,京局丰段,,
HXD2B,356,356,京局唐段,,
HXD2B,357,357,京局石段,,
HXD2B,358,358,京局唐段,,
HXD2B,359,360,京局石段,,
HXD2B,361,361,京局邯段,,
HXD2B,362,365,京局石段,,
HXD2B,367,368,京局丰段,,
HXD2B,369,369,京局石段,,
HXD2B,372,375,京局石段,,
HXD2B,377,382,京局石段,,
HXD2B,384,384,京局石段,,
HXD2B,388,388,京局邯段,,
HXD2B,390,391,京局石段,,
HXD2B,394,396,京局石段,,
HXD2B,398,400,京局石段,,
HXD2B,402,403,京局邯段,,
HXD2B,405,405,京局邯段,,
HXD2B,408,413,京局邯段,,
HXD2B,415,417,京局邯段,,
HXD2B,421,422,京局邯段,,
HXD2B,425,433,京局邯段,,
HXD2B,435,435,京局邯段,,
HXD2B,437,439,京局邯段,,
HXD2B,440,440,京局石段,,
HXD2B,441,441,京局邯段,,
HXD2B,442,442,京局石段,,
HXD2B,443,447,京局邯段,,
HXD2B,450,451,京局邯段,,
HXD2B,452,452,京局石段,,
HXD2B,454,454,京局邯段,,
HXD2B,455,455,上局徐段,,
HXD2B,456,456,京局邯段,,
HXD2B,457,458,京局石段,,
HXD2B,459,459,京局邯段,,
HXD2B,460,460,京局津段,,
HXD2B,461,462,京局唐段,,
HXD2B,464,467,京局唐段,,
HXD2B,470,470,上局徐段,,
HXD2B,472,472,京局丰段,,
HXD2B,473,473,上局徐段,,
HXD2B,474,475,京局丰段,,
HXD2B,477,477,上局徐段,,
HXD2B,478,478,京局丰段,,
HXD2B,481,481,京局石段,,
HXD2B,484,484,京局石段,,
HXD2B,485,485,京局丰段,,
HXD2B,486,487,上局徐段,,
HXD2B,488,488,京局丰段,,
HXD2B,489,490,京局石段,,
HXD2B,492,493,上局徐段,,
HXD2B,494,494,京局丰段,,
HXD2B,495,497,上局徐段,,
HXD2B,499,500,上局徐段,,
HXD2C,1,1,郑局乡段,,
HXD2C,4,4,郑局乡段,,
HXD2C,6,7,郑局乡段,,
HXD2C,10,10,郑局乡段,,
HXD2C,13,14,郑局乡段,,
HXD2C,18,19,郑局乡段,,
HXD2C,21,21,郑局乡段,,
HXD2C,23,28,郑局乡段,,
HXD2C,31,37,郑局乡段,,
HXD2C,40,40,郑局乡段,,
HXD2C,42,42,郑局乡段,,
HXD2C,44,44,郑局乡段,,
HXD2C,48,50,郑局乡段,,
HXD2C,52,55,郑局乡段,,
HXD2C,57,58,郑局乡段,,
HXD2C,60,60,郑局乡段,,
HXD2C,62,62,郑局乡段,,
HXD2C,64,64,郑局乡段,,
HXD2C,66,66,郑局乡段,,
HXD2C,68,68,郑局乡段,,
HXD2C,70,70,郑局乡段,,
HXD2C,72,72,郑局乡段,,
HXD2C,74,75,郑局乡段,,
HXD2C,78,78,郑局乡段,,
HXD2C,80,84,郑局乡段,,
HXD2C,87,88,郑局乡段,,
HXD2C,92,93,郑局乡段,,
HXD2C,95,96,郑局乡段,,
HXD2C,102,105,郑局乡段,,
HXD2C,108,111,郑局乡段,,
HXD2C,113,114,郑局乡段,,
HXD2C,117,122,郑局乡段,,
HXD2C,125,127,郑局乡段,,
HXD2C,131,131,郑局乡段,,
HXD2C,133,137,郑局乡段,,
HXD2C,139,139,郑局乡段,,
HXD2C,141,142,郑局乡段,,
HXD2C,144,144,郑局乡段,,
HXD2C,146,146,郑局乡段,,
HXD2C,150,155,郑局乡段,,
HXD2C,161,164,郑局乡段,,
HXD2C,167,170,郑局乡段,,
HXD2C,172,174,郑局乡段,,
HXD2C,178,184,郑局乡段,,
HXD2C,186,186,郑局乡段,,
HXD2C,188,188,郑局乡段,,
HXD2C,192,192,郑局乡段,,
HXD2C,196,196,郑局乡段,,
HXD2C,198,198,郑局乡段,,
HXD2C,200,200,郑局乡段,,
HXD2C,204,204,郑局乡段,,
HXD2C,206,206,郑局乡段,,
HXD2C,211,211,郑局乡段,,
HXD2C,215,215,郑局乡段,,
HXD2C,217,218,郑局乡段,,
HXD2C,220,221,郑局乡段,,
HXD2C,225,226,郑局乡段,,
HXD2C,231,234,郑局乡段,,
HXD2C,239,240,郑局乡段,,
HXD2C,244,244,郑局乡段,,
HXD2C,247,252,郑局乡段,,
HXD2C,254,254,郑局乡段,,
HXD2C,256,256,郑局乡段,,
HXD2C,258,259,郑局乡段,,
HXD2C,261,261,郑局乡段,,
HXD2C,265,268,郑局乡段,,
HXD2C,270,273,郑局乡段,,
HXD2C,276,276,郑局乡段,,
HXD2C,279,280,郑局乡段,,
HXD2C,282,283,郑局乡段,,
HXD2C,287,291,郑局乡段,,
HXD2C,300,303,郑局乡段,,
HXD2C,305,306,郑局乡段,,
HXD2C,308,308,郑局乡段,,
HXD2C,312,312,郑局乡段,,
HXD2C,316,316,郑局乡段,,
HXD2C,331,331,郑局乡段,,
HXD2C,333,335,郑局乡段,,
HXD2C,7003,7003,大同地铁,,
HXD2C,7005,7020,大同地铁,,
HXD2C,7022,7024,大同地铁,,
HXD2C,7026,7026,大同地铁,,
HXD2C,7028,7030,大同地铁,,
HXD2C,7032,7040,大同地铁,,
HXD3,1,4,济局西段,,
HXD3,5,5,上局宁东段,,
HXD3,6,13,济局西段,,
HXD3,15,17,济局西段,,
HXD3,21,21,武局江段,,
HXD3,22,22,西局新段,,
HXD3,23,24,济局西段,,
HXD3,26,26,西局新段,,
HXD3,31,31,郑局洛段,,
HXD3,33,33,上局沪段,,
HXD3,37,37,上局宁东段,,
HXD3,40,40,上局宁东段,,
HXD3,43,43,郑局洛段,,
HXD3,44,45,上局沪段,,
HXD3,47,49,上局沪段,,
HXD3,51,51,西局新段,,
HXD3,60,60,郑局洛段,,
HXD3,64,64,济局西段,,
HXD3,65,65,西局新段,,
HXD3,70,70,济局西段,,
HXD3,73,73,西局新段,,
HXD3,78,78,西局新段,,
HXD3,81,81,西局新段,,
HXD3,84,84,西局新段,,
HXD3,86,86,西局新段,,
HXD3,90,90,济局西段,,
HXD3,92,92,西局新段,,
HXD3,105,106,济局青段,,
HXD3,108,108,济局青段,,
HXD3,109,109,济局西段,,
HXD3,111,111,济局青段,,
HXD3,113,115,济局青段,,
HXD3,117,118,济局青段,,
HXD3,119,119,济局西段,,
HXD3,120,120,济局青段,,
HXD3,126,126,西局新段,,
HXD3,134,134,西局新段,,
HXD3,135,135,西局安段,,
HXD3,137,138,济局青段,,
HXD3,140,140,济局西段,,
HXD3,147,148,郑局洛段,,
HXD3,150,153,西局新段,,
HXD3,156,156,西局新段,,
HXD3,163,163,郑局洛段,,
HXD3,164,164,武局江段,,
HXD3,166,166,西局新段,,
HXD3,168,170,郑局洛段,,
HXD3,171,176,西局新段,,
HXD3,178,180,西局新段,,
HXD3,182,183,郑局洛段,,
HXD3,184,184,西局新段,,
HXD3,193,194,西局新段,,
HXD3,199,200,上局宁东段,,
HXD3,202,202,西局新段,,
HXD3,205,205,西局新段,,
HXD3,211,213,西局新段,,
HXD3,228,228,西局新段,,
HXD3,232,232,西局新段,,
HXD3,240,240,郑局洛段,,
HXD3,242,242,济局西段,,
HXD3,243,243,上局宁东段,,
HXD3,246,246,济局青段,,
HXD3,250,250,济局青段,,
HXD3,251,251,上局宁东段,,
HXD3,261,262,郑局洛段,,
HXD3,265,265,郑局洛段,,
HXD3,270,270,西局新段,,
HXD3,276,276,济局青段,,
HXD3,280,280,上局宁东段,,
HXD3,284,285,西局新段,,
HXD3,292,294,郑局洛段,,
HXD3,295,295,京局丰段,,
HXD3,296,297,郑局洛段,,
HXD3,299,299,郑局洛段,,
HXD3,301,306,郑局洛段,,
HXD3,308,311,郑局洛段,,
HXD3,314,314,京局丰段,,
HXD3,316,318,郑局洛段,,
HXD3,320,320,郑局洛段,,
HXD3,323,324,郑局洛段,,
HXD3,325,325,京局邯段,,
HXD3,326,328,郑局洛段,,
HXD3,330,330,郑局洛段,,
HXD3,333,333,西局新段,,
HXD3,334,334,郑局洛段,,
HXD3,336,337,郑局洛段,,
HXD3,339,339,郑局洛段,,
HXD3,342,342,郑局洛段,,
HXD3,344,345,郑局洛段,,
HXD3,349,350,郑局洛段,,
HXD3,352,352,郑局洛段,,
HXD3,354,354,郑局洛段,,
HXD3,356,358,郑局洛段,,
HXD3,360,361,郑局洛段,,
HXD3,364,365,郑局洛段,,
HXD3,367,367,郑局洛段,,
HXD3,369,369,郑局洛段,,
HXD3,370,370,济局西段,,
HXD3,371,372,济局青段,,
HXD3,373,373,济局西段,,
HXD3,374,374,济局青段,,
HXD3,375,375,济局西段,,
HXD3,377,380,郑局洛段,,
HXD3,383,383,西局安段,,
HXD3,388,388,西局新段,,
HXD3,391,391,上局宁东段,,
HXD3,396,397,西局新段,,
HXD3,398,398,上局沪段,,
HXD3,399,399,济局青段,,
HXD3,400,402,西局新段,,
HXD3,405,405,西局新段,,
HXD3,411,411,郑局洛段,,
HXD3,419,420,郑局洛段,,
HXD3,423,423,郑局洛段,,
HXD3,425,425,郑局洛段,,
HXD3,427,427,郑局洛段,,
HXD3,428,428,京局丰段,,
HXD3,429,430,郑局洛段,,
HXD3,432,432,郑局洛段,,
HXD3,434,434,郑局洛段,,
HXD3,436,439,郑局洛段,,
HXD3,443,443,济局西段,,
HXD3,444,445,济局青段,,
HXD3,450,450,哈局齐段,,
HXD3,452,452,京局石段,,
HXD3,454,458,哈局哈段,,
HXD3,459,459,济局西段,,
HXD3,463,463,哈局哈段,,
HXD3,465,465,武局襄段,,
HXD3,468,473,上局沪段,,
HXD3,474,475,郑局洛段,,
HXD3,476,477,上局沪段,,
HXD3,479,480,京局邯段,,
HXD3,482,482,京局邯段,,
HXD3,484,484,京局邯段,,
HXD3,485,485,京局丰段,,
HXD3,486,486,郑局洛段,,
HXD3,487,487,济局西段,,
HXD3,495,495,京局丰段,,
HXD3,496,496,京局京段,,
HXD3,499,499,西局新段,,
HXD3,504,504,西局新段,,
HXD3,521,521,西局新段,,
HXD3,529,532,武局襄段,,
HXD3,535,536,武局襄段,,
HXD3,541,543,郑局洛段,,
HXD3,545,545,郑局郑段,,
HXD3,546,546,郑局洛段,,
HXD3,549,549,济局西段,,
HXD3,550,555,郑局洛段,,
HXD3,557,561,郑局洛段,,
HXD3,566,566,西局新段,,
HXD3,569,571,西局新段,,
HXD3,575,575,西局新段,,
HXD3,582,582,西局新段,,
HXD3,590,590,西局新段,,
HXD3,593,594,西局新段,,
HXD3,604,604,西局新段,,
HXD3,606,608,武局襄段,,
HXD3,610,610,西局新段,,
HXD3,612,612,西局新段,,
HXD3,618,618,西局新段,,
HXD3,627,627,西局新段,,
HXD3,633,640,西局新段,,
HXD3,641,641,郑局洛段,,
HXD3,643,643,郑局洛段,,
HXD3,645,645,郑局洛段,,
HXD3,648,649,郑局洛段,,
HXD3,651,651,武局襄段,,
HXD3,653,653,郑局洛段,,
HXD3,655,655,郑局洛段,,
HXD3,657,657,郑局洛段,,
HXD3,660,660,郑局洛段,,
HXD3,661,662,哈局哈段,,
HXD3,665,665,郑局洛段,,
HXD3,668,670,郑局洛段,,
HXD3,673,673,哈局哈段,,
HXD3,676,676,沈局锦段,,
HXD3,680,680,哈局哈段,,
HXD3,681,681,兰局迎段,,
HXD3,690,690,兰局迎段,,
HXD3,691,691,武局襄段,,
HXD3,692,693,郑局洛段,,
HXD3,695,695,武局襄段,,
HXD3,697,697,武局襄段,,
HXD3,699,702,郑局洛段,,
HXD3,704,707,郑局洛段,,
HXD3,709,710,郑局洛段,,
HXD3,713,713,兰局迎段,,
HXD3,716,716,兰局迎段,,
HXD3,718,719,兰局迎段,,
HXD3,722,725,兰局迎段,,
HXD3,728,728,兰局兰段,,
HXD3,729,729,兰局迎段,,
HXD3,739,739,西局新段,,
HXD3,750,750,西局新段,,
HXD3,757,757,西局新段,,
HXD3,761,762,兰局迎段,,
HXD3,765,766,兰局迎段,,
HXD3,770,770,西局新段,,
HXD3,772,772,兰局迎段,,
HXD3,773,773,武局襄段,,
HXD3,774,774,郑局洛段,,
HXD3,776,776,武局襄段,,
HXD3,779,781,郑局洛段,,
HXD3,789,789,郑局洛段,,
HXD3,791,791,济局西段,,
HXD3,794,800,济局西段,,
HXD3,802,802,济局西段,,
HXD3,804,805,济局西段,,
HXD3,807,810,济局西段,,
HXD3,812,819,济局西段,,
HXD3,822,822,郑局洛段,,
HXD3,824,826,郑局洛段,,
HXD3,828,828,郑局洛段,,
HXD3,833,833,郑局洛段,,
HXD3,835,835,郑局洛段,,
HXD3,837,837,郑局洛段,,
HXD3,840,841,郑局洛段,,
HXD3,844,844,郑局洛段,,
HXD3,846,846,郑局洛段,,
HXD3,848,848,郑局洛段,,
HXD3,850,852,郑局洛段,,
HXD3,854,854,郑局洛段,,
HXD3,859,860,郑局洛段,,
HXD3,862,867,济局西段,,
HXD3,869,876,济局西段,,
HXD3,878,887,济局西段,,
HXD3,888,888,济局青段,,
HXD3,890,890,济局西段,,
HXD3,892,893,济局西段,,
HXD3,894,894,郑局洛段,,
HXD3,896,896,郑局洛段,,
HXD3,898,898,郑局洛段,,
HXD3,899,899,西局新段,,
HXD3,900,900,哈局哈段,,
HXD3,902,903,郑局洛段,,
HXD3,907,907,郑局洛段,,
HXD3,908,908,京局唐段,,
HXD3,910,910,京局唐段,,
HXD3,911,911,郑局洛段,,
HXD3,913,914,郑局洛段,,
HXD3,916,916,郑局洛段,,
HXD3,918,929,郑局洛段,,
HXD3,8001,8005,济局西段,,
HXD3,8007,8015,济局西段,,
HXD3,8018,8021,济局西段,,
HXD3,8024,8029,济局西段,,
HXD3,8031,8031,郑局洛段,,
HXD3,8034,8035,郑局洛段,,
HXD3,8042,8042,郑局洛段,,
HXD3,8045,8048,郑局洛段,,
HXD3,8053,8053,郑局洛段,,
HXD3,8055,8057,郑局洛段,,
HXD3,8061,8063,郑局洛段,,
HXD3,8066,8070,郑局洛段,,
HXD3,8073,8074,西局新段,,
HXD3,8078,8078,西局新段,,
HXD3,8081,8084,济局西段,,
HXD3,8086,8086,济局西段,,
HXD3,8088,8088,济局西段,,
HXD3,8090,8099,济局西段,,
HXD3,8102,8107,济局西段,,
HXD3,8110,8111,济局西段,,
HXD3,8114,8115,济局西段,,
HXD3,8117,8123,济局西段,,
HXD3,8125,8126,济局西段,,
HXD3,8128,8130,济局西段,,
HXD3,8133,8142,济局西段,,
HXD3,8145,8146,济局西段,,
HXD3,8147,8149,济局青段,,
HXD3,8150,8150,济局西段,,
HXD3B,1,9,京局丰段,,
HXD3B,10,11,京局石段,,
HXD3B,13,13,京局石段,,
HXD3B,14,20,京局丰段,,
HXD3B,21,21,京局石段,,
HXD3B,23,31,京局丰段,,
HXD3B,34,34,京局丰段,,
HXD3B,36,46,京局丰段,,
HXD3B,48,60,京局丰段,,
HXD3B,61,61,京局津段,,
HXD3B,63,63,京局津段,,
HXD3B,65,66,京局津段,,
HXD3B,67,67,沈局苏段,,
HXD3B,68,68,京局津段,,
HXD3B,69,69,京局丰段,,
HXD3B,70,76,京局津段,,
HXD3B,78,81,京局津段,,
HXD3B,83,84,京局津段,,
HXD3B,86,90,京局津段,,
HXD3B,91,91,京局丰段,,
HXD3B,92,96,京局津段,,
HXD3B,98,100,京局津段,,
HXD3B,101,101,沈局锦段,,
HXD3B,104,104,沈局锦段,,
HXD3B,107,107,沈局锦段,,
HXD3B,117,117,沈局锦段,,
HXD3B,120,121,沈局锦段,,
HXD3B,125,125,沈局锦段,,
HXD3B,129,130,沈局锦段,,
HXD3B,132,136,京局石段,,
HXD3B,137,137,京局丰段,,
HXD3B,138,139,京局石段,,
HXD3B,140,140,沈局锦段,,
HXD3B,141,142,京局石段,,
HXD3B,144,145,京局石段,,
HXD3B,146,146,京局津段,,
HXD3B,147,150,京局石段,,
HXD3B,152,153,京局石段,,
HXD3B,155,158,京局石段,,
HXD3B,160,160,沈局锦段,,
HXD3B,163,166,沈局连段,,
HXD3B,168,168,沈局连段,,
HXD3B,172,173,沈局连段,,
HXD3B,175,183,沈局连段,,
HXD3B,187,187,沈局连段,,
HXD3B,189,189,沈局连段,,
HXD3B,192,192,沈局连段,,
HXD3B,198,198,沈局连段,,
HXD3B,199,199,沈局苏段,,
HXD3B,200,200,沈局连段,,
HXD3B,206,208,沈局连段,,
HXD3B,211,211,沈局锦段,,
HXD3B,214,215,沈局锦段,,
HXD3B,217,217,沈局苏段,,
HXD3B,221,222,沈局锦段,,
HXD3B,224,224,沈局苏段,,
HXD3B,225,225,沈局锦段,,
HXD3B,227,227,沈局锦段,,
HXD3B,229,230,沈局锦段,,
HXD3B,233,235,沈局苏段,,
HXD3B,241,242,沈局苏段,,
HXD3B,244,244,沈局苏段,,
HXD3B,251,257,京局丰段,,
HXD3B,259,269,京局丰段,,
HXD3B,275,275,沈局锦段,,
HXD3B,278,278,沈局苏段,,
HXD3B,282,282,沈局苏段,,
HXD3B,283,284,沈局锦段,,
HXD3B,287,288,沈局锦段,,
HXD3B,291,291,沈局锦段,,
HXD3B,294,296,沈局锦段,,
HXD3B,298,301,沈局锦段,,
HXD3B,302,302,沈局苏段,,
HXD3B,309,315,沈局锦段,,
HXD3B,317,319,沈局锦段,,
HXD3B,321,322,沈局苏段,,
HXD3B,323,323,沈局锦段,,
HXD3B,326,330,沈局锦段,,
HXD3B,332,334,沈局锦段,,
HXD3B,336,336,沈局锦段,,
HXD3B,338,339,沈局锦段,,
HXD3B,341,341,沈局苏段,,
HXD3B,342,342,沈局锦段,,
HXD3B,344,344,沈局锦段,,
HXD3B,346,346,沈局锦段,,
HXD3B,347,347,沈局苏段,,
HXD3B,350,351,沈局苏段,,
HXD3B,353,353,沈局苏段,,
HXD3B,357,357,沈局苏段,,
HXD3B,361,362,沈局苏段,,
HXD3B,364,366,沈局苏段,,
HXD3B,368,369,沈局苏段,,
HXD3B,375,375,沈局苏段,,
HXD3B,378,379,沈局苏段,,
HXD3B,381,381,沈局苏段,,
HXD3B,383,383,沈局苏段,,
HXD3B,385,385,沈局苏段,,
HXD3B,387,390,沈局苏段,,
HXD3B,392,392,沈局苏段,,
HXD3B,394,397,沈局苏段,,
HXD3B,400,400,沈局苏段,,
HXD3B,405,405,沈局苏段,,
HXD3B,407,409,沈局苏段,,
HXD3B,414,414,沈局苏段,,
HXD3B,418,420,沈局苏段,,
HXD3B,422,422,沈局苏段,,
HXD3B,424,427,沈局苏段,,
HXD3B,431,431,沈局苏段,,
HXD3B,433,433,沈局苏段,,
HXD3B,436,436,沈局锦段,,
HXD3B,437,437,沈局苏段,,
HXD3B,439,442,沈局苏段,,
HXD3B,444,447,沈局苏段,,
HXD3B,450,450,沈局苏段,,
HXD3B,453,453,沈局苏段,,
HXD3B,455,456,沈局苏段,,
HXD3B,457,457,沈局锦段,,
HXD3B,459,462,沈局苏段,,
HXD3B,465,465,沈局苏段,,
HXD3B,471,471,沈局苏段,,
HXD3B,475,475,沈局苏段,,
HXD3B,479,479,沈局苏段,,
HXD3B,482,484,沈局苏段,,
HXD3B,491,491,沈局苏段,,
HXD3B,493,493,沈局苏段,,
HXD3B,495,497,沈局苏段,,
HXD3B,499,499,沈局苏段,,
HXD3B,1893,1893,京局丰段,,
HXD3C,1,1,沈局沈段,,
HXD3C,2,2,哈局三段,,
HXD3C,3,3,沈局沈段,,
HXD3C,4,4,哈局三段,,
HXD3C,5,6,沈局沈段,,
HXD3C,7,7,哈局三段,,
HXD3C,8,9,沈局沈段,,
HXD3C,10,10,哈局三段,,
HXD3C,11,11,济局西段,,
HXD3C,12,13,济局青段,,
HXD3C,14,15,济局西段,,
HXD3C,16,24,武局襄段,,
HXD3C,25,25,成局成段,,
HXD3C,26,26,郑局郑段,,
HXD3C,27,27,成局成段,,
HXD3C,28,28,郑局郑段,,
HXD3C,30,30,郑局郑段,,
HXD3C,31,32,宁局邕段,,
HXD3C,33,33,上局合段,,
HXD3C,34,34,宁局邕段,,
HXD3C,35,35,上局合段,,
HXD3C,36,36,成局重段,,
HXD3C,37,37,哈局牡段,,
HXD3C,38,38,宁局邕段,,
HXD3C,39,39,武局江段,,
HXD3C,40,42,武局襄段,,
HXD3C,43,43,郑局郑段,,
HXD3C,44,44,武局江段,,
HXD3C,45,45,宁局邕段,,
HXD3C,46,47,成局成段,,
HXD3C,48,48,广铁长段,,
HXD3C,49,52,成局成段,,
HXD3C,53,55,武局江段,,
HXD3C,56,60,郑局郑段,,
HXD3C,61,64,哈局三段,,
HXD3C,67,67,济局青段,,
HXD3C,68,68,济局济段,,
HXD3C,69,69,济局青段,,
HXD3C,70,70,济局济段,,
HXD3C,71,72,武局襄段,,
HXD3C,73,73,郑局郑段,,
HXD3C,74,74,武局襄段,,
HXD3C,75,75,郑局郑段,,
HXD3C,76,77,武局襄段,,
HXD3C,78,78,哈局牡段,,
HXD3C,79,79,武局襄段,,
HXD3C,80,80,郑局郑段,,
HXD3C,81,82,宁局邕段,,
HXD3C,83,84,武局襄段,,
HXD3C,85,86,郑局郑段,,
HXD3C,87,87,武局江段,,
HXD3C,88,94,郑局郑段,,
HXD3C,95,95,成局成段,,
HXD3C,96,96,济局济段,,
HXD3C,97,100,济局青段,,
HXD3C,101,104,成局成段,,
HXD3C,106,106,郑局郑段,,
HXD3C,107,109,武局襄段,,
HXD3C,110,110,成局成段,,
HXD3C,111,111,哈局三段,,
HXD3C,112,112,沈局沈段,,
HXD3C,114,114,沈局沈段,,
HXD3C,116,117,哈局三段,,
HXD3C,118,118,沈局沈段,,
HXD3C,119,119,哈局三段,,
HXD3C,120,120,沈局沈段,,
HXD3C,121,122,上局合段,,
HXD3C,123,125,上局宁东段,,
HXD3C,127,127,武局江段,,
HXD3C,128,129,宁局邕段,,
HXD3C,131,133,济局青段,,
HXD3C,134,134,武局江段,,
HXD3C,135,135,郑局郑段,,
HXD3C,137,138,成局成段,,
HXD3C,139,140,宁局邕段,,
HXD3C,141,142,武局襄段,,
HXD3C,143,143,哈局牡段,,
HXD3C,144,144,武局襄段,,
HXD3C,145,145,武局江段,,
HXD3C,146,146,武局襄段,,
HXD3C,147,147,武局江段,,
HXD3C,149,151,武局襄段,,
HXD3C,152,152,成局成段,,
HXD3C,153,153,武局江段,,
HXD3C,155,155,宁局邕段,,
HXD3C,156,161,武局襄段,,
HXD3C,162,162,成局成段,,
HXD3C,163,164,武局襄段,,
HXD3C,165,165,武局江段,,
HXD3C,166,171,成局成段,,
HXD3C,173,180,成局成段,,
HXD3C,181,182,济局青段,,
HXD3C,183,190,沈局沈段,,
HXD3C,191,191,济局济段,,
HXD3C,193,193,济局青段,,
HXD3C,194,194,济局济段,,
HXD3C,195,195,济局青段,,
HXD3C,196,196,上局宁东段,,
HXD3C,198,198,沈局沈段,,
HXD3C,199,200,上局合段,,
HXD3C,201,202,武局襄段,,
HXD3C,203,203,武局江段,,
HXD3C,204,204,武局襄段,,
HXD3C,206,210,武局襄段,,
HXD3C,211,211,武局南段,,
HXD3C,212,212,成局成段,,
HXD3C,213,213,哈局牡段,,
HXD3C,214,214,武局南段,,
HXD3C,215,215,武局江段,,
HXD3C,216,217,武局襄段,,
HXD3C,218,218,成局成段,,
HXD3C,219,219,武局襄段,,
HXD3C,221,223,上局合段,,
HXD3C,224,224,上局宁东段,,
HXD3C,225,225,上局合段,,
HXD3C,226,227,沈局沈段,,
HXD3C,228,229,哈局三段,,
HXD3C,230,230,沈局沈段,,
HXD3C,231,241,广铁长段,,
HXD3C,242,242,宁局柳段,,
HXD3C,243,243,武局江段,,
HXD3C,244,244,宁局邕段,,
HXD3C,245,245,广铁长段,,
HXD3C,246,250,郑局郑段,,
HXD3C,252,252,武局南段,,
HXD3C,253,253,武局襄段,,
HXD3C,254,254,武局江段,,
HXD3C,255,255,武局南段,,
HXD3C,256,256,武局襄段,,
HXD3C,257,258,武局南段,,
HXD3C,259,260,武局襄段,,
HXD3C,261,265,成局成段,,
HXD3C,266,270,沈局沈段,,
HXD3C,271,274,上局合段,,
HXD3C,275,275,上局宁东段,,
HXD3C,277,277,哈局牡段,,
HXD3C,278,280,武局南段,,
HXD3C,281,281,武局襄段,,
HXD3C,282,283,京局唐段,,
HXD3C,284,284,济局青段,,
HXD3C,285,285,成局重段,,
HXD3C,286,291,广铁长段,,
HXD3C,292,293,宁局邕段,,
HXD3C,294,294,南局向段,,
HXD3C,295,295,成局重段,,
HXD3C,296,296,上局合段,,
HXD3C,297,300,上局宁东段,,
HXD3C,301,302,成局成段,,
HXD3C,303,310,成局重段,,
HXD3C,311,315,广铁长段,,
HXD3C,317,318,南局鹰段,,
HXD3C,320,320,广铁长段,,
HXD3C,322,322,广铁长段,,
HXD3C,323,323,上局宁东段,,
HXD3C,324,324,南局向段,,
HXD3C,326,335,沈局沈段,,
HXD3C,336,336,南局鹰段,,
HXD3C,337,337,上局合段,,
HXD3C,338,338,南局向段,,
HXD3C,339,340,成局重段,,
HXD3C,341,342,南局鹰段,,
HXD3C,343,343,上局合段,,
HXD3C,344,344,南局向段,,
HXD3C,347,348,南局向段,,
HXD3C,350,364,成局重段,,
HXD3C,366,368,京局唐段,,
HXD3C,369,371,京局邯段,,
HXD3C,372,372,京局津段,,
HXD3C,373,374,京局邯段,,
HXD3C,375,375,京局京段,,
HXD3C,377,380,京局津段,,
HXD3C,381,385,济局青段,,
HXD3C,386,387,广铁长段,,
HXD3C,389,390,广铁长段,,
HXD3C,391,391,京局邯段,,
HXD3C,392,395,京局津段,,
HXD3C,396,396,京局石段,,
HXD3C,398,400,京局石段,,
HXD3C,401,401,沈局沈段,,
HXD3C,402,402,哈局三段,,
HXD3C,403,403,沈局沈段,,
HXD3C,405,405,沈局沈段,,
HXD3C,406,410,郑局郑段,,
HXD3C,411,420,成局重段,,
HXD3C,421,425,广铁长段,,
HXD3C,426,426,武局南段,,
HXD3C,427,427,武局襄段,,
HXD3C,428,431,武局南段,,
HXD3C,432,432,武局襄段,,
HXD3C,433,435,武局南段,,
HXD3C,437,438,沈局沈段,,
HXD3C,439,439,京局邯段,,
HXD3C,440,440,哈局三段,,
HXD3C,441,441,广铁广段,,
HXD3C,442,445,广铁长段,,
HXD3C,447,448,宁局邕段,,
HXD3C,449,449,上局合段,,
HXD3C,453,454,哈局牡段,,
HXD3C,455,455,武局襄段,,
HXD3C,456,460,京局京段,,
HXD3C,461,465,京局邯段,,
HXD3C,466,466,昆局昆段,,
HXD3C,468,468,昆局昆段,,
HXD3C,470,470,武局江段,,
HXD3C,471,471,昆局昆段,,
HXD3C,472,473,宁局邕段,,
HXD3C,474,474,郑局郑段,,
HXD3C,475,475,成局重段,,
HXD3C,476,476,郑局郑段,,
HXD3C,477,478,上局合段,,
HXD3C,479,479,济局青段,,
HXD3C,482,482,昆局昆段,,
HXD3C,484,485,昆局昆段,,
HXD3C,486,487,京局津段,,
HXD3C,489,490,京局津段,,
HXD3C,491,491,成局重段,,
HXD3C,492,495,成局成段,,
HXD3C,496,496,南局鹰段,,
HXD3C,497,497,西局新段,,
HXD3C,498,500,南局鹰段,,
HXD3C,501,505,上局宁东段,,
HXD3C,508,509,昆局昆段,,
HXD3C,510,510,宁局邕段,,
HXD3C,512,515,京局石段,,
HXD3C,516,520,济局青段,,
HXD3C,521,521,武局襄段,,
HXD3C,522,523,武局南段,,
HXD3C,524,524,武局江段,,
HXD3C,525,525,武局南段,,
HXD3C,527,527,武局南段,,
HXD3C,528,528,武局江段,,
HXD3C,529,529,武局襄段,,
HXD3C,531,537,广铁长段,,
HXD3C,539,540,广铁长段,,
HXD3C,541,542,哈局三段,,
HXD3C,544,545,哈局三段,,
HXD3C,546,550,郑局郑段,,
HXD3C,551,551,上局宁东段,,
HXD3C,552,553,上局合段,,
HXD3C,554,555,上局宁东段,,
HXD3C,556,556,京局津段,,
HXD3C,557,558,京局石段,,
HXD3C,560,560,京局石段,,
HXD3C,561,561,南局向段,,
HXD3C,564,568,南局福段,,
HXD3C,570,570,南局福段,,
HXD3C,572,572,宁局邕段,,
HXD3C,573,574,昆局昆段,,
HXD3C,576,585,济局青段,,
HXD3C,589,590,乌局库段,,
HXD3C,591,592,京局津段,,
HXD3C,593,593,京局石段,,
HXD3C,594,594,京局津段,,
HXD3C,597,598,京局石段,,
HXD3C,599,600,京局京段,,
HXD3C,601,601,昆局昆段,,
HXD3C,605,605,昆局昆段,,
HXD3C,606,610,郑局郑段,,
HXD3C,611,611,昆局昆段,,
HXD3C,613,613,武局江段,,
HXD3C,614,614,宁局邕段,,
HXD3C,615,615,武局江段,,
HXD3C,616,616,昆局昆段,,
HXD3C,619,620,昆局昆段,,
HXD3C,621,621,武局襄段,,
HXD3C,623,624,武局襄段,,
HXD3C,625,625,武局南段,,
HXD3C,626,630,京局京段,,
HXD3C,631,632,济局青段,,
HXD3C,633,633,宁局柳段,,
HXD3C,634,634,郑局郑段,,
HXD3C,635,635,宁局邕段,,
HXD3C,636,637,哈局三段,,
HXD3C,639,639,京局邯段,,
HXD3C,640,640,沈局沈段,,
HXD3C,641,642,京局京段,,
HXD3C,643,643,哈局三段,,
HXD3C,644,645,京局京段,,
HXD3C,646,648,武局南段,,
HXD3C,649,649,武局江段,,
HXD3C,650,650,武局南段,,
HXD3C,651,651,昆局昆段,,
HXD3C,653,653,昆局昆段,,
HXD3C,655,655,昆局昆段,,
HXD3C,657,657,昆局昆段,,
HXD3C,658,664,京局京段,,
HXD3C,665,666,宁局邕段,,
HXD3C,667,668,济局青段,,
HXD3C,669,674,武局襄段,,
HXD3C,675,678,上局合段,,
HXD3C,679,682,上局宁东段,,
HXD3C,683,683,南局向段,,
HXD3C,684,684,南局福段,,
HXD3C,685,685,西局西段,,
HXD3C,689,689,武局江段,,
HXD3C,690,692,南局福段,,
HXD3C,694,695,南局福段,,
HXD3C,696,696,南局向段,,
HXD3C,697,698,南局福段,,
HXD3C,699,699,武局江段,,
HXD3C,701,702,南局福段,,
HXD3C,703,703,南局向段,,
HXD3C,704,705,南局福段,,
HXD3C,707,707,南局福段,,
HXD3C,708,708,南局向段,,
HXD3C,711,725,广铁长段,,
HXD3C,726,727,京局邯段,,
HXD3C,729,730,沈局沈段,,
HXD3C,731,749,京局京段,,
HXD3C,750,750,郑局郑段,,
HXD3C,751,758,沈局沈段,,
HXD3C,759,759,京局津段,,
HXD3C,761,762,南局向段,,
HXD3C,763,763,南局鹰段,,
HXD3C,765,767,南局向段,,
HXD3C,769,770,南局向段,,
HXD3C,773,773,南局向段,,
HXD3C,774,774,武局江段,,
HXD3C,775,775,南局向段,,
HXD3C,777,777,武局江段,,
HXD3C,778,778,南局福段,,
HXD3C,779,779,南局向段,,
HXD3C,780,780,武局江段,,
HXD3C,781,781,南局向段,,
HXD3C,783,784,南局向段,,
HXD3C,785,787,济局青段,,
HXD3C,788,788,济局济段,,
HXD3C,790,792,济局济段,,
HXD3C,794,794,昆局昆段,,
HXD3C,796,796,武局江段,,
HXD3C,797,797,南局向段,,
HXD3C,798,798,郑局郑段,,
HXD3C,799,800,武局襄段,,
HXD3C,801,802,上局合段,,
HXD3C,803,803,成局重段,,
HXD3C,804,804,成局成段,,
HXD3C,830,830,上局徐段,,
HXD3C,831,832,上局合段,,
HXD3C,833,834,上局徐段,,
HXD3C,835,835,上局宁东段,,
HXD3C,836,838,上局合段,,
HXD3C,839,840,上局宁东段,,
HXD3C,841,842,上局合段,,
HXD3C,843,843,南局福段,,
HXD3C,845,845,南局福段,,
HXD3C,846,847,南局向段,,
HXD3C,848,848,南局鹰段,,
HXD3C,849,849,南局向段,,
HXD3C,858,859,昆局昆段,,
HXD3C,860,860,宁局邕段,,
HXD3C,861,861,宁局柳段,,
HXD3C,862,869,宁局邕段,,
HXD3C,870,874,成局重段,,
HXD3C,875,875,成局成段,,
HXD3C,876,879,成局重段,,
HXD3C,880,880,宁局邕段,,
HXD3C,883,883,宁局邕段,,
HXD3C,884,884,宁局柳段,,
HXD3C,885,889,宁局邕段,,
HXD3C,890,890,呼局集段,,
HXD3C,892,892,呼局呼段,,
HXD3C,893,895,呼局集段,,
HXD3C,975,976,南局向段,,
HXD3C,977,980,武局襄段,,
HXD3C,982,982,武局江段,,
HXD3C,984,985,广铁长段,,
HXD3C,986,987,武局襄段,,
HXD3C,988,988,武局南段,,
HXD3C,989,989,呼局呼段,,
HXD3C,990,991,呼局集段,,
HXD3C,993,993,武局南段,,
HXD3C,995,995,武局襄段,,
HXD3C,996,1000,京局石段,,
HXD3C,1001,1008,京局京段,,
HXD3C,1009,1009,京局津段,,
HXD3C,1010,1010,京局京段,,
HXD3C,1011,1014,广铁长段,,
HXD3C,1015,1016,武局南段,,
HXD3C,1018,1020,郑局郑段,,
HXD3C,1021,1022,广铁长段,,
HXD3C,1023,1023,广铁广段,,
HXD3C,1024,1025,广铁长段,,
HXD3C,1026,1026,呼局集段,,
HXD3C,1029,1030,呼局集段,,
HXD3C,1032,1032,呼局集段,,
HXD3C,1034,1034,呼局呼段,,
HXD3C,1035,1035,呼局集段,,
HXD3C,1036,1036,呼局呼段,,
HXD3C,1038,1038,呼局呼段,,
HXD3C,1039,1039,呼局集段,,
HXD3C,1040,1040,呼局呼段,,
HXD3C,1041,1061,太局太段,,
HXD3C,1063,1065,太局太段,,
HXD3C,7001,7003,太局太段,,
HXD3C,7005,7015,太局太段,,
HXD3C,7018,7018,老中铁路,,
HXD3C,7566,7566,暂无,,
HXD3D,347,350,沈局沈段,,
HXD3D,352,355,沈局沈段,,
HXD3D,689,689,兰局兰段,,
HXD3D,690,693,南局南段,,
HXD3D,8029,8043,沈局沈段,,
HXN3,1,3,沈局辽段,,
HXN3,5,5,沈局辽段,,
HXN3,7,11,沈局辽段,,
HXN3,13,14,沈局辽段,,
HXN3,16,17,沈局辽段,,
HXN3,20,23,沈局辽段,,
HXN3,25,25,沈局辽段,,
HXN3,27,32,沈局辽段,,
HXN3,34,34,沈局辽段,,
HXN3,36,40,沈局辽段,,
HXN3,42,47,沈局辽段,,
HXN3,49,51,沈局辽段,,
HXN3,52,52,沈局白段,,
HXN3,53,53,沈局辽段,,
HXN3,55,56,沈局辽段,,
HXN3,58,70,沈局辽段,,
HXN3,71,71,沈局锦段,,
HXN3,72,72,沈局辽段,,
HXN3,73,75,沈局锦段,,
HXN3,76,77,沈局辽段,,
HXN3,79,80,沈局锦段,,
HXN3,81,81,沈局辽段,,
HXN3,82,83,沈局锦段,,
HXN3,84,85,沈局辽段,,
HXN3,87,88,沈局锦段,,
HXN3,89,89,沈局辽段,,
HXN3,90,90,沈局锦段,,
HXN3,91,92,沈局辽段,,
HXN3,93,94,沈局锦段,,
HXN3,99,100,沈局辽段,,
HXN3,102,105,京局怀段,,
HXN3,107,115,京局怀段,,
HXN3,117,117,京局怀段,,
HXN3,119,130,京局怀段,,
HXN3,131,131,沈局辽段,,
HXN3,135,138,沈局辽段,,
HXN3,142,142,沈局辽段,,
HXN3,143,143,沈局苏段,,
HXN3,144,144,沈局辽段,,
HXN3,145,145,沈局苏段,,
HXN3,146,146,沈局辽段,,
HXN3,147,147,沈局苏段,,
HXN3,149,151,沈局辽段,,
HXN3,153,153,沈局辽段,,
HXN3,155,155,沈局苏段,,
HXN3,157,157,沈局辽段,,
HXN3,173,173,沈局梅段,,
HXN3,176,177,沈局苏段,,
HXN3,178,178,沈局辽段,,
HXN3,181,181,沈局苏段,,
HXN3,185,187,沈局苏段,,
HXN3,190,190,沈局辽段,,
HXN3,191,191,沈局苏段,,
HXN3,193,193,沈局辽段,,
HXN3,199,199,沈局辽段,,
HXN3,200,203,沈局苏段,,
HXN3,204,207,沈局锦段,,
HXN3,209,209,沈局锦段,,
HXN3,211,211,沈局锦段,,
HXN3,212,212,沈局辽段,,
HXN3,213,213,沈局锦段,,
HXN3,214,215,沈局辽段,,
HXN3,216,216,沈局锦段,,
HXN3,218,219,沈局锦段,,
HXN3,220,220,沈局辽段,,
HXN3,221,222,沈局锦段,,
HXN3,224,224,沈局锦段,,
HXN3,225,225,沈局辽段,,
HXN3,226,228,沈局锦段,,
HXN3,229,230,沈局辽段,,
HXN3,231,234,沈局锦段,,
HXN3,235,235,沈局辽段,,
HXN3,236,236,沈局锦段,,
HXN3,237,237,沈局辽段,,
HXN3,238,238,沈局锦段,,
HXN3,239,239,沈局辽段,,
HXN3,240,240,沈局锦段,,
HXN3,241,243,沈局辽段,,
HXN3,244,245,沈局锦段,,
HXN3,246,246,沈局辽段,,
HXN3,247,253,沈局锦段,,
HXN3,254,256,沈局苏段,,
HXN3,257,257,沈局辽段,,
HXN3,258,258,沈局苏段,,
HXN3,260,268,沈局苏段,,
HXN3,270,276,沈局苏段,,
HXN3,279,280,沈局苏段,,
HXN3,282,282,沈局苏段,,
HXN3,283,283,沈局辽段,,
HXN3,284,284,沈局苏段,,
HXN3,286,287,沈局苏段,,
HXN3,289,290,沈局苏段,,
HXN3,292,300,沈局苏段,,
HXN3,301,305,青藏格段,,
HXN3,306,306,青藏宁段,,
HXN3,307,307,青藏格段,,
HXN3,308,308,青藏宁段,,
HXN3,310,310,青藏宁段,,
HXN3,311,312,青藏格段,,
HXN3,317,318,青藏格段,,
HXN3,319,319,青藏宁段,,
HXN3,321,321,青藏格段,,
HXN3,322,322,青藏宁段,,
HXN3,323,323,青藏格段,,
HXN3,325,326,青藏宁段,,
HXN3,327,327,青藏格段,,
HXN3,329,329,青藏宁段,,
HXN3,330,330,青藏格段,,
HXN3,334,334,青藏格段,,
HXN3,342,342,青藏格段,,
HXN3,7003,7003,国家能源集团,,
HXN3,7004,7004,神华集团,,
HXN3,7007,7008,国家能源集团,,
HXN3,7013,7013,国家能源集团,,
HXN3,7015,7015,国家能源集团,,
HXN3,7022,7022,华煤铁运,,
HXN3,7066,7066,华煤铁运,,
HXN3B,2,2,郑局郑段,,
HXN3B,4,10,郑局郑段,,
HXN3B,12,16,郑局乡段,,
HXN3B,17,17,武局南段,,
HXN3B,21,21,武局南段,,
HXN3B,22,24,武局江段,,
HXN3B,27,29,武局江段,,
HXN3B,30,32,武局襄段,,
HXN3B,35,39,武局襄段,,
HXN3B,43,43,沈局辽段,,
HXN3B,49,51,济局西段,,
HXN3B,53,55,济局西段,,
HXN3B,56,56,沈局苏段,,
HXN3B,61,61,沈局苏段,,
HXN3B,64,64,京局津段,,
HXN3B,66,66,沈局苏段,,
HXN3B,67,67,京局津段,,
HXN3B,73,73,沈局苏段,,
HXN3B,82,85,呼局包段,,
HXN3B,86,86,呼局集段,,
HXN3B,89,92,呼局集段,,
HXN3B,94,94,呼局集段,,
HXN3B,97,98,哈局哈段,,
HXN3B,100,100,哈局哈段,,
HXN3B,104,105,哈局齐段,,
HXN3B,108,108,哈局齐段,,
HXN3B,112,112,哈局齐段,,
HXN3B,121,123,沈局苏段,,
HXN3B,125,125,沈局苏段,,
HXN3B,127,128,沈局苏段,,
HXN3B,131,132,郑局洛段,,
HXN3B,133,134,郑局乡段,,
HXN3B,139,139,浩吉铁路,,
HXN3B,145,146,沈局连段,,
HXN3B,147,147,郑局洛段,,
HXN3B,150,150,郑局乡段,,
HXN3B,153,154,济局青段,,
HXN3B,156,156,哈局牡段,,
HXN3B,159,159,沈局连段,,
HXN3B,161,162,沈局连段,,
HXN3B,167,167,沈局连段,,
HXN3B,168,168,郑局郑段,,
HXN3B,171,172,济局西段,,
HXN3B,174,174,济局西段,,
HXN3B,179,179,沈局连段,,
HXN3B,185,185,沈局连段,,
HXN3B,187,187,沈局连段,,
HXN3B,197,197,京局唐段,,
HXN3B,206,210,京局津段,,
HXN3B,214,214,京局邯段,,
HXN3B,219,219,京局邯段,,
HXN3B,221,222,京局邯段,,
HXN3B,224,226,呼局包段,,
HXN3B,227,229,郑局洛段,,
HXN3B,231,231,沈局苏段,,
HXN3B,233,233,郑局郑段,,
HXN3B,236,236,沈局苏段,,
HXN3B,239,239,沈局苏段,,
HXN3B,247,247,济局青段,,
HXN3B,248,248,沈局苏段,,
HXN3B,252,252,济局济段,,
HXN3B,264,265,京局丰段,,
HXN3B,269,269,京局丰段,,
HXN3B,270,271,京局津段,,
HXN3B,276,280,郑局洛段,,
HXN3B,286,286,济局青段,,
HXN3B,287,288,济局济段,,
HXN3B,289,290,济局西段,,
HXN3B,305,305,浩吉铁路,,
HXN3B,360,360,沈局苏段,,
HXN3B,376,376,沈局苏段,,
HXN3B,401,402,沈局苏段,,
HXN3B,430,430,沈局苏段,,
HXN3B,472,472,沈局苏段,,
HXN3B,489,489,沈局苏段,,
HXN3B,494,494,沈局苏段,,
HXN3B,3001,3001,暂无,,
HXN3B,3002,3002,青藏格段,,
HXN3B,3003,3006,青藏宁段,,
HXN3B,5001,5002,浩吉铁路,,
HXN3B,5004,5004,浩吉铁路,,
HXN3B,6001,6001,济局青段,,
HXN3B,6002,6003,济局西段,,
HXN3B,6005,6005,济局青段,,
HXN3B,6007,6007,济局西段,,
HXN3B,6009,6009,济局西段,,
HXN3B,6012,6012,济局西段,,
HXN3B,6013,6013,济局青段,,
HXN3B,6016,6018,济局青段,,
HXN5,1,4,哈局齐段,,
HXN5,6,7,哈局齐段,,
HXN5,8,8,乌局乌段,,
HXN5,9,13,哈局齐段,,
HXN5,15,16,乌局乌段,,
HXN5,17,18,哈局齐段,,
HXN5,20,20,哈局齐段,,
HXN5,21,21,乌局乌段,,
HXN5,24,26,哈局齐段,,
HXN5,28,29,哈局齐段,,
HXN5,30,31,乌局乌段,,
HXN5,32,40,哈局齐段,,
HXN5,42,42,哈局齐段,,
HXN5,45,46,哈局齐段,,
HXN5,49,50,哈局齐段,,
HXN5,52,52,哈局齐段,,
HXN5,54,54,哈局齐段,,
HXN5,56,56,哈局齐段,,
HXN5,60,60,哈局佳段,,
HXN5,63,63,哈局牡段,,
HXN5,64,64,哈局哈段,,
HXN5,68,68,乌局乌段,,
HXN5,69,70,沈局吉段,,
HXN5,73,73,乌局乌段,,
HXN5,77,83,哈局牡段,,
HXN5,84,84,乌局乌段,,
HXN5,87,89,哈局牡段,,
HXN5,91,91,乌局乌段,,
HXN5,94,94,乌局乌段,,
HXN5,96,96,乌局乌段,,
HXN5,97,99,哈局牡段,,
HXN5,103,103,哈局佳段,,
HXN5,106,106,哈局佳段,,
HXN5,107,107,哈局哈段,,
HXN5,108,108,哈局牡段,,
HXN5,110,110,哈局佳段,,
HXN5,112,113,哈局佳段,,
HXN5,115,115,哈局牡段,,
HXN5,117,118,哈局牡段,,
HXN5,119,119,哈局佳段,,
HXN5,121,121,哈局牡段,,
HXN5,124,124,哈局佳段,,
HXN5,125,125,哈局哈段,,
HXN5,126,126,哈局齐段,,
HXN5,127,127,哈局哈段,,
HXN5,132,132,乌局乌段,,
HXN5,135,135,哈局哈段,,
HXN5,138,138,哈局佳段,,
HXN5,140,141,哈局哈段,,
HXN5,144,144,乌局乌段,,
HXN5,146,146,乌局乌段,,
HXN5,149,149,乌局乌段,,
HXN5,151,152,哈局哈段,,
HXN5,158,158,哈局哈段,,
HXN5,160,161,哈局佳段,,
HXN5,167,167,乌局乌段,,
HXN5,172,172,哈局牡段,,
HXN5,174,177,哈局哈段,,
HXN5,179,179,哈局哈段,,
HXN5,184,184,哈局佳段,,
HXN5,185,185,乌局乌段,,
HXN5,191,191,哈局佳段,,
HXN5,193,193,乌局乌段,,
HXN5,194,194,哈局齐段,,
HXN5,196,196,哈局齐段,,
HXN5,198,198,乌局乌段,,
HXN5,201,201,乌局乌段,,
HXN5,204,204,哈局佳段,,
HXN5,206,206,哈局牡段,,
HXN5,208,210,哈局佳段,,
HXN5,211,211,乌局乌段,,
HXN5,213,213,哈局佳段,,
HXN5,215,215,哈局齐段,,
HXN5,216,216,哈局佳段,,
HXN5,220,221,哈局佳段,,
HXN5,224,224,哈局佳段,,
HXN5,227,227,哈局齐段,,
HXN5,228,228,哈局佳段,,
HXN5,229,229,乌局乌段,,
HXN5,230,235,哈局佳段,,
HXN5,237,237,哈局佳段,,
HXN5,239,239,哈局佳段,,
HXN5,242,242,哈局佳段,,
HXN5,244,244,乌局乌段,,
HXN5,247,248,哈局佳段,,
HXN5,249,249,哈局哈段,,
HXN5,251,252,哈局哈段,,
HXN5,253,253,乌局乌段,,
HXN5,254,254,哈局哈段,,
HXN5,257,257,哈局哈段,,
HXN5,259,260,哈局哈段,,
HXN5,261,262,乌局乌段,,
HXN5,263,265,哈局哈段,,
HXN5,267,267,哈局佳段,,
HXN5,268,268,哈局哈段,,
HXN5,271,300,上局合段,,
HXN5,301,301,昆局昆段,,
HXN5,302,302,乌局乌段,,
HXN5,304,304,昆局昆段,,
HXN5,308,308,昆局昆段,,
HXN5,313,313,昆局昆段,,
HXN5,314,314,乌局乌段,,
HXN5,315,315,昆局昆段,,
HXN5,316,316,乌局乌段,,
HXN5,318,318,乌局乌段,,
HXN5,319,319,昆局昆段,,
HXN5,321,321,京局丰段,,
HXN5,323,323,南局,,
HXN5,324,325,京局丰段,,
HXN5,327,327,乌局乌段,,
HXN5,330,330,成局成段,,
HXN5,332,332,乌局乌段,,
HXN5,334,335,乌局乌段,,
HXN5,336,336,昆局昆段,,
HXN5,337,337,乌局乌段,,
HXN5,339,341,昆局昆段,,
HXN5,342,342,乌局乌段,,
HXN5,346,347,乌局乌段,,
HXN5,350,352,昆局昆段,,
HXN5,353,354,乌局乌段,,
HXN5,355,356,昆局昆段,,
HXN5,357,357,乌局乌段,,
HXN5,358,359,昆局昆段,,
HXN5,362,363,昆局昆段,,
HXN5,364,364,乌局乌段,,
HXN5,367,369,昆局昆段,,
HXN5,370,370,成局重段,,
HXN5,371,372,昆局昆段,,
HXN5,373,373,乌局乌段,,
HXN5,375,375,乌局乌段,,
HXN5,377,379,乌局乌段,,
HXN5,382,382,昆局昆段,,
HXN5,383,383,乌局乌段,,
HXN5,384,384,昆局昆段,,
HXN5,386,386,昆局昆段,,
HXN5,387,387,乌局乌段,,
HXN5,388,388,昆局昆段,,
HXN5,390,390,成局重段,,
HXN5,391,392,京局丰段,,
HXN5,393,394,南局,,
HXN5,395,395,乌局乌段,,
HXN5,396,396,京局丰段,,
HXN5,397,397,南局,,
HXN5,398,405,京局丰段,,
HXN5,407,410,京局丰段,,
HXN5,411,411,成局,,
HXN5,412,415,京局丰段,,
HXN5,417,419,京局丰段,,
HXN5,422,422,成局,,
HXN5,424,424,京局丰段,,
HXN5,426,427,京局丰段,,
HXN5,428,428,南局,,
HXN5,429,429,京局怀段,,
HXN5,430,430,南局,,
HXN5,431,431,京局丰段,,
HXN5,434,434,南局,,
HXN5,435,435,京局丰段,,
HXN5,436,438,南局,,
HXN5,439,439,成局,,
HXN5,442,442,京局丰段,,
HXN5,443,443,京局怀段,,
HXN5,446,446,京局怀段,,
HXN5,448,449,京局怀段,,
HXN5,450,450,京局丰段,,
HXN5,452,452,乌局乌段,,
HXN5,453,453,南局,,
HXN5,456,457,京局丰段,,
HXN5,459,460,京局丰段,,
HXN5,462,463,南局,,
HXN5,466,466,京局怀段,,
HXN5,469,469,南局,,
HXN5,470,470,京局丰段,,
HXN5,471,472,乌局乌段,,
HXN5,474,474,乌局乌段,,
HXN5,475,475,成局重段,,
HXN5,477,477,乌局乌段,,
HXN5,480,480,沈局吉段,,
HXN5,481,481,乌局乌段,,
HXN5,482,482,成局,,
HXN5,484,484,乌局乌段,,
HXN5,485,485,沈局梅段,,
HXN5,486,487,乌局乌段,,
HXN5,489,489,成局贵段,,
HXN5,491,492,乌局乌段,,
HXN5,494,494,乌局乌段,,
HXN5,496,496,沈局梅段,,
HXN5,497,497,沈局吉段,,
HXN5,498,498,南局,,
HXN5,499,500,沈局吉段,,
HXN5,501,501,西局新段,,
HXN5,502,502,乌局乌段,,
HXN5,504,504,沈局吉段,,
HXN5,505,505,沈局梅段,,
HXN5,506,508,沈局吉段,,
HXN5,511,512,沈局吉段,,
HXN5,514,516,沈局吉段,,
HXN5,519,520,沈局吉段,,
HXN5,522,523,沈局吉段,,
HXN5,525,526,沈局吉段,,
HXN5,532,532,沈局吉段,,
HXN5,535,536,沈局吉段,,
HXN5,538,539,沈局吉段,,
HXN5,541,544,沈局吉段,,
HXN5,549,551,沈局吉段,,
HXN5,553,553,沈局吉段,,
HXN5,558,558,沈局吉段,,
HXN5,561,561,沈局吉段,,
HXN5,564,565,沈局吉段,,
HXN5,567,571,沈局吉段,,
HXN5,573,575,沈局吉段,,
HXN5,576,576,沈局梅段,,
HXN5,577,578,乌局乌段,,
HXN5,579,579,沈局吉段,,
HXN5,580,580,乌局乌段,,
HXN5,581,581,沈局吉段,,
HXN5,582,582,沈局梅段,,
HXN5,583,583,乌局乌段,,
HXN5,584,584,沈局吉段,,
HXN5,585,585,乌局乌段,,
HXN5,586,587,沈局吉段,,
HXN5,589,589,沈局吉段,,
HXN5,590,590,乌局乌段,,
HXN5,591,591,西局新段,,
HXN5,599,599,西局新段,,
HXN5,601,601,西局新段,,
HXN5,605,605,西局新段,,
HXN5,609,613,西局新段,,
HXN5,615,616,西局西段,,
HXN5,619,619,西局新段,,
HXN5,629,630,西局新段,,
HXN5,631,650,上局合段,,
HXN5,2001,2001,沈局梅段,,
HXN5,2002,2002,沈局白段,,
HXN5,2003,2004,沈局梅段,,
HXN5,2006,2008,沈局梅段,,
HXN5,2009,2009,沈局白段,,
HXN5,2010,2010,沈局梅段,,
HXN5,2011,2011,哈局齐段,,
HXN5,2012,2015,沈局梅段,,
HXN5,2016,2016,沈局白段,,
HXN5,2017,2018,沈局梅段,,
HXN5,2019,2019,沈局白段,,
HXN5,2020,2027,沈局梅段,,
HXN5,2029,2036,沈局梅段,,
HXN5,2037,2037,沈局白段,,
HXN5,2039,2039,沈局白段,,
HXN5,2040,2040,沈局梅段,,
HXN5,2041,2042,沈局白段,,
HXN5,2043,2043,沈局梅段,,
HXN5,2045,2047,沈局梅段,,
HXN5,2049,2050,沈局梅段,,
HXN5B,1,1,成局成段,,
HXN5B,3,14,成局成段,,
HXN5B,16,16,成局西段,,
HXN5B,17,17,金堂热电,,
HXN5B,20,20,成局成段,,
HXN5B,21,25,成局重段,,
HXN5B,27,28,成局重段,,
HXN5B,30,30,成局重段,,
HXN5B,31,33,西局新段,,
HXN5B,35,37,西局新段,,
HXN5B,41,41,西局新段,,
HXN5B,45,45,西局安段,,
HXN5B,47,47,西局安段,,
HXN5B,49,52,成局成段,,
HXN5B,53,56,成局重段,,
HXN5B,58,59,成局成段,,
HXN5B,61,62,成局成段,,
HXN5B,63,66,兰局兰段,,
HXN5B,69,70,兰局兰段,,
HXN5B,81,81,广铁株段,,
HXN5B,91,92,哈局哈段,,
HXN5B,94,94,哈局哈段,,
HXN5B,96,98,西局新段,,
HXN5B,100,100,西局新段,,
HXN5B,102,103,上局合段,,
HXN5B,105,105,上局合段,,
HXN5B,107,113,上局合段,,
HXN5B,115,116,乌局乌段,,
HXN5B,117,120,南局向段,,
HXN5B,123,124,南局福段,,
HXN5B,130,130,南局福段,,
HXN5B,133,133,南局福段,,
HXN5B,134,134,广铁怀段,,
HXN5B,136,142,广铁怀段,,
HXN5B,143,143,宁局柳段,,
HXN5B,145,145,宁局柳段,,
HXN5B,147,150,宁局柳段,,
HXN5B,153,157,宁局邕段,,
HXN5B,164,164,昆局昆段,,
HXN5B,169,169,兰局迎段,,
HXN5B,170,170,兰局嘉段,,
HXN5B,172,172,兰局嘉段,,
HXN5B,176,177,乌局乌段,,
HXN5B,179,180,乌局乌段,,
HXN5B,187,187,乌局乌段,,
HXN5B,191,191,乌局乌段,,
HXN5B,195,195,乌局乌段,,
HXN5B,196,196,太局太段,,
HXN5B,201,201,太局太段,,
HXN5B,203,203,昆局昆段,,
HXN5B,209,209,昆局昆段,,
HXN5B,214,219,京局石段,,
HXN5B,222,222,京局唐段,,
HXN5B,223,224,京局津段,,
HXN5B,225,225,京局邯段,,
HXN5B,226,226,西局新段,,
HXN5B,228,228,西局新段,,
HXN5B,230,230,广铁株段,,
HXN5B,245,245,京局邯段,,
HXN5B,246,246,哈局齐段,,
HXN5B,247,254,京局石段,,
HXN5B,256,256,京局石段,,
HXN5B,259,259,宁局邕段,,
HXN5B,261,261,宁局邕段,,
HXN5B,265,265,京局石段,,
HXN5B,266,266,京局津段,,
HXN5B,267,267,京局邯段,,
HXN5B,272,272,乌局乌段,,
HXN5B,275,275,广铁株段,,
HXN5B,277,277,宁局邕段,,
HXN5B,280,280,昆局昆段,,
HXN5B,283,283,昆局昆段,,
HXN5B,289,289,乌局乌段,,
HXN5B,291,293,昆局昆段,,
HXN5B,295,295,昆局昆段,,
HXN5B,297,297,西局新段,,
HXN5B,301,301,西局新段,,
HXN5B,306,310,上局宁东段,,
HXN5B,313,314,上局宁东段,,
HXN5B,316,318,宁局柳段,,
HXN5B,319,320,宁局邕段,,
HXN5B,322,323,成局重段,,
HXN5B,324,325,兰局兰段,,
HXN5B,327,328,兰局嘉段,,
HXN5B,329,330,乌局乌段,,
HXN5B,331,333,西局新段,,
HXN5B,340,340,上局宁东段,,
HXN5B,343,344,广铁长段,,
HXN5B,349,349,广铁广段,,
HXN5B,357,357,宁局柳段,,
HXN5B,358,358,成局西段,,
HXN5B,360,360,成局西段,,
HXN5B,362,362,兰局嘉段,,
HXN5B,367,367,乌局哈段,,
HXN5B,2001,2003,哈局齐段,,
HXN5B,2004,2006,乌局乌段,,
HXN5B,2007,2008,哈局牡段,,
HXN5B,3001,3001,淮南铁运,,
HXN5B,5003,5003,浩吉铁路,,
HXN5B,5006,5007,浩吉铁路,,
HXN5B,7002,7002,沿海公司,,
HXN5B,7005,7005,国家能源集团,,
HXN5B,7008,7008,大同地铁,,
HXN5B,7011,7014,沿海公司,,
ND5,1,2,上局宁东段,,
ND5,4,4,上局宁东段,,
ND5,6,6,上局宁东段,,
ND5,7,7,上局合段,,
ND5,8,10,上局宁东段,,
ND5,12,12,上局宁东段,,
ND5,14,14,上局合段,,
ND5,15,15,上局宁东段,,
ND5,16,16,沈局连段,,
ND5,18,18,上局宁东段,,
ND5,20,24,上局宁东段,,
ND5,25,25,上局合段,,
ND5,27,27,上局宁东段,,
ND5,30,30,上局宁东段,,
ND5,32,35,上局宁东段,,
ND5,36,36,上局合段,,
ND5,37,38,上局宁东段,,
ND5,41,41,上局宁东段,,
ND5,43,43,上局宁东段,,
ND5,45,45,上局宁东段,,
ND5,47,47,上局宁东段,,
ND5,49,49,沈局苏段,,
ND5,53,53,上局合段,,
ND5,54,54,上局宁东段,,
ND5,58,58,上局宁东段,,
ND5,62,62,上局合段,,
ND5,63,64,上局宁东段,,
ND5,68,68,上局宁东段,,
ND5,70,70,上局宁东段,,
ND5,72,73,上局宁东段,,
ND5,75,75,上局宁东段,,
ND5,77,78,上局宁东段,,
ND5,81,82,上局宁东段,,
ND5,84,86,上局宁东段,,
ND5,87,87,上局合段,,
ND5,89,90,上局宁东段,,
ND5,92,92,上局合段,,
ND5,94,94,上局宁东段,,
ND5,100,100,上局合段,,
ND5,101,101,上局宁东段,,
ND5,104,106,上局宁东段,,
ND5,110,110,上局宁东段,,
ND5,113,113,上局合段,,
ND5,117,117,上局宁东段,,
ND5,119,119,上局宁东段,,
ND5,122,122,沈局连段,,
ND5,127,129,上局宁东段,,
ND5,130,130,沈局连段,,
ND5,131,131,上局宁东段,,
ND5,134,134,上局宁东段,,
ND5,135,135,沈局苏段,,
ND5,136,136,上局宁东段,,
ND5,138,138,沈局苏段,,
ND5,139,141,上局宁东段,,
ND5,144,144,上局宁东段,,
ND5,147,147,上局宁东段,,
ND5,150,151,上局宁东段,,
ND5,154,154,上局宁东段,,
ND5,155,155,沈局连段,,
ND5,156,157,上局宁东段,,
ND5,160,160,济局西段,,
ND5,161,161,上局宁东段,,
ND5,164,164,上局合段,,
ND5,166,166,上局宁东段,,
ND5,169,172,上局宁东段,,
ND5,174,177,上局宁东段,,
ND5,178,178,上局合段,,
ND5,179,179,上局宁东段,,
ND5,182,182,上局宁东段,,
ND5,184,184,上局合段,,
ND5,185,185,上局宁东段,,
ND5,187,191,上局宁东段,,
ND5,194,197,上局宁东段,,
ND5,200,205,上局宁东段,,
ND5,206,206,济局西段,,
ND5,207,216,上局宁东段,,
ND5,219,220,上局宁东段,,
ND5,221,221,沈局连段,,
ND5,222,222,上局宁东段,,
ND5,223,223,沈局苏段,,
ND5,225,225,沈局连段,,
ND5,227,227,上局宁东段,,
ND5,228,228,上局合段,,
ND5,229,230,上局宁东段,,
ND5,232,232,上局合段,,
ND5,234,235,上局宁东段,,
ND5,236,236,上局合段,,
ND5,237,237,沈局连段,,
ND5,238,238,上局合段,,
ND5,239,239,沈局苏段,,
ND5,241,241,沈局连段,,
ND5,242,242,济局西段,,
ND5,245,245,沈局连段,,
ND5,249,249,上局合段,,
ND5,253,253,上局宁东段,,
ND5,255,255,上局合段,,
ND5,258,258,上局徐段,,
ND5,259,260,上局宁东段,,
ND5,261,261,沈局连段,,
ND5,265,265,上局宁东段,,
ND5,267,268,上局宁东段,,
ND5,270,271,上局宁东段,,
ND5,274,275,上局宁东段,,
ND5,278,280,上局宁东段,,
ND5,281,281,沈局连段,,
ND5,282,283,上局宁东段,,
ND5,286,286,上局合段,,
ND5,287,291,上局宁东段,,
ND5,292,292,沈局苏段,,
ND5,294,295,上局宁东段,,
ND5,296,296,沈局连段,,
ND5,297,297,上局宁东段,,
ND5,299,299,沈局苏段,,
ND5,302,302,沈局苏段,,
ND5,305,306,沈局连段,,
ND5,307,307,上局合段,,
ND5,309,309,上局宁东段,,
ND5,312,313,上局宁东段,,
ND5,314,314,上局合段,,
ND5,315,315,上局宁东段,,
ND5,316,316,沈局连段,,
ND5,317,322,上局宁东段,,
ND5,324,324,沈局连段,,
ND5,326,326,上局合段,,
ND5,329,329,上局合段,,
ND5,333,333,沈局连段,,
ND5,334,334,沈局苏段,,
ND5,335,335,上局宁东段,,
ND5,336,336,沈局连段,,
ND5,337,337,沈局苏段,,
ND5,338,339,上局宁东段,,
ND5,341,341,沈局苏段,,
ND5,342,342,上局宁东段,,
ND5,343,343,上局合段,,
ND5,344,344,上局宁东段,,
ND5,345,345,沈局苏段,,
ND5,347,350,上局宁东段,,
ND5,351,351,沈局苏段,,
ND5,354,354,上局宁东段,,
ND5,357,357,沈局连段,,
ND5,359,359,上局宁东段,,
ND5,364,364,沈局连段,,
ND5,365,365,上局宁东段,,
ND5,367,368,上局宁东段,,
ND5,370,371,上局宁东段,,
ND5,372,372,沈局苏段,,
ND5,373,375,上局宁东段,,
ND5,376,376,沈局连段,,
ND5,378,378,上局宁东段,,
ND5,380,380,上局宁东段,,
ND5,382,385,上局宁东段,,
ND5,386,386,沈局连段,,
ND5,388,388,上局合段,,
ND5,393,393,沈局连段,,
ND5,394,394,沈局苏段,,
ND5,398,398,沈局苏段,,
ND5,402,402,沈局连段,,
ND5,403,403,上局宁东段,,
ND5,405,405,上局宁东段,,
ND5,409,409,上局宁东段,,
ND5,410,410,沈局苏段,,
ND5,412,413,沈局连段,,
ND5,415,417,沈局连段,,
ND5,420,421,沈局苏段,,
ND5,422,422,铁博,,
NDJ3,1,4,京局怀段,,
NDJ3,6,7,京局怀段,,
NJ2,1,78,青藏格段,,
NZJ2,1,1,武局南段,,
SS3,1,2,呼局包段,,
SS3,3,3,兰局嘉段,,
SS3,5,5,兰局迎段,,
SS3,6,7,兰局嘉段,,
SS3,8,8,成局贵段,,
SS3,10,10,武局襄段,,
SS3,12,12,呼局包段,,
SS3,16,16,沿海公司,,
SS3,20,20,武局襄段,,
SS3,29,29,沿海公司,,
SS3,39,39,武局襄段,,
SS3,40,40,兰局兰段,,
SS3,42,42,郑局勉段,,
SS3,44,44,武局襄段,,
SS3,53,53,成局贵段,,
SS3,54,54,兰局兰段,,
SS3,64,64,南局南段,,
SS3,85,85,成局成段,,
SS3,98,100,沿海公司,,
SS3,102,102,沿海公司,,
SS3,103,103,太局湖段,,
SS3,110,110,沿海公司,,
SS3,114,114,成局重段,,
SS3,118,118,南局鹰段,,
SS3,129,129,成局成段,,
SS3,135,135,成局成段,,
SS3,136,136,成局贵段,,
SS3,143,143,沿海公司,,
SS3,145,145,广铁株段,,
SS3,146,146,武局襄段,,
SS3,149,149,武局襄段,,
SS3,152,152,武局襄段,,
SS3,160,160,武局襄段,,
SS3,173,173,沿海公司,,
SS3,187,187,成局成段,,
SS3,190,192,成局成段,,
SS3,195,195,昆局昆段,,
SS3,214,214,成局贵段,,
SS3,215,215,成局成段,,
SS3,217,217,沿海公司,,
SS3,219,219,沿海公司,,
SS3,221,221,成局成段,,
SS3,222,222,沿海公司,,
SS3,223,223,宁局邕段,,
SS3,228,228,成局贵段,,
SS3,236,236,武局襄段,,
SS3,246,246,兰局兰段,,
SS3,270,270,兰局兰段,,
SS3,292,292,成局重段,,
SS3,305,305,昆局昆段,,
SS3,308,308,昆局昆段,,
SS3,316,317,昆局昆段,,
SS3,319,319,成局贵段,,
SS3,334,334,乌局乌段,,
SS3,335,335,成局贵段,,
SS3,350,350,郑局勉段,,
SS3,353,353,成局重段,,
SS3,354,354,沿海公司,,
SS3,355,355,郑局勉段,,
SS3,360,360,兰局嘉段,,
SS3,376,376,宁局柳段,,
SS3,383,383,兰局兰段,,
SS3,411,411,兰局迎段,,
SS3,418,418,成局成段,,
SS3,439,439,宁局柳段,,
SS3,443,443,广铁怀段,,
SS3,445,448,沿海公司,,
SS3,451,451,成局贵段,,
SS3,461,461,宁局柳段,,
SS3,467,467,广铁株段,,
SS3,468,468,南局福段,,
SS3,475,475,沿海公司,,
SS3,496,496,武局江段,,
SS3,509,509,广铁株段,,
SS3,515,515,广铁怀段,,
SS3,518,518,沿海公司,,
SS3,523,523,武局江段,,
SS3,536,536,成局贵段,,
SS3,549,549,乌局乌段,,
SS3,550,550,兰局嘉段,,
SS3,559,559,乌局乌段,,
SS3,589,590,乌局乌段,,
SS3,596,596,郑局勉段,,
SS3,603,603,西局新段,,
SS3,608,608,沿海公司,,
SS3,612,613,沿海公司,,
SS3,617,617,广铁怀段,,
SS3,627,627,广铁怀段,,
SS3,631,631,广铁株段,,
SS3,632,632,广铁怀段,,
SS3,643,644,沿海公司,,
SS3,646,646,沿海公司,,
SS3,651,652,沿海公司,,
SS3,655,655,京局京段,,
SS3,670,670,西局新段,,
SS3,812,812,成局成段,,
SS3,4001,4002,成局西段,,
SS3,4003,4003,成局成段,,
SS3,4005,4005,成局西段,,
SS3,4006,4011,成局成段,,
SS3,4015,4016,成局成段,,
SS3,4017,4017,成局西段,,
SS3,4019,4020,成局成段,,
SS3,4021,4021,兰局嘉段,,
SS3,4023,4026,成局成段,,
SS3,4027,4027,南局福段,,
SS3,4031,4034,南局福段,,
SS3,4044,4045,南局福段,,
SS3,4047,4047,南局福段,,
SS3,4049,4049,南局福段,,
SS3,4052,4052,南局福段,,
SS3,4055,4055,南局福段,,
SS3,4056,4061,成局成段,,
SS3,4063,4075,成局成段,,
SS3,4076,4076,广铁怀段,,
SS3,4084,4084,成局重段,,
SS3,4085,4086,成局成段,,
SS3,4087,4087,兰局嘉段,,
SS3,4088,4092,成局成段,,
SS3,4094,4094,成局贵段,,
SS3,4095,4096,成局成段,,
SS3,4098,4098,成局成段,,
SS3,4100,4100,成局西段,,
SS3,4103,4103,南局福段,,
SS3,4106,4107,南局福段,,
SS3,4109,4109,南局福段,,
SS3,4111,4111,南局福段,,
SS3,4113,4114,南局福段,,
SS3,4120,4122,南局福段,,
SS3,4124,4124,南局福段,,
SS3,4136,4137,成局成段,,
SS3,4138,4139,成局贵段,,
SS3,4140,4143,成局成段,,
SS3,4144,4144,成局西段,,
SS3,4145,4145,成局成段,,
SS3,4147,4147,广铁怀段,,
SS3,4150,4150,广铁株段,,
SS3,4155,4155,广铁株段,,
SS3,4157,4159,广铁株段,,
SS3,4160,4161,沿海公司,,
SS3,4165,4165,成局贵段,,
SS3,4167,4167,广铁株段,,
SS3,4168,4169,宁局柳段,,
SS3,4172,4172,沿海公司,,
SS3,4174,4174,成局贵段,,
SS3,4177,4177,广铁株段,,
SS3,4178,4179,沿海公司,,
SS3,4181,4181,广铁株段,,
SS3,4184,4185,广铁怀段,,
SS3,4186,4187,成局贵段,,
SS3,4189,4190,成局成段,,
SS3,4191,4192,成局贵段,,
SS3,4194,4194,成局成段,,
SS3,4195,4195,成局贵段,,
SS3,4200,4200,兰局迎段,,
SS3,4205,4205,兰局兰段,,
SS3,4210,4210,兰局迎段,,
SS3,4212,4212,兰局迎段,,
SS3,4217,4218,兰局迎段,,
SS3,4224,4224,呼局集段,,
SS3,4226,4226,成局成段,,
SS3,4228,4229,成局贵段,,
SS3,4231,4232,成局贵段,,
SS3,4234,4234,成局贵段,,
SS3,4235,4235,成局重段,,
SS3,4236,4236,成局贵段,,
SS3,4237,4237,成局成段,,
SS3,4238,4238,成局重段,,
SS3,4240,4240,成局西段,,
SS3,4241,4242,成局贵段,,
SS3,4243,4243,成局重段,,
SS3,4244,4244,成局贵段,,
SS3,4245,4246,成局重段,,
SS3,4247,4247,成局贵段,,
SS3,4249,4249,成局贵段,,
SS3,4250,4251,成局重段,,
SS3,4252,4253,成局贵段,,
SS3,4254,4254,成局重段,,
SS3,4256,4256,成局重段,,
SS3,4257,4258,成局贵段,,
SS3,4259,4259,成局重段,,
SS3,4260,4264,成局贵段,,
SS3,4270,4270,昆局昆段,,
SS3,4272,4272,成局贵段,,
SS3,4274,4274,昆局昆段,,
SS3,4277,4279,广铁怀段,,
SS3,4283,4283,兰局迎段,,
SS3,4286,4287,成局重段,,
SS3,4289,4289,成局贵段,,
SS3,4290,4290,成局重段,,
SS3,4291,4291,成局西段,,
SS3,4292,4293,成局重段,,
SS3,4294,4294,呼局集段,,
SS3,4295,4295,成局重段,,
SS3,4299,4299,昆局昆段,,
SS3,4301,4301,成局贵段,,
SS3,4302,4302,成局成段,,
SS3,4303,4303,成局贵段,,
SS3,4304,4304,成局西段,,
SS3,4305,4306,兰局迎段,,
SS3,4312,4312,兰局迎段,,
SS3,4314,4314,兰局迎段,,
SS3,4316,4316,兰局迎段,,
SS3,4318,4318,兰局迎段,,
SS3,4319,4319,兰局兰段,,
SS3,4321,4321,兰局迎段,,
SS3,4325,4325,兰局迎段,,
SS3,4326,4330,成局西段,,
SS3,4332,4346,成局西段,,
SS3,4347,4347,呼局集段,,
SS3,4348,4348,成局西段,,
SS3,4349,4349,成局贵段,,
SS3,4350,4350,成局西段,,
SS3,4351,4351,成局成段,,
SS3,4352,4352,成局重段,,
SS3,4354,4354,成局西段,,
SS3,4356,4356,成局重段,,
SS3,4357,4357,成局贵段,,
SS3,4358,4358,成局重段,,
SS3,4359,4359,成局贵段,,
SS3,4360,4360,成局重段,,
SS3,4361,4362,成局成段,,
SS3,4363,4363,成局重段,,
SS3,4364,4364,成局西段,,
SS3,4365,4365,成局贵段,,
SS3,4366,4370,成局西段,,
SS3,4371,4372,成局成段,,
SS3,4373,4378,成局西段,,
SS3,4380,4380,成局重段,,
SS3,4381,4381,昆局昆段,,
SS3,4383,4383,昆局昆段,,
SS3,4386,4386,昆局昆段,,
SS3,4390,4390,昆局昆段,,
SS3,4397,4397,昆局昆段,,
SS3,4402,4402,昆局昆段,,
SS3,4406,4406,昆局昆段,,
SS3,4409,4412,昆局昆段,,
SS3,4414,4414,昆局昆段,,
SS3,4417,4418,昆局昆段,,
SS3,4420,4420,兰局迎段,,
SS3,4421,4422,南局福段,,
SS3,4424,4431,南局福段,,
SS3,4432,4432,兰局迎段,,
SS3,4433,4433,成局西段,,
SS3,4434,4435,呼局集段,,
SS3,4436,4437,兰局迎段,,
SS3,4438,4439,成局西段,,
SS3,4440,4440,兰局兰段,,
SS3,4441,4441,兰局迎段,,
SS3,4442,4442,郑局洛段,,
SS3,4444,4444,兰局迎段,,
SS3,4445,4447,呼局集段,,
SS3,4448,4448,兰局迎段,,
SS3,4449,4449,呼局集段,,
SS3,4450,4450,兰局迎段,,
SS3,4451,4451,成局贵段,,
SS3,4454,4454,呼局集段,,
SS3,4455,4455,兰局迎段,,
SS3,4460,4460,呼局集段,,
SS3,4461,4461,兰局迎段,,
SS3,4462,4465,呼局集段,,
SS3,4466,4466,兰局兰段,,
SS3,4467,4468,西局安段,,
SS3,4469,4469,兰局嘉段,,
SS3,4470,4470,兰局迎段,,
SS3,4471,4472,呼局集段,,
SS3,4473,4473,兰局兰段,,
SS3,4474,4474,兰局迎段,,
SS3,4475,4475,兰局兰段,,
SS3,4476,4476,成局西段,,
SS3,4477,4477,成局成段,,
SS3,4478,4479,成局西段,,
SS3,4481,4481,兰局迎段,,
SS3,4482,4492,昆局昆段,,
SS3,4493,4493,太局太段,,
SS3,4495,4495,成局成段,,
SS3,4496,4497,成局西段,,
SS3,4498,4498,成局成段,,
SS3,4499,4499,成局西段,,
SS3,4500,4506,成局贵段,,
SS3,4507,4507,成局西段,,
SS3,4508,4508,成局贵段,,
SS3,4509,4509,成局西段,,
SS3,4510,4512,成局贵段,,
SS3,4514,4514,昆局昆段,,
SS3,4516,4517,昆局昆段,,
SS3,4519,4521,昆局昆段,,
SS3,4523,4524,昆局昆段,,
SS3,4526,4527,成局西段,,
SS3,4529,4529,成局西段,,
SS3,4531,4531,成局贵段,,
SS3,4533,4533,成局贵段,,
SS3,4534,4534,成局西段,,
SS3,4535,4537,成局成段,,
SS3,4538,4538,成局贵段,,
SS3,4539,4539,成局西段,,
SS3,4540,4540,成局重段,,
SS3,4541,4550,昆局昆段,,
SS3,5029,5029,昆局昆段,,
SS3,5030,5030,成局贵段,,
SS3,5032,5032,昆局昆段,,
SS3,5034,5035,兰局迎段,,
SS3,5037,5038,兰局迎段,,
SS3,5042,5042,兰局兰段,,
SS3,5044,5044,呼局集段,,
SS3,5046,5046,兰局迎段,,
SS3,5047,5047,呼局集段,,
SS3,5053,5053,兰局兰段,,
SS3,5056,5056,兰局嘉段,,
SS3,5059,5061,成局成段,,
SS3,5062,5062,成局西段,,
SS3,5063,5067,成局成段,,
SS3,5068,5070,广铁怀段,,
SS3,5073,5074,广铁怀段,,
SS3,5076,5077,广铁怀段,,
SS3,5079,5080,广铁怀段,,
SS3,5081,5081,广铁株段,,
SS3,5083,5083,成局成段,,
SS3,5086,5086,成局重段,,
SS3,5087,5088,成局成段,,
SS3,5090,5093,成局贵段,,
SS3,5094,5094,成局成段,,
SS3,5096,5100,成局贵段,,
SS3,5106,5106,成局贵段,,
SS3,5107,5107,成局成段,,
SS3,5108,5110,成局重段,,
SS3,5111,5111,成局成段,,
SS3,5112,5112,成局贵段,,
SS3,5113,5113,成局成段,,
SS3,5115,5115,成局重段,,
SS3,5117,5117,成局重段,,
SS3,5118,5119,成局西段,,
SS3,5121,5123,成局西段,,
SS3,5124,5124,成局成段,,
SS3,5125,5125,成局西段,,
SS3,5126,5126,兰局迎段,,
SS3,5127,5127,兰局兰段,,
SS3,5129,5129,兰局迎段,,
SS3,5131,5131,成局贵段,,
SS3,5132,5132,成局成段,,
SS3,5133,5133,成局西段,,
SS3,5134,5134,成局贵段,,
SS3,5135,5135,成局西段,,
SS3,5136,5136,成局贵段,,
SS3,5137,5137,成局西段,,
SS3,5139,5140,成局西段,,
SS3,5141,5141,成局成段,,
SS3,5142,5146,成局西段,,
SS3,5147,5149,成局贵段,,
SS3,5150,5151,成局西段,,
SS3,5152,5152,沿海公司,,
SS3,5153,5153,兰局迎段,,
SS3,5156,5156,宁局柳段,,
SS3,5161,5161,昆局昆段,,
SS3,5163,5164,成局成段,,
SS3,5166,5166,成局重段,,
SS3,5168,5168,成局贵段,,
SS3,5169,5170,成局成段,,
SS3,5171,5172,成局西段,,
SS3,5173,5173,成局成段,,
SS3,5174,5174,成局西段,,
SS3,5175,5176,成局成段,,
SS3,5177,5177,成局西段,,
SS3,5178,5179,成局成段,,
SS3,5180,5180,成局贵段,,
SS3,5181,5181,成局成段,,
SS3,5182,5182,成局西段,,
SS3,5183,5183,成局贵段,,
SS3,5184,5185,成局成段,,
SS3,5186,5186,成局西段,,
SS3,5187,5187,成局成段,,
SS3,5188,5188,成局西段,,
SS3,5189,5190,成局成段,,
SS3,5191,5191,成局西段,,
SS3,5192,5192,成局成段,,
SS3,5193,5193,成局西段,,
SS3,5194,5194,成局成段,,
SS3,5195,5195,成局贵段,,
SS3,5196,5197,成局西段,,
SS3,5198,5198,成局成段,,
SS3,5199,5199,成局西段,,
SS3,5201,5201,成局成段,,
SS3,5202,5204,成局西段,,
SS3,5205,5206,成局成段,,
SS3,5207,5207,成局西段,,
SS3,5208,5208,成局成段,,
SS3,5209,5209,呼局集段,,
SS3,5212,5213,兰局迎段,,
SS3,5220,5220,呼局集段,,
SS3,5221,5221,兰局嘉段,,
SS3,5222,5222,呼局集段,,
SS3,5224,5224,呼局集段,,
SS3,5226,5226,呼局集段,,
SS3,5228,5228,呼局集段,,
SS3,5230,5232,昆局昆段,,
SS3,5233,5233,成局贵段,,
SS3,5234,5235,成局西段,,
SS3,5236,5237,成局贵段,,
SS3,5238,5238,成局成段,,
SS3,5239,5240,成局西段,,
SS3,5241,5251,成局贵段,,
SS3,6008,6008,郑局勉段,,
SS3,6011,6011,西局安段,,
SS3,6015,6015,郑局勉段,,
SS3,6018,6020,沿海公司,,
SS3,6022,6022,沿海公司,,
SS3,6024,6024,宁局邕段,,
SS3,6027,6027,京局京段,,
SS3,6029,6030,沿海公司,,
SS3,6031,6031,广铁株段,,
SS3,6036,6036,京局京段,,
SS3,6044,6044,京局京段,,
SS3,6051,6051,沿海公司,,
SS3,6056,6056,京局京段,,
SS3,6057,6057,沿海公司,,
SS3,6058,6058,广铁怀段,,
SS3,6062,6062,宁局柳段,,
SS3,6064,6064,成局贵段,,
SS3,6069,6069,宁局柳段,,
SS3,6073,6073,沿海公司,,
SS3,6088,6088,京局京段,,
SS3,8001,8002,沿海公司,,
SS3,8003,8005,成局贵段,,
SS3,8006,8006,成局西段,,
SS3,8007,8008,成局贵段,,
SS3,8009,8009,成局西段,,
SS3,8010,8011,成局贵段,,
SS3,8012,8015,成局西段,,
SS3,8016,8027,昆局昆段,,
SS3,8028,8028,成局贵段,,
SS3,8029,8030,成局西段,,
SS3,8031,8032,成局贵段,,
SS3,8033,8033,成局西段,,
SS3,8034,8039,成局贵段,,
SS3,8040,8040,成局西段,,
SS3,8041,8042,成局贵段,,
SS3,8043,8043,成局重段,,
SS3,8044,8044,成局贵段,,
SS3,8045,8047,成局西段,,
SS3,8048,8054,成局重段,,
SS3,8055,8055,成局西段,,
SS3,8056,8057,成局重段,,
SS3B,1,11,成局贵段,,
SS3B,13,14,昆局昆段,,
SS3B,15,15,成局贵段,,
SS3B,16,17,昆局昆段,,
SS3B,18,20,成局贵段,,
SS3B,21,21,昆局昆段,,
SS3B,22,22,成局贵段,,
SS3B,24,24,昆局昆段,,
SS3B,25,25,成局贵段,,
SS3B,26,27,昆局昆段,,
SS3B,29,29,成局贵段,,
SS3B,31,35,成局贵段,,
SS3B,37,44,成局贵段,,
SS3B,45,47,昆局昆段,,
SS3B,48,48,成局贵段,,
SS3B,50,51,昆局昆段,,
SS3B,52,60,成局贵段,,
SS3B,62,68,成局贵段,,
SS3B,69,69,宁局柳段,,
SS3B,71,71,成局贵段,,
SS3B,73,73,成局贵段,,
SS3B,74,76,昆局昆段,,
SS3B,77,77,成局贵段,,
SS3B,78,79,昆局昆段,,
SS3B,80,80,成局贵段,,
SS3B,81,82,昆局昆段,,
SS3B,83,85,成局贵段,,
SS3B,87,87,成局贵段,,
SS3B,88,90,昆局昆段,,
SS3B,91,94,成局贵段,,
SS3B,95,95,郑局洛段,,
SS3B,96,96,成局贵段,,
SS3B,98,103,昆局昆段,,
SS3B,118,118,东乌铁路,,
SS3B,122,122,三新铁路,,
SS3B,5001,5011,成局贵段,,
SS3B,5013,5019,成局贵段,,
SS3B,5020,5025,昆局昆段,,
SS3B,5028,5033,昆局昆段,,
SS3B,5035,5035,昆局昆段,,
SS3B,5037,5048,宁局柳段,,
SS3B,5050,5061,宁局柳段,,
SS3B,5062,5062,成局贵段,,
SS3B,5063,5063,昆局昆段,,
SS3B,5064,5068,成局贵段,,
SS3B,5069,5069,昆局昆段,,
SS3B,5070,5071,成局贵段,,
SS3B,5073,5075,昆局昆段,,
SS3B,5076,5076,成局贵段,,
SS3B,5077,5077,昆局昆段,,
SS3B,5078,5081,成局贵段,,
SS3B,5082,5083,昆局昆段,,
SS3B,5084,5086,成局贵段,,
SS3B,5088,5088,成局贵段,,
SS3B,5089,5091,昆局昆段,,
SS3B,5092,5095,成局贵段,,
SS3B,5096,5096,昆局昆段,,
SS3B,5097,5097,成局贵段,,
SS3B,5098,5100,昆局昆段,,
SS3B,5101,5102,成局贵段,,
SS3B,5103,5103,昆局昆段,,
SS3B,6001,6010,昆局昆段,,
SS3B,6011,6018,成局贵段,,
SS3B,6019,6020,昆局昆段,,
SS3B,6022,6023,昆局昆段,,
SS3B,6024,6024,西局安段,,
SS3B,6025,6032,成局贵段,,
SS3B,6033,6033,宁局柳段,,
SS3B,6034,6034,成局贵段,,
SS3B,6035,6035,宁局柳段,,
SS3B,6036,6036,昆局昆段,,
SS3B,6037,6037,广铁怀段,,
SS3B,6039,6039,广铁怀段,,
SS3B,6040,6040,昆局昆段,,
SS3B,6041,6041,广铁怀段,,
SS3B,6043,6044,昆局昆段,,
SS3B,6047,6048,昆局昆段,,
SS3B,6049,6050,成局贵段,,
SS3B,6051,6055,宁局柳段,,
SS3B,6056,6057,成局贵段,,
SS3B,6059,6060,成局贵段,,
SS3B,6062,6062,昆局昆段,,
SS3B,6063,6065,成局贵段,,
SS3B,6067,6072,成局贵段,,
SS3B,6073,6074,昆局昆段,,
SS3B,6075,6078,成局贵段,,
SS3B,6079,6083,宁局柳段,,
SS3B,6085,6086,昆局昆段,,
SS3B,6087,6087,成局贵段,,
SS3B,6088,6088,昆局昆段,,
SS3B,6089,6090,成局贵段,,
SS3B,6091,6091,昆局昆段,,
SS3B,6093,6095,昆局昆段,,
SS3B,6096,6096,成局贵段,,
SS3B,6097,6097,昆局昆段,,
SS3B,6098,6101,成局贵段,,
SS3B,6103,6103,成局贵段,,
SS3B,6104,6107,昆局昆段,,
SS3B,6109,6109,昆局昆段,,
SS3B,6110,6110,广铁怀段,,
SS3B,6111,6119,成局贵段,,
SS3B,6120,6120,昆局昆段,,
SS3B,6123,6123,昆局昆段,,
SS3B,6125,6125,昆局昆段,,
SS3B,6127,6127,昆局昆段,,
SS3B,6173,6173,成局贵段,,
SS3B,7001,7001,西局安段,,
SS3C,1,1,成局贵段,,
SS4C,1,2,京局石段,,
SS5,1,2,郑局郑段,,
SS6,1,1,郑局乡段,,
SS6,3,4,郑局乡段,,
SS6,5,5,郑局洛段,,
SS6,6,6,郑局乡段,,
SS6,12,14,郑局洛段,,
SS6,15,15,郑局乡段,,
SS6,16,19,郑局洛段,,
SS6,21,22,郑局洛段,,
SS6,25,26,郑局洛段,,
SS6,29,34,郑局洛段,,
SS6,36,38,郑局洛段,,
SS6,40,40,郑局郑段,,
SS6,41,41,郑局洛段,,
SS6,43,45,郑局洛段,,
SS6B,1001,1009,西局西段,,
SS6B,1011,1024,西局西段,,
SS6B,1027,1027,广铁株段,,
SS6B,1028,1029,武局襄段,,
SS6B,1030,1033,广铁株段,,
SS6B,1035,1035,广铁株段,,
SS6B,1039,1040,武局襄段,,
SS6B,1042,1042,武局襄段,,
SS6B,1043,1043,广铁株段,,
SS6B,1047,1048,广铁株段,,
SS6B,1049,1049,武局襄段,,
SS6B,1051,1052,广铁株段,,
SS6B,1053,1053,武局襄段,,
SS6B,1054,1054,广铁株段,,
SS6B,1055,1056,武局襄段,,
SS6B,1058,1058,武局襄段,,
SS6B,1059,1059,广铁株段,,
SS6B,1060,1069,武局襄段,,
SS6B,1070,1070,广铁株段,,
SS6B,1071,1071,武局襄段,,
SS6B,1074,1080,武局襄段,,
SS6B,1082,1095,武局襄段,,
SS6B,1097,1123,武局襄段,,
SS6B,1125,1127,武局襄段,,
SS6B,1128,1128,漯阜铁路,,
SS6B,1129,1143,武局襄段,,
SS6B,1145,1146,武局襄段,,
SS6B,1164,1164,武局襄段,,
SS6B,6001,6002,广铁株段,,
SS6B,6003,6003,武局襄段,,
SS6B,6004,6004,广铁株段,,
SS6B,6006,6006,武局襄段,,
SS6B,6007,6011,广铁株段,,
SS6B,6012,6013,武局襄段,,
SS6B,6017,6017,广铁株段,,
SS6B,6019,6019,广铁株段,,
SS6B,6020,6021,武局襄段,,
SS6B,6023,6023,武局襄段,,
SS6B,6025,6030,武局襄段,,
SS6B,6031,6031,广铁株段,,
SS6B,6032,6034,武局襄段,,
SS6B,6036,6039,武局襄段,,
SS6B,6041,6041,武局襄段,,
SS6B,6042,6042,广铁株段,,
SS6B,6043,6045,武局襄段,,
SS6B,6047,6049,武局襄段,,
SS6B,6050,6050,广铁株段,,
SS6B,6051,6052,漯阜铁路,,
SS6B,6053,6053,武局襄段,,
SS7,1,111,宁局柳段,,
SS7,112,113,孝柳铁路,,
SS7B,1,1,宁局邕段,,
SS7B,2,2,宁局柳段,,
SS7C,1,1,成局重段,,
SS7C,2,2,西局西段,,
SS7C,3,3,成局重段,,
SS7C,4,5,西局安段,,
SS7C,6,9,成局重段,,
SS7C,10,10,兰局迎段,,
SS7C,11,11,西局安段,,
SS7C,12,12,西局西段,,
SS7C,13,13,成局重段,,
SS7C,14,16,西局西段,,
SS7C,17,17,成局重段,,
SS7C,18,18,西局西段,,
SS7C,19,21,兰局迎段,,
SS7C,22,22,成局重段,,
SS7C,24,31,兰局迎段,,
SS7C,32,34,成局重段,,
SS7C,36,36,成局重段,,
SS7C,37,37,广铁株段,,
SS7C,38,39,成局重段,,
SS7C,40,40,西局西段,,
SS7C,42,42,西局西段,,
SS7C,43,43,成局重段,,
SS7C,44,44,兰局兰段,,
SS7C,45,45,成局重段,,
SS7C,46,48,兰局迎段,,
SS7C,49,49,成局重段,,
SS7C,51,52,西局西段,,
SS7C,53,53,兰局迎段,,
SS7C,54,54,成局重段,,
SS7C,55,55,西局安段,,
SS7C,56,56,兰局迎段,,
SS7C,57,58,西局安段,,
SS7C,59,59,兰局迎段,,
SS7C,60,60,西局西段,,
SS7C,61,62,兰局迎段,,
SS7C,63,67,成局重段,,
SS7C,68,68,兰局迎段,,
SS7C,69,73,西局西段,,
SS7C,74,75,西局安段,,
SS7C,76,81,成局重段,,
SS7C,82,82,西局西段,,
SS7C,83,83,成局重段,,
SS7C,84,84,兰局迎段,,
SS7C,85,85,成局重段,,
SS7C,86,86,西局西段,,
SS7C,87,87,成局重段,,
SS7C,88,89,兰局迎段,,
SS7C,90,90,广铁株段,,
SS7C,91,91,西局西段,,
SS7C,92,96,成局重段,,
SS7C,97,98,兰局迎段,,
SS7C,99,99,广铁株段,,
SS7C,100,100,成局重段,,
SS7C,101,101,兰局迎段,,
SS7C,102,103,兰局兰段,,
SS7C,104,104,广铁株段,,
SS7C,105,105,西局安段,,
SS7C,106,106,西局西段,,
SS7C,107,107,兰局迎段,,
SS7C,108,108,西局安段,,
SS7C,109,109,西局西段,,
SS7C,110,110,成局重段,,
SS7C,111,113,兰局迎段,,
SS7C,114,114,西局西段,,
SS7C,115,115,成局重段,,
SS7C,117,117,西局西段,,
SS7C,118,119,兰局迎段,,
SS7C,120,120,昆局昆段,,
SS7C,121,123,兰局迎段,,
SS7C,124,124,昆局昆段,,
SS7C,126,126,西局西段,,
SS7C,127,127,昆局昆段,,
SS7C,128,129,兰局迎段,,
SS7C,130,130,西局西段,,
SS7C,131,131,昆局昆段,,
SS7C,132,133,西局西段,,
SS7C,134,134,西局安段,,
SS7C,135,135,成局重段,,
SS7C,136,136,武局襄段,,
SS7C,137,140,成局重段,,
SS7C,141,141,西局西段,,
SS7C,142,142,成局重段,,
SS7C,143,143,西局安段,,
SS7C,144,148,成局重段,,
SS7C,149,149,兰局迎段,,
SS7C,150,152,成局重段,,
SS7C,154,154,成局重段,,
SS7C,156,156,广铁株段,,
SS7C,161,161,成局重段,,
SS7C,162,162,昆局昆段,,
SS7C,165,165,昆局昆段,,
SS7C,167,167,成局重段,,
SS7C,168,168,兰局迎段,,
SS7C,169,170,成局重段,,
SS7C,171,171,西局西段,,
SS7D,1,58,西局西段,,
SS7D,631,631,西局西段,,
SS7E,1,27,兰局兰段,,
SS7E,28,28,兰局迎段,,
SS7E,29,127,兰局兰段,,
SS7E,128,128,济局济段,,
SS7E,129,138,兰局兰段,,
SS7E,139,139,兰局迎段,,
SS7E,140,140,兰局兰段,,
SS7E,6001,6002,昆局昆段,,
SS7E,7001,7004,兰局兰段,,
SS8,1,2,广铁广段,,
SS8,3,4,上局沪段,,
SS8,5,16,郑局郑段,,
SS8,17,17,上局沪段,,
SS8,18,18,郑局郑段,,
SS8,19,19,京局邯段,,
SS8,20,32,郑局郑段,,
SS8,33,35,上局沪段,,
SS8,36,37,郑局郑段,,
SS8,38,40,上局沪段,,
SS8,41,42,京局邯段,,
SS8,43,43,郑局郑段,,
SS8,44,44,京局邯段,,
SS8,45,45,郑局郑段,,
SS8,46,47,上局沪段,,
SS8,48,48,京局邯段,,
SS8,49,50,南局福段,,
SS8,51,51,京局邯段,,
SS8,52,52,上局沪段,,
SS8,53,53,京局京段,,
SS8,54,55,南局南段,,
SS8,56,57,京局邯段,,
SS8,58,59,上局沪段,,
SS8,60,60,京局邯段,,
SS8,61,61,京局京段,,
SS8,62,62,京局邯段,,
SS8,63,64,广铁广段,,
SS8,66,66,广铁广段,,
SS8,68,68,上局沪段,,
SS8,69,69,京局邯段,,
SS8,71,71,京局京段,,
SS8,72,74,京局邯段,,
SS8,75,76,广铁广段,,
SS8,77,78,京局邯段,,
SS8,79,79,京局京段,,
SS8,80,81,京局邯段,,
SS8,82,82,上局沪段,,
SS8,83,84,郑局郑段,,
SS8,85,85,京局邯段,,
SS8,86,87,上局沪段,,
SS8,88,103,郑局郑段,,
SS8,104,105,京局邯段,,
SS8,106,106,京局京段,,
SS8,107,107,京局邯段,,
SS8,109,109,京局京段,,
SS8,110,115,南局福段,,
SS8,117,117,南局福段,,
SS8,118,119,京局邯段,,
SS8,120,120,广铁广段,,
SS8,121,126,京局邯段,,
SS8,127,128,郑局郑段,,
SS8,129,130,南局福段,,
SS8,131,132,广铁长段,,
SS8,134,134,广铁长段,,
SS8,135,135,广铁广段,,
SS8,136,136,广铁长段,,
SS8,137,138,广铁广段,,
SS8,139,139,广铁长段,,
SS8,140,143,广铁广段,,
SS8,144,144,广铁长段,,
SS8,145,158,广铁广段,,
SS8,159,159,广铁长段,,
SS8,160,163,广铁广段,,
SS8,164,164,广铁长段,,
SS8,165,166,广铁广段,,
SS8,167,168,广铁长段,,
SS8,169,170,广铁广段,,
SS8,171,171,上局沪段,,
SS8,172,172,郑局郑段,,
SS8,173,174,广铁广段,,
SS8,175,175,上局沪段,,
SS8,176,178,广铁广段,,
SS8,179,179,上局沪段,,
SS8,180,180,广铁长段,,
SS8,181,193,广铁广段,,
SS8,194,196,上局沪段,,
SS8,197,197,郑局郑段,,
SS8,198,199,广铁长段,,
SS8,200,204,上局沪段,,
SS8,205,205,广铁长段,,
SS8,206,206,上局沪段,,
SS8,207,209,广铁长段,,
SS8,210,210,上局沪段,,
SS8,211,211,广铁长段,,
SS8,212,212,上局沪段,,
SS8,213,213,广铁长段,,
SS8,214,214,郑局郑段,,
SS8,215,227,广铁长段,,
SS8,229,232,广铁长段,,
SS8,233,233,上局沪段,,
SS8,234,243,广铁长段,,
SS8,2001,2002,上局沪段,,
SS9,1,3,上局沪段,,
SS9,4,6,沈局沈段,,
SS9,7,7,上局沪段,,
SS9,8,11,沈局沈段,,
SS9,12,12,上局沪段,,
SS9,13,14,沈局辽段,,
SS9,15,21,沈局沈段,,
SS9,22,22,上局沪段,,
SS9,23,28,沈局沈段,,
SS9,29,38,沈局辽段,,
SS9,39,40,沈局沈段,,
SS9,42,42,上局沪段,,
SS9,43,43,沈局沈段,,
SS9,44,51,京局京段,,
SS9,52,52,沈局辽段,,
SS9,53,53,京局京段,,
SS9,54,77,沈局辽段,,
SS9,78,78,沈局沈段,,
SS9,79,79,沈局辽段,,
SS9,80,80,沈局沈段,,
SS9,81,81,上局沪段,,
SS9,82,88,沈局沈段,,
SS9,90,91,沈局沈段,,
SS9,92,101,广铁广段,,
SS9,102,105,沈局辽段,,
SS9,106,106,沈局沈段,,
SS9,108,108,沈局辽段,,
SS9,109,109,沈局沈段,,
SS9,110,110,沈局辽段,,
SS9,111,112,沈局沈段,,
SS9,113,113,京局京段,,
SS9,114,114,沈局沈段,,
SS9,115,115,京局京段,,
SS9,116,121,沈局沈段,,
SS9,122,122,上局沪段,,
SS9,123,125,京局京段,,
SS9,126,126,沈局沈段,,
SS9,127,127,京局京段,,
SS9,128,128,武局南段,,
SS9,129,129,沈局沈段,,
SS9,130,132,武局南段,,
SS9,133,133,京局京段,,
SS9,134,134,武局南段,,
SS9,135,136,沈局沈段,,
SS9,137,137,京局京段,,
SS9,138,139,武局南段,,
SS9,140,140,沈局沈段,,
SS9,141,142,京局京段,,
SS9,143,143,武局南段,,
SS9,144,144,沈局沈段,,
SS9,145,149,京局京段,,
SS9,150,154,广铁广段,,
SS9,155,155,上局沪段,,
SS9,156,156,京局京段,,
SS9,157,158,武局南段,,
SS9,159,160,上局沪段,,
SS9,161,162,沈局沈段,,
SS9,163,173,上局沪段,,
SS9,174,187,京局京段,,
SS9,188,189,沈局沈段,,
SS9,190,194,武局南段,,
SS9,195,195,上局沪段,,
SS9,196,198,广铁广段,,
SS9,199,203,沈局沈段,,
SS9,204,204,上局沪段,,
SS9,205,207,沈局沈段,,
SS9,208,208,上局沪段,,
SS9,209,212,沈局沈段,,
SS9,213,213,上局沪段,,
SSJ3,1,1,沈局苏段,,
东风10F,1,2,京局京段,,
东风10F,2001,2004,京局京段,,
东风11,1898,1898,上局徐段,,
东风11,8001,8001,吉林铁院,,
东风11G,43,44,沈局吉段,,
东风11G,47,48,哈局佳段,,
东风11G,111,112,沈局吉段,,
东风11G,145,145,乌局库段,,
东风11G,149,149,广铁广段,,
东风11G,154,155,沈局吉段,,
东风11G,171,171,广铁广段,,
东风11G,176,176,沈局梅段,,
东风11G,191,192,沈局吉段,,
东风11G,195,197,沈局梅段,,
东风11G,201,202,乌局库段,,
东风11G,215,215,沈局梅段,,
东风11G,217,217,沈局梅段,,
东风12,1,1,广铁怀段,,
东风12,4,4,广铁广段,,
东风12,5,5,广铁怀段,,
东风12,8,9,乌局哈段,,
东风12,12,12,乌局哈段,,
东风12,17,17,广铁株段,,
东风12,21,21,广铁株段,,
东风12,26,28,广铁广段,,
东风12,29,29,成局成段,,
东风12,31,31,成局成段,,
东风12,37,38,金温温段,,
东风12,39,39,广铁怀段,,
东风12,41,41,广铁株段,,
东风12,48,48,广铁怀段,,
东风12,49,51,广铁广段,,
东风12,55,55,乌局乌段,,
东风12,56,56,江泉铁路,,
东风12,70,71,神华集团,,
东风12,73,73,太钢,,
东风12,74,75,鄂州球团,,
东风12,78,78,徐矿铁路,,
东风12,79,80,徐沛铁路,,
东风12,82,82,,,
东风12,84,84,,,
东风12,87,87,中铁十五局,,
东风12,98,98,开滦股份,,
东风12,103,103,大宋铁路,,
东风12,112,112,神华集团,,
东风12,116,116,鄂州球团,,
东风12,118,118,广铁广段,,
东风12,129,129,京局津段,,
东风12,134,134,中铁十五局,,
东风12,146,146,暂无,,
东风12,150,150,京局丰段,,
东风12,153,153,乌局乌段,,
东风12,178,178,青岛港,,
东风12,182,182,郑局洛段,,
东风12,190,190,柳州铁运,,
东风12,208,208,太局太段,,
东风12,222,222,,,
东风12,226,226,齐鲁石化,,
东风12,230,230,,,
东风12,268,268,宜昌港务,,
东风12,287,287,梁邹公司,,
东风12,306,306,哈局三段,,
东风12,307,307,米东石化,,
东风12,325,325,广州港,,
东风12,339,339,广州港,,
东风12,348,348,广州港,,
东风5D,1,3,广铁广段,,
东风5D,5,8,广铁广段,,
东风5D,12,12,沿海公司,,
东风5D,16,16,韶关凡口矿,,
东风5D,53,53,韶关凡口矿,,
东风5D,59,59,大庆石化,,
东风5D,67,68,阜新矿,,
东风5D,85,85,徐州港,,
东风5D,89,89,阜新矿,,
东风5D,96,96,宁夏石化,,
东风7D,5,5,成局贵段,,
东风7D,10,11,宁局柳段,,
东风7D,66,66,成局贵段,,
东风7D,77,77,成局贵段,,
东风7D,93,94,成局贵段,,
东风7D,99,99,成局贵段,,
东风7D,105,105,成局贵段,,
东风7D,120,120,成局贵段,,
东风7D,124,124,成局贵段,,
东风7G,1,3,济局青段,,
东风7G,10,11,上局沪段,,
东风7G,12,13,宁局柳段,,
东风7G,14,15,成局贵段,,
东风7G,16,16,成局重段,,
东风7G,18,18,南局向段,,
东风7G,19,20,郑局郑段,,
东风7G,23,23,郑局郑段,,
东风7G,24,25,济局济段,,
东风7G,26,30,上局沪段,,
东风7G,31,35,郑局郑段,,
东风7G,36,40,上局沪段,,
东风7G,46,46,南局福段,,
东风7G,48,48,南局福段,,
东风7G,50,51,昆局昆段,,
东风7G,53,53,昆局昆段,,
东风7G,54,54,济局青段,,
东风7G,57,59,上局沪段,,
东风7G,62,62,广铁株段,,
东风7G,66,66,上局沪段,,
东风7G,67,67,济局西段,,
东风7G,68,68,济局济段,,
东风7G,69,70,上局沪段,,
东风7G,72,73,上局沪段,,
东风7G,74,75,宁局柳段,,
东风7G,76,77,南局福段,,
东风7G,82,84,广铁株段,,
东风7G,85,85,成局贵段,,
东风7G,95,95,包钢集团,,
东风7G,107,107,秦皇岛港,,
东风7G,108,108,包钢集团,,
东风7G,110,110,茂名石化,,
东风7G,121,121,金温温段,,
东风7G,128,128,龙潭铁路,,
东风7G,136,136,首钢,,
东风7G,138,138,荣程联合,,
东风7G,666,666,宝武集团,,
东风7G,5001,5002,哈局齐段,,
东风7G,5005,5005,哈局齐段,,
东风7G,5007,5007,青藏宁段,,
东风7G,5009,5009,沈局苏段,,
东风7G,5010,5010,沈局吉段,,
东风7G,5011,5012,京局京段,,
东风7G,5013,5013,京局怀段,,
东风7G,5014,5015,京局京段,,
东风7G,5017,5018,济局济段,,
东风7G,5019,5019,沈局苏段,,
东风7G,5021,5022,沈局连段,,
东风7G,5024,5026,广铁株段,,
东风7G,5028,5029,成局成段,,
东风7G,5031,5031,成局重段,,
东风7G,5032,5032,成局贵段,,
东风7G,5033,5037,京局京段,,
东风7G,5038,5039,宁局邕段,,
东风7G,5040,5042,兰局兰段,,
东风7G,5045,5045,昆局昆段,,
东风7G,5048,5049,南局向段,,
东风7G,5055,5055,南局福段,,
东风7G,5056,5056,成局贵段,,
东风7G,5057,5058,成局成段,,
东风7G,5060,5061,哈局齐段,,
东风7G,5063,5063,沈局连段,,
东风7G,5064,5064,沈局苏段,,
东风7G,5066,5066,京局京段,,
东风7G,5067,5067,京局石段,,
东风7G,5068,5069,京局京段,,
东风7G,5072,5072,呼局包段,,
东风7G,5074,5074,沈局吉段,,
东风7G,5076,5076,济局济段,,
东风7G,5078,5078,济局西段,,
东风7G,5081,5082,成局成段,,
东风7G,5084,5085,成局贵段,,
东风7G,5090,5090,沈阳铁博,,
东风7G,5091,5091,沈局锦段,,
东风7G,5095,5095,京局京段,,
东风7G,5096,5096,京局石段,,
东风7G,5097,5097,呼局集段,,
东风7G,5098,5098,呼局包段,,
东风7G,5101,5101,郑局洛段,,
东风7G,5102,5102,西局西段,,
东风7G,5103,5103,西局安段,,
东风7G,5104,5104,成局贵段,,
东风7G,5106,5106,成局成段,,
东风7G,5107,5107,成局重段,,
东风7G,5110,5110,兰局嘉段,,
东风7G,5111,5111,兰局迎段,,
东风7G,5112,5112,乌局库段,,
东风7G,5114,5114,青藏宁段,,
东风7G,5115,5115,青藏格段,,
东风7G,5123,5123,沈局苏段,,
东风7G,5124,5124,沈局锦段,,
东风7G,5126,5126,南局福段,,
东风7G,5127,5127,京局京段,,
东风7G,5129,5129,京局津段,,
东风7G,5132,5133,呼局包段,,
东风7G,5136,5136,郑局郑段,,
东风7G,5138,5138,西局新段,,
东风7G,5139,5140,西局西段,,
东风7G,5141,5141,西局新段,,
东风7G,5143,5143,武局襄段,,
东风7G,5145,5148,上局沪段,,
东风7G,5150,5150,南局福段,,
东风7G,5151,5153,广铁株段,,
东风7G,5156,5156,宁局邕段,,
东风7G,5157,5157,成局重段,,
东风7G,5158,5158,成局贵段,,
东风7G,5159,5159,成局成段,,
东风7G,5160,5160,乌局库段,,
东风7G,5161,5161,青藏宁段,,
东风7G,5162,5162,青藏格段,,
东风7G,5171,5171,郑局洛段,,
东风7G,5173,5173,海口磷矿,,
东风7G,5193,5193,暂无,,
东风7G,5196,5196,腾达西铁,,
东风7G,5245,5245,成局贵段,,
东风7G,5247,5247,包头钢铁,,
东风7G,5251,5251,包头钢铁,,
东风7G,8001,8002,青藏格段,,
东风7G,8003,8003,青藏宁段,,
东风7J,1,1,京局京段,,
东风8,3,3,武局南段,,
东风8,8,11,武局南段,,
东风8,13,15,武局南段,,
东风8,18,20,武局南段,,
东风8,22,41,武局南段,,
东风8,45,45,哈局牡段,,
东风8,70,70,哈局牡段,,
东风8,72,72,哈局牡段,,
东风8,74,74,哈局牡段,,
东风8,76,76,哈局牡段,,
东风8,78,78,哈局牡段,,
东风8,86,86,哈局牡段,,
东风8,89,91,哈局牡段,,
东风8,93,93,哈局牡段,,
东风8,97,97,哈局牡段,,
东风8,101,101,哈局牡段,,
东风8,105,107,哈局牡段,,
东风8,109,111,哈局牡段,,
东风8,115,117,哈局牡段,,
东风8,119,121,哈局牡段,,
东风8,124,124,哈局牡段,,
东风8,127,130,哈局牡段,,
东风8,132,141,哈局牡段,,
东风8B,1,1,青藏宁段,,
东风8B,2,2,上局合段,,
东风8B,3,3,上局宁东段,,
东风8B,4,4,青藏宁段,,
东风8B,5,7,京局唐段,,
东风8B,8,8,乌局哈段,,
东风8B,9,9,宁局柳段,,
东风8B,10,10,上局徐段,,
东风8B,12,12,上局徐段,,
东风8B,14,14,上局合段,,
东风8B,17,19,青藏宁段,,
东风8B,20,20,京局唐段,,
东风8B,21,21,宁局柳段,,
东风8B,23,23,宁局柳段,,
东风8B,25,26,青藏宁段,,
东风8B,27,27,京局唐段,,
东风8B,28,28,济局西段,,
东风8B,31,31,上局宁东段,,
东风8B,32,32,上局徐段,,
东风8B,33,36,青藏宁段,,
东风8B,37,38,上局宁东段,,
东风8B,39,39,上局徐段,,
东风8B,40,40,上局宁东段,,
东风8B,41,41,青藏宁段,,
东风8B,42,43,上局徐段,,
东风8B,45,45,呼局包段,,
东风8B,46,46,乌局库段,,
东风8B,48,48,宁局柳段,,
东风8B,49,49,昆局昆段,,
东风8B,50,50,宁局柳段,,
东风8B,51,53,济局西段,,
东风8B,54,54,济局济段,,
东风8B,55,56,济局西段,,
东风8B,57,57,济局济段,,
东风8B,59,59,上局翔段,,
东风8B,61,61,集通大段,,
东风8B,62,62,上局翔段,,
东风8B,63,63,集通大段,,
东风8B,64,64,宁局邕段,,
东风8B,65,65,郑局乡段,,
东风8B,66,66,成局西段,,
东风8B,67,67,济局西段,,
东风8B,68,68,宁局柳段,,
东风8B,69,69,哈局齐段,,
东风8B,70,70,上局宁东段,,
东风8B,73,74,上局宁东段,,
东风8B,78,78,乌局库段,,
东风8B,83,83,青藏宁段,,
东风8B,86,86,青藏宁段,,
东风8B,91,91,宁局邕段,,
东风8B,92,92,宁局柳段,,
东风8B,97,97,宁局邕段,,
东风8B,99,99,宁局邕段,,
东风8B,100,100,郑局乡段,,
东风8B,102,102,成局成段,,
东风8B,104,104,宁局柳段,,
东风8B,108,108,宁局邕段,,
东风8B,109,109,宁局柳段,,
东风8B,111,112,宁局柳段,,
东风8B,114,114,宁局柳段,,
东风8B,115,115,济局济段,,
东风8B,116,116,宁局邕段,,
东风8B,117,117,济局济段,,
东风8B,119,121,济局西段,,
东风8B,122,122,济局济段,,
东风8B,123,123,乌局库段,,
东风8B,124,124,郑局乡段,,
东风8B,125,125,宁局邕段,,
东风8B,126,126,郑局洛段,,
东风8B,128,128,成局成段,,
东风8B,129,129,宁局邕段,,
东风8B,131,132,宁局柳段,,
东风8B,136,136,太局太段,,
东风8B,141,141,太局侯段,,
东风8B,142,142,太局湖段,,
东风8B,145,145,太局太段,,
东风8B,149,150,京局邯段,,
东风8B,154,154,京局丰段,,
东风8B,155,155,京局津段,,
东风8B,157,157,京局邯段,,
东风8B,158,158,京局津段,,
东风8B,159,159,宁局柳段,,
东风8B,162,162,济局青段,,
东风8B,165,165,济局西段,,
东风8B,166,166,济局济段,,
东风8B,168,168,济局西段,,
东风8B,170,170,济局西段,,
东风8B,171,171,济局济段,,
东风8B,172,173,济局西段,,
东风8B,175,176,集通大段,,
东风8B,178,179,宁局邕段,,
东风8B,181,182,上局宁东段,,
东风8B,183,183,上局合段,,
东风8B,186,186,兰局兰段,,
东风8B,187,187,呼局集段,,
东风8B,192,192,呼局集段,,
东风8B,193,193,太局太段,,
东风8B,197,197,青藏宁段,,
东风8B,198,198,兰局兰段,,
东风8B,199,199,集通大段,,
东风8B,200,200,兰局嘉段,,
东风8B,201,201,兰局兰段,,
东风8B,207,207,兰局兰段,,
东风8B,208,219,天津南环铁路,,
东风8B,231,231,集通大段,,
东风8B,236,236,兰局兰段,,
东风8B,239,241,集通大段,,
东风8B,247,247,潞安公司,,
东风8B,277,277,淮南铁运,,
东风8B,281,281,淮南铁运,,
东风8B,286,286,中铁四局,,
东风8B,369,369,广通铁运,,
东风8B,5001,5001,青藏宁段,,
东风8B,5002,5002,乌局乌段,,
东风8B,5006,5007,太局湖段,,
东风8B,5008,5011,京局津段,,
东风8B,5012,5012,宁局柳段,,
东风8B,5016,5016,兰局兰段,,
东风8B,5018,5018,昆局昆段,,
东风8B,5019,5019,宁局邕段,,
东风8B,5020,5020,青藏宁段,,
东风8B,5021,5021,宁局柳段,,
东风8B,5022,5022,宁局邕段,,
东风8B,5024,5025,京局津段,,
东风8B,5026,5026,宁局邕段,,
东风8B,5027,5027,京局唐段,,
东风8B,5030,5031,兰局兰段,,
东风8B,5032,5032,太局太段,,
东风8B,5034,5034,郑局郑段,,
东风8B,5036,5037,郑局郑段,,
东风8B,5038,5038,集通大段,,
东风8B,5042,5043,郑局洛段,,
东风8B,5047,5047,乌局乌段,,
东风8B,5050,5050,兰局嘉段,,
东风8B,5053,5053,太局侯段,,
东风8B,5055,5055,上局宁东段,,
东风8B,5056,5056,郑局郑段,,
东风8B,5057,5057,太局太段,,
东风8B,5058,5058,济局济段,,
东风8B,5059,5059,太局侯段,,
东风8B,5060,5060,太局太段,,
东风8B,5062,5062,青藏宁段,,
东风8B,5063,5063,兰局兰段,,
东风8B,5064,5065,京局津段,,
东风8B,5066,5066,京局唐段,,
东风8B,5067,5067,宁局柳段,,
东风8B,5068,5068,京局丰段,,
东风8B,5069,5070,京局津段,,
东风8B,5071,5071,京局唐段,,
东风8B,5073,5073,京局津段,,
东风8B,5075,5075,太局太段,,
东风8B,5076,5076,青藏宁段,,
东风8B,5077,5078,兰局兰段,,
东风8B,5079,5079,成局重段,,
东风8B,5080,5080,上局翔段,,
东风8B,5084,5084,青藏宁段,,
东风8B,5085,5087,京局津段,,
东风8B,5088,5088,京局唐段,,
东风8B,5091,5091,京局津段,,
东风8B,5092,5092,宁局柳段,,
东风8B,5093,5093,京局唐段,,
东风8B,5097,5097,宁局邕段,,
东风8B,5099,5099,郑局郑段,,
东风8B,5103,5103,宁局邕段,,
东风8B,5105,5105,京局唐段,,
东风8B,5106,5106,京局怀段,,
东风8B,5107,5107,宁局柳段,,
东风8B,5108,5108,乌局乌段,,
东风8B,5109,5109,京局唐段,,
东风8B,5111,5112,济局西段,,
东风8B,5114,5114,宁局邕段,,
东风8B,5115,5115,太局侯段,,
东风8B,5116,5116,宁局柳段,,
东风8B,5118,5118,济局济段,,
东风8B,5119,5119,太局侯段,,
东风8B,5120,5120,上局徐段,,
东风8B,5123,5123,上局徐段,,
东风8B,5126,5126,太局太段,,
东风8B,5129,5130,上局宁东段,,
东风8B,5131,5131,乌局库段,,
东风8B,5133,5133,京局唐段,,
东风8B,5135,5135,兰局兰段,,
东风8B,5136,5136,京局丰段,,
东风8B,5137,5137,京局唐段,,
东风8B,5142,5142,乌局库段,,
东风8B,5147,5147,乌局库段,,
东风8B,5148,5149,济局济段,,
东风8B,5150,5150,济局青段,,
东风8B,5151,5152,济局西段,,
东风8B,5153,5153,兰局兰段,,
东风8B,5154,5154,成局成段,,
东风8B,5155,5155,成局重段,,
东风8B,5156,5156,乌局乌段,,
东风8B,5158,5158,成局重段,,
东风8B,5159,5159,京局唐段,,
东风8B,5160,5160,京局邯段,,
东风8B,5161,5161,京局唐段,,
东风8B,5163,5163,呼局包段,,
东风8B,5164,5164,呼局集段,,
东风8B,5165,5165,呼局包段,,
东风8B,5167,5167,宁局柳段,,
东风8B,5171,5171,京局唐段,,
东风8B,5172,5172,济局青段,,
东风8B,5173,5174,济局西段,,
东风8B,5177,5177,集通大段,,
东风8B,5178,5178,成局重段,,
东风8B,5179,5179,成局西段,,
东风8B,5180,5180,乌局库段,,
东风8B,5181,5181,成局重段,,
东风8B,5182,5182,太局侯段,,
东风8B,5183,5183,太局湖段,,
东风8B,5184,5184,成局西段,,
东风8B,5187,5187,济局青段,,
东风8B,5188,5188,上局宁东段,,
东风8B,5189,5189,济局西段,,
东风8B,5190,5190,京局怀段,,
东风8B,5192,5192,太局太段,,
东风8B,5193,5193,京局唐段,,
东风8B,5197,5198,京局唐段,,
东风8B,5200,5200,京局唐段,,
东风8B,5201,5202,宁局邕段,,
东风8B,5203,5203,宁局柳段,,
东风8B,5204,5204,郑局郑段,,
东风8B,5205,5205,宁局柳段,,
东风8B,5206,5206,宁局邕段,,
东风8B,5207,5207,宁局柳段,,
东风8B,5209,5209,成局西段,,
东风8B,5210,5210,济局西段,,
东风8B,5212,5212,京局丰段,,
东风8B,5214,5216,京局津段,,
东风8B,5217,5217,京局邯段,,
东风8B,5218,5218,京局津段,,
东风8B,5220,5220,京局唐段,,
东风8B,5223,5225,天津南环铁路,,
东风8B,5226,5226,京局津段,,
东风8B,5227,5227,宁局柳段,,
东风8B,5228,5228,京局唐段,,
东风8B,5232,5232,京局怀段,,
东风8B,5235,5235,京局怀段,,
东风8B,5236,5236,京局唐段,,
东风8B,5240,5240,宁局柳段,,
东风8B,5243,5244,济局西段,,
东风8B,5245,5245,济局青段,,
东风8B,5247,5247,上局徐段,,
东风8B,5250,5250,乌局乌段,,
东风8B,5252,5252,济局济段,,
东风8B,5254,5254,济局西段,,
东风8B,5256,5256,济局西段,,
东风8B,5259,5259,乌局库段,,
东风8B,5263,5264,京局津段,,
东风8B,5266,5266,京局津段,,
东风8B,5269,5269,青藏宁段,,
东风8B,5272,5272,昆局昆段,,
东风8B,5276,5277,上局宁东段,,
东风8B,5278,5278,上局徐段,,
东风8B,5279,5279,上局合段,,
东风8B,5280,5280,上局宁东段,,
东风8B,5281,5281,乌局哈段,,
东风8B,5285,5285,京局唐段,,
东风8B,5286,5286,京局怀段,,
东风8B,5288,5289,京局唐段,,
东风8B,5290,5290,宁局柳段,,
东风8B,5292,5292,京局怀段,,
东风8B,5293,5293,郑局郑段,,
东风8B,5294,5294,昆局昆段,,
东风8B,5297,5297,京局津段,,
东风8B,5298,5298,郑局郑段,,
东风8B,5299,5301,京局津段,,
东风8B,5303,5303,宁局柳段,,
东风8B,5305,5305,宁局柳段,,
东风8B,5306,5306,昆局昆段,,
东风8B,5307,5307,呼局集段,,
东风8B,5309,5309,乌局库段,,
东风8B,5310,5310,京局邯段,,
东风8B,5311,5311,乌局乌段,,
东风8B,5314,5314,宁局柳段,,
东风8B,5315,5315,乌局乌段,,
东风8B,5316,5316,青藏格段,,
东风8B,5318,5320,成局成段,,
东风8B,5321,5321,呼局集段,,
东风8B,5326,5326,呼局集段,,
东风8B,5329,5329,呼局包段,,
东风8B,5330,5330,呼局集段,,
东风8B,5333,5334,济局青段,,
东风8B,5336,5336,济局济段,,
东风8B,5337,5337,呼局集段,,
东风8B,5339,5340,济局青段,,
东风8B,5341,5341,青藏宁段,,
东风8B,5342,5343,济局青段,,
东风8B,5345,5345,太局湖段,,
东风8B,5346,5346,郑局郑段,,
东风8B,5347,5347,呼局包段,,
东风8B,5348,5348,宁局柳段,,
东风8B,5350,5350,宁局邕段,,
东风8B,5357,5357,郑局郑段,,
东风8B,5360,5360,乌局乌段,,
东风8B,5363,5363,集通大段,,
东风8B,5366,5366,济局青段,,
东风8B,5367,5367,济局西段,,
东风8B,5369,5369,乌局乌段,,
东风8B,5370,5370,京局丰段,,
东风8B,5373,5373,济局青段,,
东风8B,5381,5381,呼局包段,,
东风8B,5385,5385,郑局郑段,,
东风8B,5386,5386,郑局洛段,,
东风8B,5388,5388,宁局柳段,,
东风8B,5393,5393,西延公司,,
东风8B,5395,5396,呼局包段,,
东风8B,5397,5397,京局丰段,,
东风8B,5399,5399,集通大段,,
东风8B,5401,5401,呼局包段,,
东风8B,5403,5403,宁局柳段,,
东风8B,5405,5405,上局合段,,
东风8B,5407,5407,上局徐段,,
东风8B,5408,5409,上局合段,,
东风8B,5410,5411,上局徐段,,
东风8B,5412,5412,上局宁东段,,
东风8B,5414,5414,上局徐段,,
东风8B,5415,5415,呼局包段,,
东风8B,5419,5419,集通大段,,
东风8B,5421,5421,西延公司,,
东风8B,5424,5424,宁局柳段,,
东风8B,5427,5427,郑局乡段,,
东风8B,5431,5431,郑局郑段,,
东风8B,5432,5432,集通大段,,
东风8B,5433,5433,京局怀段,,
东风8B,5434,5434,上局宁东段,,
东风8B,5435,5435,乌局库段,,
东风8B,5437,5438,上局徐段,,
东风8B,5439,5439,上局合段,,
东风8B,5440,5440,上局宁东段,,
东风8B,5441,5441,上局合段,,
东风8B,5442,5443,上局徐段,,
东风8B,5444,5444,上局宁东段,,
东风8B,5445,5446,上局徐段,,
东风8B,5448,5448,上局宁东段,,
东风8B,5449,5449,乌局哈段,,
东风8B,5450,5451,上局徐段,,
东风8B,5452,5453,宁局邕段,,
东风8B,5456,5456,上局宁东段,,
东风8B,5457,5460,上局徐段,,
东风8B,5462,5462,济局青段,,
东风8B,5463,5463,京局石段,,
东风8B,5464,5464,京局津段,,
东风8B,5466,5466,济局青段,,
东风8B,5467,5467,济局西段,,
东风8B,5468,5468,济局济段,,
东风8B,5469,5469,京局津段,,
东风8B,5470,5470,南阳汉冶特钢,,
东风8B,5471,5472,京局唐段,,
东风8B,5475,5475,济局青段,,
东风8B,5478,5478,济局青段,,
东风8B,5479,5480,呼局集段,,
东风8B,5482,5482,呼局集段,,
东风8B,5484,5484,集通大段,,
东风8B,5488,5488,青藏宁段,,
东风8B,5491,5491,乌局哈段,,
东风8B,5492,5492,呼局包段,,
东风8B,5493,5493,青藏宁段,,
东风8B,5497,5497,乌局乌段,,
东风8B,5503,5503,乌局乌段,,
东风8B,5506,5506,乌局乌段,,
东风8B,5515,5515,西延公司,,
东风8B,5519,5519,京局津段,,
东风8B,5521,5522,宁局柳段,,
东风8B,5523,5523,郑局洛段,,
东风8B,5525,5526,集通大段,,
东风8B,5527,5528,宁局柳段,,
东风8B,5529,5529,郑局洛段,,
东风8B,5530,5530,宁局柳段,,
东风8B,5533,5533,呼局集段,,
东风8B,5535,5535,乌局乌段,,
东风8B,5537,5537,乌局乌段,,
东风8B,5538,5539,昆局昆段,,
东风8B,5540,5540,乌局乌段,,
东风8B,5544,5544,呼局集段,,
东风8B,5545,5545,乌局哈段,,
东风8B,5553,5553,太局太段,,
东风8B,5554,5554,太局湖段,,
东风8B,5555,5557,太局太段,,
东风8B,5559,5560,太局侯段,,
东风8B,5564,5566,太局湖段,,
东风8B,5568,5568,太局湖段,,
东风8B,5569,5569,集通大段,,
东风8B,5571,5571,呼局包段,,
东风8B,5573,5573,郑局乡段,,
东风8B,5574,5575,郑局洛段,,
东风8B,5576,5578,郑局乡段,,
东风8B,5592,5592,呼局集段,,
东风8B,5594,5594,昆局昆段,,
东风8B,5597,5598,呼局集段,,
东风8B,5599,5599,京局丰段,,
东风8B,5600,5600,呼局包段,,
东风8B,5604,5604,呼局集段,,
东风8B,5605,5605,呼局包段,,
东风8B,5607,5607,呼局包段,,
东风8B,5609,5609,呼局集段,,
东风8B,5619,5619,宁局柳段,,
东风8B,5620,5620,京局丰段,,
东风8B,5621,5621,宁局柳段,,
东风8B,5623,5623,京局丰段,,
东风8B,5625,5625,呼局集段,,
东风8B,5628,5629,呼局集段,,
东风8B,5631,5631,呼局集段,,
东风8B,5632,5632,呼局呼段,,
东风8B,5633,5633,呼局包段,,
东风8B,5670,5670,集通大段,,
东风8B,5675,5675,集通大段,,
东风8B,5678,5678,集通大段,,
东风8B,5687,5687,西延公司,,
东风8B,5696,5696,呼局运管,,
东风8B,5703,5704,集通大段,,
东风8B,5706,5706,集通大段,,
东风8B,5710,5710,集通大段,,
东风8B,5713,5713,集通大段,,
东风8B,5724,5725,西延公司,,
东风8B,5729,5730,西延公司,,
东风8B,5767,5767,山东高速,,
东风8B,5778,5778,晋神铁路,,
东风8B,5790,5790,德大铁路,,
东风8B,5806,5806,中铁三局,,
东风8B,5825,5825,暂无,,
东风8B,5842,5842,,,
东风8B,5846,5846,中铁三局,,
东风8B,5868,5868,,,
东风8B,5872,5872,,,
东风8B,5873,5873,广通铁运,,
东风8B,5876,5876,中铁十五局,,
东风8B,5881,5881,,,
东风8B,5890,5890,神铁运维,,
东风8B,5894,5894,中铁四局,,
东风8B,5904,5906,集通大段,,
东风8B,5908,5908,集通大段,,
东风8B,5910,5915,沿海公司,,
东风8B,5932,5932,集通大段,,
东风8B,5938,5939,山东高速,,
东风8B,7001,7001,宁局柳段,,
东风8B,9001,9002,青藏格段,,
东风8B,9004,9004,青藏宁段,,
东风8B,9005,9006,青藏格段,,
东风8B,9007,9007,青藏宁段,,
东风8B,9008,9008,呼局集段,,
东风8B,9010,9010,呼局包段,,
东风8BI,3068,3068,伊朗铁路,,
东风8BJ,1,1,,,
东风8CJ,1,2,郑局乡段,,
韶山3,1,2,呼局包段,,
韶山3,3,3,兰局嘉段,,
韶山3,5,5,兰局迎段,,
韶山3,6,7,兰局嘉段,,
韶山3,8,8,成局贵段,,
韶山3,10,10,武局襄段,,
韶山3,12,12,呼局包段,,
韶山3,16,16,沿海公司,,
韶山3,20,20,武局襄段,,
韶山3,29,29,沿海公司,,
韶山3,39,39,武局襄段,,
韶山3,40,40,兰局兰段,,
韶山3,42,42,郑局勉段,,
韶山3,44,44,武局襄段,,
韶山3,53,53,成局贵段,,
韶山3,54,54,兰局兰段,,
韶山3,64,64,南局南段,,
韶山3,85,85,成局成段,,
韶山3,98,100,沿海公司,,
韶山3,102,102,沿海公司,,
韶山3,103,103,太局湖段,,
韶山3,110,110,沿海公司,,
韶山3,114,114,成局重段,,
韶山3,118,118,南局鹰段,,
韶山3,129,129,成局成段,,
韶山3,135,135,成局成段,,
韶山3,136,136,成局贵段,,
韶山3,143,143,沿海公司,,
韶山3,145,145,广铁株段,,
韶山3,146,146,武局襄段,,
韶山3,149,149,武局襄段,,
韶山3,152,152,武局襄段,,
韶山3,160,160,武局襄段,,
韶山3,173,173,沿海公司,,
韶山3,187,187,成局成段,,
韶山3,190,192,成局成段,,
韶山3,195,195,昆局昆段,,
韶山3,214,214,成局贵段,,
韶山3,215,215,成局成段,,
韶山3,217,217,沿海公司,,
韶山3,219,219,沿海公司,,
韶山3,221,221,成局成段,,
韶山3,222,222,沿海公司,,
韶山3,223,223,宁局邕段,,
韶山3,228,228,成局贵段,,
韶山3,236,236,武局襄段,,
韶山3,246,246,兰局兰段,,
韶山3,270,270,兰局兰段,,
韶山3,292,292,成局重段,,
韶山3,305,305,昆局昆段,,
韶山3,308,308,昆局昆段,,
韶山3,316,317,昆局昆段,,
韶山3,319,319,成局贵段,,
韶山3,334,334,乌局乌段,,
韶山3,335,335,成局贵段,,
韶山3,350,350,郑局勉段,,
韶山3,353,353,成局重段,,
韶山3,354,354,沿海公司,,
韶山3,355,355,郑局勉段,,
韶山3,360,360,兰局嘉段,,
韶山3,376,376,宁局柳段,,
韶山3,383,383,兰局兰段,,
韶山3,411,411,兰局迎段,,
韶山3,418,418,成局成段,,
韶山3,439,439,宁局柳段,,
韶山3,443,443,广铁怀段,,
韶山3,445,448,沿海公司,,
韶山3,451,451,成局贵段,,
韶山3,461,461,宁局柳段,,
韶山3,467,467,广铁株段,,
韶山3,468,468,南局福段,,
韶山3,475,475,沿海公司,,
韶山3,496,496,武局江段,,
韶山3,509,509,广铁株段,,
韶山3,515,515,广铁怀段,,
韶山3,518,518,沿海公司,,
韶山3,523,523,武局江段,,
韶山3,536,536,成局贵段,,
韶山3,549,549,乌局乌段,,
韶山3,550,550,兰局嘉段,,
韶山3,559,559,乌局乌段,,
韶山3,589,590,乌局乌段,,
韶山3,596,596,郑局勉段,,
韶山3,603,603,西局新段,,
韶山3,608,608,沿海公司,,
韶山3,612,613,沿海公司,,
韶山3,617,617,广铁怀段,,
韶山3,627,627,广铁怀段,,
韶山3,631,631,广铁株段,,
韶山3,632,632,广铁怀段,,
韶山3,643,644,沿海公司,,
韶山3,646,646,沿海公司,,
韶山3,651,652,沿海公司,,
韶山3,655,655,京局京段,,
韶山3,670,670,西局新段,,
韶山3,812,812,成局成段,,
韶山3,4001,4002,成局西段,,
韶山3,4003,4003,成局成段,,
韶山3,4005,4005,成局西段,,
韶山3,4006,4011,成局成段,,
韶山3,4015,4016,成局成段,,
韶山3,4017,4017,成局西段,,
韶山3,4019,4020,成局成段,,
韶山3,4021,4021,兰局嘉段,,
韶山3,4023,4026,成局成段,,
韶山3,4027,4027,南局福段,,
韶山3,4031,4034,南局福段,,
韶山3,4044,4045,南局福段,,
韶山3,4047,4047,南局福段,,
韶山3,4049,4049,南局福段,,
韶山3,4052,4052,南局福段,,
韶山3,4055,4055,南局福段,,
韶山3,4056,4061,成局成段,,
韶山3,4063,4075,成局成段,,
韶山3,4076,4076,广铁怀段,,
韶山3,4084,4084,成局重段,,
韶山3,4085,4086,成局成段,,
韶山3,4087,4087,兰局嘉段,,
韶山3,4088,4092,成局成段,,
韶山3,4094,4094,成局贵段,,
韶山3,4095,4096,成局成段,,
韶山3,4098,4098,成局成段,,
韶山3,4100,4100,成局西段,,
韶山3,4103,4103,南局福段,,
韶山3,4106,4107,南局福段,,
韶山3,4109,4109,南局福段,,
韶山3,4111,4111,南局福段,,
韶山3,4113,4114,南局福段,,
韶山3,4120,4122,南局福段,,
韶山3,4124,4124,南局福段,,
韶山3,4136,4137,成局成段,,
韶山3,4138,4139,成局贵段,,
韶山3,4140,4143,成局成段,,
韶山3,4144,4144,成局西段,,
韶山3,4145,4145,成局成段,,
韶山3,4147,4147,广铁怀段,,
韶山3,4150,4150,广铁株段,,
韶山3,4155,4155,广铁株段,,
韶山3,4157,4159,广铁株段,,
韶山3,4161,4161,沿海公司,,
韶山3,4165,4165,成局贵段,,
韶山3,4167,4167,广铁株段,,
韶山3,4168,4169,宁局柳段,,
韶山3,4172,4172,沿海公司,,
韶山3,4174,4174,成局贵段,,
韶山3,4177,4177,广铁株段,,
韶山3,4179,4179,沿海公司,,
韶山3,4181,4181,广铁株段,,
韶山3,4184,4185,广铁怀段,,
韶山3,4186,4187,成局贵段,,
韶山3,4189,4190,成局成段,,
韶山3,4191,4192,成局贵段,,
韶山3,4194,4194,成局成段,,
韶山3,4195,4195,成局贵段,,
韶山3,4200,4200,兰局迎段,,
韶山3,4205,4205,兰局兰段,,
韶山3,4210,4210,兰局迎段,,
韶山3,4212,4212,兰局迎段,,
韶山3,4217,4218,兰局迎段,,
韶山3,4224,4224,呼局集段,,
韶山3,4226,4226,成局成段,,
韶山3,4228,4229,成局贵段,,
韶山3,4231,4232,成局贵段,,
韶山3,4234,4234,成局贵段,,
韶山3,4236,4236,成局贵段,,
韶山3,4237,4237,成局成段,,
韶山3,4238,4238,成局重段,,
韶山3,4240,4240,成局西段,,
韶山3,4241,4242,成局贵段,,
韶山3,4243,4243,成局重段,,
韶山3,4244,4244,成局贵段,,
韶山3,4245,4246,成局重段,,
韶山3,4247,4247,成局贵段,,
韶山3,4249,4249,成局贵段,,
韶山3,4250,4251,成局重段,,
韶山3,4252,4253,成局贵段,,
韶山3,4254,4254,成局重段,,
韶山3,4256,4256,成局重段,,
韶山3,4257,4257,成局贵段,,
韶山3,4259,4259,成局重段,,
韶山3,4260,4264,成局贵段,,
韶山3,4270,4270,昆局昆段,,
韶山3,4272,4272,成局贵段,,
韶山3,4274,4274,昆局昆段,,
韶山3,4277,4279,广铁怀段,,
韶山3,4283,4283,兰局迎段,,
韶山3,4286,4287,成局重段,,
韶山3,4289,4289,成局贵段,,
韶山3,4290,4290,成局重段,,
韶山3,4291,4291,成局西段,,
韶山3,4292,4293,成局重段,,
韶山3,4294,4294,呼局集段,,
韶山3,4295,4295,成局重段,,
韶山3,4299,4299,昆局昆段,,
韶山3,4301,4301,成局贵段,,
韶山3,4302,4302,成局成段,,
韶山3,4303,4303,成局贵段,,
韶山3,4304,4304,成局西段,,
韶山3,4305,4306,兰局迎段,,
韶山3,4312,4312,兰局迎段,,
韶山3,4314,4314,兰局迎段,,
韶山3,4316,4316,兰局迎段,,
韶山3,4318,4318,兰局迎段,,
韶山3,4319,4319,兰局兰段,,
韶山3,4321,4321,兰局迎段,,
韶山3,4325,4325,兰局迎段,,
韶山3,4326,4330,成局西段,,
韶山3,4332,4346,成局西段,,
韶山3,4347,4347,呼局集段,,
韶山3,4348,4348,成局西段,,
韶山3,4349,4349,成局贵段,,
韶山3,4350,4350,成局西段,,
韶山3,4351,4351,成局成段,,
韶山3,4352,4352,成局重段,,
韶山3,4354,4354,成局西段,,
韶山3,4356,4356,成局重段,,
韶山3,4357,4357,成局贵段,,
韶山3,4358,4358,成局重段,,
韶山3,4359,4359,成局贵段,,
韶山3,4360,4360,成局重段,,
韶山3,4361,4362,成局成段,,
韶山3,4363,4363,成局重段,,
韶山3,4364,4364,成局西段,,
韶山3,4365,4365,成局贵段,,
韶山3,4366,4370,成局西段,,
韶山3,4371,4372,成局成段,,
韶山3,4373,4378,成局西段,,
韶山3,4380,4380,成局重段,,
韶山3,4381,4381,昆局昆段,,
韶山3,4383,4383,昆局昆段,,
韶山3,4386,4386,昆局昆段,,
韶山3,4390,4390,昆局昆段,,
韶山3,4397,4397,昆局昆段,,
韶山3,4402,4402,昆局昆段,,
韶山3,4406,4406,昆局昆段,,
韶山3,4409,4412,昆局昆段,,
韶山3,4414,4414,昆局昆段,,
韶山3,4417,4418,昆局昆段,,
韶山3,4420,4420,兰局迎段,,
韶山3,4421,4422,南局福段,,
韶山3,4424,4431,南局福段,,
韶山3,4432,4432,兰局迎段,,
韶山3,4433,4433,成局西段,,
韶山3,4434,4435,呼局集段,,
韶山3,4436,4437,兰局迎段,,
韶山3,4438,4439,成局西段,,
韶山3,4440,4440,兰局兰段,,
韶山3,4441,4441,兰局迎段,,
韶山3,4442,4442,郑局洛段,,
韶山3,4444,4444,兰局迎段,,
韶山3,4445,4447,呼局集段,,
韶山3,4448,4448,兰局迎段,,
韶山3,4449,4449,呼局集段,,
韶山3,4450,4450,兰局迎段,,
韶山3,4451,4451,成局贵段,,
韶山3,4454,4454,呼局集段,,
韶山3,4455,4455,兰局迎段,,
韶山3,4460,4460,呼局集段,,
韶山3,4461,4461,兰局迎段,,
韶山3,4462,4465,呼局集段,,
韶山3,4466,4466,兰局兰段,,
韶山3,4467,4468,西局安段,,
韶山3,4469,4469,兰局嘉段,,
韶山3,4470,4470,兰局迎段,,
韶山3,4471,4472,呼局集段,,
韶山3,4473,4473,兰局兰段,,
韶山3,4474,4474,兰局迎段,,
韶山3,4475,4475,兰局兰段,,
韶山3,4476,4476,成局西段,,
韶山3,4477,4477,成局成段,,
韶山3,4478,4479,成局西段,,
韶山3,4481,4481,兰局迎段,,
韶山3,4482,4492,昆局昆段,,
韶山3,4493,4493,太局太段,,
韶山3,4495,4495,成局成段,,
韶山3,4496,4497,成局西段,,
韶山3,4498,4498,成局成段,,
韶山3,4499,4499,成局西段,,
韶山3,4500,4506,成局贵段,,
韶山3,4507,4507,成局西段,,
韶山3,4508,4508,成局贵段,,
韶山3,4509,4509,成局西段,,
韶山3,4510,4512,成局贵段,,
韶山3,4514,4514,昆局昆段,,
韶山3,4516,4517,昆局昆段,,
韶山3,4519,4521,昆局昆段,,
韶山3,4523,4524,昆局昆段,,
韶山3,4526,4527,成局西段,,
韶山3,4529,4529,成局西段,,
韶山3,4531,4531,成局贵段,,
韶山3,4533,4533,成局贵段,,
韶山3,4534,4534,成局西段,,
韶山3,4535,4537,成局成段,,
韶山3,4538,4538,成局贵段,,
韶山3,4539,4539,成局西段,,
韶山3,4540,4540,成局重段,,
韶山3,4541,4550,昆局昆段,,
韶山3,5029,5029,昆局昆段,,
韶山3,5030,5030,成局贵段,,
韶山3,5032,5032,昆局昆段,,
韶山3,5034,5035,兰局迎段,,
韶山3,5037,5038,兰局迎段,,
韶山3,5042,5042,兰局兰段,,
韶山3,5044,5044,呼局集段,,
韶山3,5046,5046,兰局迎段,,
韶山3,5047,5047,呼局集段,,
韶山3,5053,5053,兰局兰段,,
韶山3,5056,5056,兰局嘉段,,
韶山3,5059,5061,成局成段,,
韶山3,5062,5062,成局西段,,
韶山3,5063,5067,成局成段,,
韶山3,5068,5070,广铁怀段,,
韶山3,5073,5074,广铁怀段,,
韶山3,5076,5077,广铁怀段,,
韶山3,5079,5079,广铁怀段,,
韶山3,5081,5081,广铁株段,,
韶山3,5083,5083,成局成段,,
韶山3,5086,5086,成局重段,,
韶山3,5087,5088,成局成段,,
韶山3,5090,5093,成局贵段,,
韶山3,5094,5094,成局成段,,
韶山3,5096,5100,成局贵段,,
韶山3,5106,5106,成局贵段,,
韶山3,5107,5107,成局成段,,
韶山3,5108,5110,成局重段,,
韶山3,5111,5111,成局成段,,
韶山3,5112,5112,成局贵段,,
韶山3,5113,5113,成局成段,,
韶山3,5115,5115,成局重段,,
韶山3,5117,5117,成局重段,,
韶山3,5118,5119,成局西段,,
韶山3,5121,5123,成局西段,,
韶山3,5124,5124,成局成段,,
韶山3,5125,5125,成局西段,,
韶山3,5126,5126,兰局迎段,,
韶山3,5127,5127,兰局兰段,,
韶山3,5129,5129,兰局迎段,,
韶山3,5131,5131,成局贵段,,
韶山3,5132,5132,成局成段,,
韶山3,5133,5133,成局西段,,
韶山3,5134,5134,成局贵段,,
韶山3,5135,5135,成局西段,,
韶山3,5136,5136,成局贵段,,
韶山3,5137,5137,成局西段,,
韶山3,5139,5140,成局西段,,
韶山3,5141,5141,成局成段,,
韶山3,5142,5146,成局西段,,
韶山3,5147,5149,成局贵段,,
韶山3,5150,5151,成局西段,,
韶山3,5152,5152,沿海公司,,
韶山3,5153,5153,兰局迎段,,
韶山3,5156,5156,宁局柳段,,
韶山3,5161,5161,昆局昆段,,
韶山3,5163,5164,成局成段,,
韶山3,5166,5166,成局重段,,
韶山3,5168,5168,成局贵段,,
韶山3,5169,5170,成局成段,,
韶山3,5171,5172,成局西段,,
韶山3,5173,5173,成局成段,,
韶山3,5174,5174,成局西段,,
韶山3,5175,5176,成局成段,,
韶山3,5177,5177,成局西段,,
韶山3,5178,5179,成局成段,,
韶山3,5180,5180,成局贵段,,
韶山3,5181,5181,成局成段,,
韶山3,5182,5182,成局西段,,
韶山3,5183,5183,成局贵段,,
韶山3,5184,5185,成局成段,,
韶山3,5186,5186,成局西段,,
韶山3,5187,5187,成局成段,,
韶山3,5188,5188,成局西段,,
韶山3,5189,5190,成局成段,,
韶山3,5191,5191,成局西段,,
韶山3,5192,5192,成局成段,,
韶山3,5193,5193,成局西段,,
韶山3,5194,5194,成局成段,,
韶山3,5195,5195,成局贵段,,
韶山3,5196,5197,成局西段,,
韶山3,5198,5198,成局成段,,
韶山3,5199,5199,成局西段,,
韶山3,5201,5201,成局成段,,
韶山3,5202,5204,成局西段,,
韶山3,5205,5206,成局成段,,
韶山3,5207,5207,成局西段,,
韶山3,5208,5208,成局成段,,
韶山3,5209,5209,呼局集段,,
韶山3,5212,5213,兰局迎段,,
韶山3,5220,5220,呼局集段,,
韶山3,5221,5221,兰局嘉段,,
韶山3,5222,5222,呼局集段,,
韶山3,5224,5224,呼局集段,,
韶山3,5226,5226,呼局集段,,
韶山3,5228,5228,呼局集段,,
韶山3,5230,5232,昆局昆段,,
韶山3,5233,5233,成局贵段,,
韶山3,5234,5235,成局西段,,
韶山3,5236,5237,成局贵段,,
韶山3,5238,5238,成局成段,,
韶山3,5239,5240,成局西段,,
韶山3,5241,5251,成局贵段,,
韶山3,6008,6008,郑局勉段,,
韶山3,6011,6011,西局安段,,
韶山3,6015,6015,郑局勉段,,
韶山3,6018,6020,沿海公司,,
韶山3,6022,6022,沿海公司,,
韶山3,6024,6024,宁局邕段,,
韶山3,6027,6027,京局京段,,
韶山3,6029,6030,沿海公司,,
韶山3,6031,6031,广铁株段,,
韶山3,6036,6036,京局京段,,
韶山3,6044,6044,京局京段,,
韶山3,6051,6051,沿海公司,,
韶山3,6056,6056,京局京段,,
韶山3,6057,6057,沿海公司,,
韶山3,6058,6058,广铁怀段,,
韶山3,6062,6062,宁局柳段,,
韶山3,6064,6064,成局贵段,,
韶山3,6069,6069,宁局柳段,,
韶山3,6073,6073,沿海公司,,
韶山3,6088,6088,京局京段,,
韶山3,8001,8002,沿海公司,,
韶山3,8003,8005,成局贵段,,
韶山3,8006,8006,成局西段,,
韶山3,8007,8008,成局贵段,,
韶山3,8009,8009,成局西段,,
韶山3,8010,8011,成局贵段,,
韶山3,8012,8015,成局西段,,
韶山3,8016,8027,昆局昆段,,
韶山3,8028,8028,成局贵段,,
韶山3,8029,8030,成局西段,,
韶山3,8031,8032,成局贵段,,
韶山3,8033,8033,成局西段,,
韶山3,8034,8039,成局贵段,,
韶山3,8040,8040,成局西段,,
韶山3,8041,8042,成局贵段,,
韶山3,8043,8043,成局重段,,
韶山3,8044,8044,成局贵段,,
韶山3,8045,8047,成局西段,,
韶山3,8048,8049,成局重段,,
韶山3,8051,8054,成局重段,,
韶山3,8055,8055,成局西段,,
韶山3,8056,8057,成局重段,,
韶山3B,1,11,成局贵段,,
韶山3B,13,14,昆局昆段,,
韶山3B,15,15,成局贵段,,
韶山3B,17,17,昆局昆段,,
韶山3B,18,20,成局贵段,,
韶山3B,21,21,昆局昆段,,
韶山3B,22,22,成局贵段,,
韶山3B,24,24,昆局昆段,,
韶山3B,25,25,成局贵段,,
韶山3B,26,27,昆局昆段,,
韶山3B,29,29,成局贵段,,
韶山3B,31,35,成局贵段,,
韶山3B,37,44,成局贵段,,
韶山3B,45,47,昆局昆段,,
韶山3B,48,48,成局贵段,,
韶山3B,50,51,昆局昆段,,
韶山3B,52,60,成局贵段,,
韶山3B,62,68,成局贵段,,
韶山3B,69,69,宁局柳段,,
韶山3B,71,71,成局贵段,,
韶山3B,73,73,成局贵段,,
韶山3B,74,76,昆局昆段,,
韶山3B,77,77,成局贵段,,
韶山3B,78,79,昆局昆段,,
韶山3B,80,80,成局贵段,,
韶山3B,81,82,昆局昆段,,
韶山3B,83,85,成局贵段,,
韶山3B,87,87,成局贵段,,
韶山3B,88,90,昆局昆段,,
韶山3B,91,94,成局贵段,,
韶山3B,95,95,郑局洛段,,
韶山3B,96,96,成局贵段,,
韶山3B,98,103,昆局昆段,,
韶山3B,118,118,东乌铁路,,
韶山3B,122,122,三新铁路,,
韶山3B,5002,5011,成局贵段,,
韶山3B,5013,5019,成局贵段,,
韶山3B,5020,5025,昆局昆段,,
韶山3B,5028,5033,昆局昆段,,
韶山3B,5037,5037,宁局柳段,,
韶山3B,5039,5048,宁局柳段,,
韶山3B,5050,5061,宁局柳段,,
韶山3B,5062,5062,成局贵段,,
韶山3B,5063,5063,昆局昆段,,
韶山3B,5064,5068,成局贵段,,
韶山3B,5069,5069,昆局昆段,,
韶山3B,5070,5071,成局贵段,,
韶山3B,5073,5075,昆局昆段,,
韶山3B,5076,5076,成局贵段,,
韶山3B,5077,5077,昆局昆段,,
韶山3B,5078,5081,成局贵段,,
韶山3B,5082,5083,昆局昆段,,
韶山3B,5084,5086,成局贵段,,
韶山3B,5088,5088,成局贵段,,
韶山3B,5089,5091,昆局昆段,,
韶山3B,5092,5095,成局贵段,,
韶山3B,5096,5096,昆局昆段,,
韶山3B,5097,5097,成局贵段,,
韶山3B,5098,5100,昆局昆段,,
韶山3B,5101,5102,成局贵段,,
韶山3B,5103,5103,昆局昆段,,
韶山3B,6001,6010,昆局昆段,,
韶山3B,6011,6018,成局贵段,,
韶山3B,6019,6020,昆局昆段,,
韶山3B,6022,6023,昆局昆段,,
韶山3B,6024,6024,西局安段,,
韶山3B,6025,6032,成局贵段,,
韶山3B,6033,6033,宁局柳段,,
韶山3B,6034,6034,成局贵段,,
韶山3B,6035,6035,宁局柳段,,
韶山3B,6036,6036,昆局昆段,,
韶山3B,6037,6037,广铁怀段,,
韶山3B,6039,6039,广铁怀段,,
韶山3B,6040,6040,昆局昆段,,
韶山3B,6041,6041,广铁怀段,,
韶山3B,6043,6044,昆局昆段,,
韶山3B,6047,6048,昆局昆段,,
韶山3B,6049,6050,成局贵段,,
韶山3B,6051,6055,宁局柳段,,
韶山3B,6056,6057,成局贵段,,
韶山3B,6059,6060,成局贵段,,
韶山3B,6062,6062,昆局昆段,,
韶山3B,6063,6065,成局贵段,,
韶山3B,6067,6072,成局贵段,,
韶山3B,6073,6074,昆局昆段,,
韶山3B,6075,6078,成局贵段,,
韶山3B,6079,6083,宁局柳段,,
韶山3B,6085,6086,昆局昆段,,
韶山3B,6087,6087,成局贵段,,
韶山3B,6088,6088,昆局昆段,,
韶山3B,6089,6090,成局贵段,,
韶山3B,6091,6091,昆局昆段,,
韶山3B,6093,6095,昆局昆段,,
韶山3B,6096,6096,成局贵段,,
韶山3B,6097,6097,昆局昆段,,
韶山3B,6098,6101,成局贵段,,
韶山3B,6103,6103,成局贵段,,
韶山3B,6104,6107,昆局昆段,,
韶山3B,6109,6109,昆局昆段,,
韶山3B,6110,6110,广铁怀段,,
韶山3B,6111,6119,成局贵段,,
韶山3B,6120,6120,昆局昆段,,
韶山3B,6123,6123,昆局昆段,,
韶山3B,6125,6125,昆局昆段,,
韶山3B,6127,6127,昆局昆段,,
韶山3B,6173,6173,成局贵段,,
韶山3B,7001,7001,西局安段,,
韶山4C,1,2,京局石段,,
韶山6,3,4,郑局乡段,,
韶山6,5,5,郑局洛段,,
韶山6,6,6,郑局乡段,,
韶山6,12,14,郑局洛段,,
韶山6,15,15,郑局乡段,,
韶山6,16,19,郑局洛段,,
韶山6,21,22,郑局洛段,,
韶山6,25,26,郑局洛段,,
韶山6,29,34,郑局洛段,,
韶山6,36,38,郑局洛段,,
韶山6,40,40,郑局郑段,,
韶山6,41,41,郑局洛段,,
韶山6,43,45,郑局洛段,,
韶山6B,1001,1009,西局西段,,
韶山6B,1012,1024,西局西段,,
韶山6B,1027,1027,广铁株段,,
韶山6B,1028,1029,武局襄段,,
韶山6B,1030,1033,广铁株段,,
韶山6B,1035,1035,广铁株段,,
韶山6B,1039,1040,武局襄段,,
韶山6B,1042,1042,武局襄段,,
韶山6B,1043,1043,广铁株段,,
韶山6B,1047,1048,广铁株段,,
韶山6B,1049,1049,武局襄段,,
韶山6B,1051,1052,广铁株段,,
韶山6B,1053,1053,武局襄段,,
韶山6B,1054,1054,广铁株段,,
韶山6B,1055,1056,武局襄段,,
韶山6B,1058,1058,武局襄段,,
韶山6B,1059,1059,广铁株段,,
韶山6B,1060,1069,武局襄段,,
韶山6B,1070,1070,广铁株段,,
韶山6B,1071,1071,武局襄段,,
韶山6B,1074,1080,武局襄段,,
韶山6B,1082,1087,武局襄段,,
韶山6B,1089,1095,武局襄段,,
韶山6B,1097,1110,武局襄段,,
韶山6B,1112,1123,武局襄段,,
韶山6B,1125,1127,武局襄段,,
韶山6B,1128,1128,漯阜铁路,,
韶山6B,1129,1143,武局襄段,,
韶山6B,1145,1146,武局襄段,,
韶山6B,1164,1164,武局襄段,,
韶山6B,6003,6003,武局襄段,,
韶山6B,6004,6004,广铁株段,,
韶山6B,6006,6006,武局襄段,,
韶山6B,6007,6011,广铁株段,,
韶山6B,6012,6013,武局襄段,,
韶山6B,6017,6017,广铁株段,,
韶山6B,6019,6019,广铁株段,,
韶山6B,6020,6021,武局襄段,,
韶山6B,6023,6023,武局襄段,,
韶山6B,6025,6030,武局襄段,,
韶山6B,6031,6031,广铁株段,,
韶山6B,6032,6034,武局襄段,,
韶山6B,6036,6039,武局襄段,,
韶山6B,6041,6041,武局襄段,,
韶山6B,6042,6042,广铁株段,,
韶山6B,6043,6045,武局襄段,,
韶山6B,6047,6049,武局襄段,,
韶山6B,6050,6050,广铁株段,,
韶山6B,6051,6052,漯阜铁路,,
韶山6B,6053,6053,武局襄段,,
韶山7,112,113,孝柳铁路,,
韶山7C,1,1,成局重段,,
韶山7C,2,2,西局西段,,
韶山7C,3,3,成局重段,,
韶山7C,4,5,西局安段,,
韶山7C,6,9,成局重段,,
韶山7C,10,10,兰局迎段,,
韶山7C,11,11,西局安段,,
韶山7C,12,12,西局西段,,
韶山7C,13,13,成局重段,,
韶山7C,14,16,西局西段,,
韶山7C,17,17,成局重段,,
韶山7C,18,18,西局西段,,
韶山7C,19,21,兰局迎段,,
韶山7C,22,22,成局重段,,
韶山7C,24,31,兰局迎段,,
韶山7C,32,34,成局重段,,
韶山7C,36,36,成局重段,,
韶山7C,37,37,广铁株段,,
韶山7C,38,39,成局重段,,
韶山7C,40,40,西局西段,,
韶山7C,42,42,西局西段,,
韶山7C,43,43,成局重段,,
韶山7C,44,44,兰局兰段,,
韶山7C,45,45,成局重段,,
韶山7C,46,48,兰局迎段,,
韶山7C,49,49,成局重段,,
韶山7C,51,52,西局西段,,
韶山7C,53,53,兰局迎段,,
韶山7C,54,54,成局重段,,
韶山7C,55,55,西局安段,,
韶山7C,56,56,兰局迎段,,
韶山7C,57,58,西局安段,,
韶山7C,59,59,兰局迎段,,
韶山7C,60,60,西局西段,,
韶山7C,61,62,兰局迎段,,
韶山7C,63,67,成局重段,,
韶山7C,68,68,兰局迎段,,
韶山7C,69,73,西局西段,,
韶山7C,74,75,西局安段,,
韶山7C,76,81,成局重段,,
韶山7C,82,82,西局西段,,
韶山7C,83,83,成局重段,,
韶山7C,84,84,兰局迎段,,
韶山7C,85,85,成局重段,,
韶山7C,86,86,西局西段,,
韶山7C,87,87,成局重段,,
韶山7C,88,89,兰局迎段,,
韶山7C,90,90,广铁株段,,
韶山7C,91,91,西局西段,,
韶山7C,92,96,成局重段,,
韶山7C,97,98,兰局迎段,,
韶山7C,99,99,广铁株段,,
韶山7C,100,100,成局重段,,
韶山7C,101,101,兰局迎段,,
韶山7C,102,103,兰局兰段,,
韶山7C,104,104,广铁株段,,
韶山7C,105,105,西局安段,,
韶山7C,106,106,西局西段,,
韶山7C,107,107,兰局迎段,,
韶山7C,108,108,西局安段,,
韶山7C,109,109,西局西段,,
韶山7C,110,110,成局重段,,
韶山7C,111,113,兰局迎段,,
韶山7C,114,114,西局西段,,
韶山7C,115,115,成局重段,,
韶山7C,117,117,西局西段,,
韶山7C,118,119,兰局迎段,,
韶山7C,120,120,昆局昆段,,
韶山7C,121,123,兰局迎段,,
韶山7C,124,124,昆局昆段,,
韶山7C,126,126,西局西段,,
韶山7C,127,127,昆局昆段,,
韶山7C,128,129,兰局迎段,,
韶山7C,130,130,西局西段,,
韶山7C,131,131,昆局昆段,,
韶山7C,132,133,西局西段,,
韶山7C,134,134,西局安段,,
韶山7C,135,135,成局重段,,
韶山7C,136,136,武局襄段,,
韶山7C,137,140,成局重段,,
韶山7C,141,141,西局西段,,
韶山7C,142,142,成局重段,,
韶山7C,143,143,西局安段,,
韶山7C,144,148,成局重段,,
韶山7C,149,149,兰局迎段,,
韶山7C,150,152,成局重段,,
韶山7C,154,154,成局重段,,
韶山7C,156,156,广铁株段,,
韶山7C,161,161,成局重段,,
韶山7C,162,162,昆局昆段,,
韶山7C,165,165,昆局昆段,,
韶山7C,167,167,成局重段,,
韶山7C,168,168,兰局迎段,,
韶山7C,169,170,成局重段,,
韶山7C,171,171,西局西段,,
韶山8,6,8,郑局郑段,,
韶山8,10,10,郑局郑段,,
韶山8,13,14,郑局郑段,,
韶山8,18,18,郑局郑段,,
韶山8,19,19,京局邯段,,
韶山8,21,23,郑局郑段,,
韶山8,26,26,郑局郑段,,
韶山8,28,28,郑局郑段,,
韶山8,37,37,郑局郑段,,
韶山8,42,42,京局邯段,,
韶山8,46,47,上局沪段,,
韶山8,53,53,京局京段,,
韶山8,54,54,南局南段,,
韶山8,58,59,上局沪段,,
韶山8,60,60,京局邯段,,
韶山8,61,61,京局京段,,
韶山8,62,62,京局邯段,,
韶山8,63,63,广铁广段,,
韶山8,66,66,广铁广段,,
韶山8,68,68,上局沪段,,
韶山8,69,69,京局邯段,,
韶山8,71,71,京局京段,,
韶山8,75,76,广铁广段,,
韶山8,77,78,京局邯段,,
韶山8,79,79,京局京段,,
韶山8,80,80,京局邯段,,
韶山8,82,82,上局沪段,,
韶山8,86,87,上局沪段,,
韶山8,105,105,京局邯段,,
韶山8,106,106,京局京段,,
韶山8,107,107,京局邯段,,
韶山8,112,113,南局福段,,
韶山8,117,117,南局福段,,
韶山8,120,120,广铁广段,,
韶山8,129,129,南局福段,,
韶山8,135,135,广铁广段,,
韶山8,137,138,广铁广段,,
韶山8,139,139,广铁长段,,
韶山8,140,140,广铁广段,,
韶山8,142,143,广铁广段,,
韶山8,145,147,广铁广段,,
韶山8,149,155,广铁广段,,
韶山8,157,158,广铁广段,,
韶山8,159,159,广铁长段,,
韶山8,160,162,广铁广段,,
韶山8,164,164,广铁长段,,
韶山8,165,165,广铁广段,,
韶山8,167,168,广铁长段,,
韶山8,169,170,广铁广段,,
韶山8,174,174,广铁广段,,
韶山8,175,175,上局沪段,,
韶山8,176,178,广铁广段,,
韶山8,179,179,上局沪段,,
韶山8,180,180,广铁长段,,
韶山8,182,185,广铁广段,,
韶山8,187,190,广铁广段,,
韶山8,193,193,广铁广段,,
韶山8,194,196,上局沪段,,
韶山8,198,199,广铁长段,,
韶山8,206,206,上局沪段,,
韶山8,207,209,广铁长段,,
韶山8,210,210,上局沪段,,
韶山8,211,211,广铁长段,,
韶山8,212,212,上局沪段,,
韶山8,213,213,广铁长段,,
韶山8,215,227,广铁长段,,
韶山8,229,232,广铁长段,,
韶山8,233,233,上局沪段,,
韶山8,234,243,广铁长段,,
韶山8,2001,2002,上局沪段,,
韶山9,4,4,沈局沈段,,
韶山9,44,51,京局京段,,
韶山9,52,52,沈局辽段,,
韶山9,53,53,京局京段,,
韶山9,54,77,沈局辽段,,
韶山9,78,78,沈局沈段,,
韶山9,79,79,沈局辽段,,
韶山9,80,80,沈局沈段,,
韶山9,81,81,上局沪段,,
韶山9,82,88,沈局沈段,,
韶山9,90,91,沈局沈段,,
韶山9,92,101,广铁广段,,
韶山9,102,105,沈局辽段,,
韶山9,106,106,沈局沈段,,
韶山9,108,108,沈局辽段,,
韶山9,109,109,沈局沈段,,
韶山9,110,110,沈局辽段,,
韶山9,111,112,沈局沈段,,
韶山9,113,113,京局京段,,
韶山9,114,114,沈局沈段,,
韶山9,115,115,京局京段,,
韶山9,116,121,沈局沈段,,
韶山9,122,122,上局沪段,,
韶山9,123,125,京局京段,,
韶山9,126,126,沈局沈段,,
韶山9,127,127,京局京段,,
韶山9,128,128,武局南段,,
韶山9,129,129,沈局沈段,,
韶山9,130,132,武局南段,,
韶山9,133,133,京局京段,,
韶山9,134,134,武局南段,,
韶山9,135,136,沈局沈段,,
韶山9,137,137,京局京段,,
韶山9,138,139,武局南段,,
韶山9,140,140,沈局沈段,,
韶山9,141,142,京局京段,,
韶山9,143,143,武局南段,,
韶山9,144,144,沈局沈段,,
韶山9,145,149,京局京段,,
韶山9,150,154,广铁广段,,
韶山9,155,155,上局沪段,,
韶山9,156,156,京局京段,,
韶山9,157,158,武局南段,,
韶山9,159,160,上局沪段,,
韶山9,161,162,沈局沈段,,
韶山9,163,173,上局沪段,,
韶山9,174,187,京局京段,,
韶山9,188,189,沈局沈段,,
韶山9,190,194,武局南段,,
韶山9,195,195,上局沪段,,
韶山9,196,198,广铁广段,,
韶山9,199,203,沈局沈段,,
韶山9,204,204,上局沪段,,
韶山9,205,207,沈局沈段,,
韶山9,208,208,上局沪段,,
韶山9,209,212,沈局沈段,,
韶山9,213,213,上局沪段,,
韶山J3,1,1,沈局苏段,,
